observation_id,year,exporter,destination,hs4_code,observed_exports_usd,illustrative_exports_usd,model,split,predicted_exports_usd,signed_error_usd,absolute_error_usd,percentage_error,scenario_error_usd
85,2023,Canada,China,1001,762849818,,1,training_final,887691907.29255104,124842089.29255104,124842089.29255104,16.365225021598032,
86,2023,Canada,China,8703,472711690,,1,training_final,751950610.78287327,279238920.78287327,279238920.78287327,59.071718912403725,
87,2023,Canada,Germany,1001,3222402,,1,training_final,6235156.8696985887,3012754.8696985887,3012754.8696985887,93.494072735139468,
88,2023,Canada,Germany,8703,113517620,,1,training_final,146380775.98171738,32863155.981717378,32863155.981717378,28.949828213203709,
89,2023,Canada,Japan,1001,707985427,,1,training_final,447997365.97429436,-259988061.02570564,259988061.02570564,-36.722233411974685,
90,2023,Canada,Japan,8703,24174594,,1,training_final,43655228.887704678,19480634.887704678,19480634.887704678,80.583090196694414,
91,2023,Canada,Mexico,1001,264496531,,1,training_final,95330816.636059105,-169165714.36394089,169165714.36394089,-63.957630644290333,
92,2023,Canada,Mexico,8703,374072438,,1,training_final,219152008.09607917,-154920429.90392083,154920429.90392083,-41.414553483868495,
93,2023,Canada,United Kingdom,1001,217501517,,1,training_final,74840804.094774589,-142660712.9052254,142660712.9052254,-65.590674894109085,
94,2023,Canada,United Kingdom,8703,10056711,,1,training_final,10281541.390188534,224830.39018853381,224830.39018853381,2.2356254464161673,
95,2023,Canada,United States,1001,759850744,,1,training_final,930481799.41995323,170631055.41995323,170631055.41995323,22.455864755980713,
96,2023,Canada,United States,8703,35250840127,,1,training_final,20236301097.632679,-15014539029.367321,15014539029.367321,-42.593421817107554,
97,2023,China,Canada,1001,3865,,1,training_final,1402.7428195313107,-2462.2571804686895,2462.2571804686895,-63.706524721052766,
98,2023,China,Canada,8703,1930453085,,1,training_final,430432476.74755454,-1500020608.2524455,1500020608.2524455,-77.703033547300393,
99,2023,China,Germany,1001,0,,1,training_final,679.66766144757446,679.66766144757446,679.66766144757446,,
100,2023,China,Germany,8703,4544367308,,1,training_final,664531763.41271639,-3879835544.5872836,3879835544.5872836,-85.37680344978142,
101,2023,China,Japan,1001,0,,1,training_final,0,0,0,,
102,2023,China,Japan,8703,646578850,,1,training_final,340902395.4318946,-305676454.5681054,305676454.5681054,-47.275974858767093,
103,2023,China,Mexico,1001,0,,1,training_final,0,0,0,,
104,2023,China,Mexico,8703,4207681913,,1,training_final,815419393.476174,-3392262519.5238261,3392262519.5238261,-80.620697801398336,
105,2023,China,United Kingdom,1001,121819,,1,training_final,19560.61762090059,-102258.38237909941,102258.38237909941,-83.942884426156354,
106,2023,China,United Kingdom,8703,5745196353,,1,training_final,2716071760.9172015,-3029124592.0827985,3029124592.0827985,-52.724474603919575,
107,2023,China,United States,1001,1,,1,training_final,1.1642786511001986,0.16427865110019857,0.16427865110019857,16.427865110019859,
108,2023,China,United States,8703,2541657008,,1,training_final,2336720687.34867,-204936320.65132999,204936320.65132999,-8.063098994328584,
109,2023,Germany,Canada,1001,102883,,1,training_final,7352.8692156808384,-95530.130784319161,95530.130784319161,-92.853173784122887,
110,2023,Germany,Canada,8703,2930543685,,1,training_final,4526046559.3793411,1595502874.3793411,1595502874.3793411,54.443920510242833,
111,2023,Germany,China,1001,0,,1,training_final,5.2626113541706818,5.2626113541706818,5.2626113541706818,,
112,2023,Germany,China,8703,16386440010,,1,training_final,32323987993.709335,15937547983.709335,15937547983.709335,97.260588474270662,
113,2023,Germany,Japan,1001,49920,,1,training_final,69000.124355888707,19080.124355888707,19080.124355888707,38.221402956507823,
114,2023,Germany,Japan,8703,4106976598,,1,training_final,5736496493.705039,1629519895.705039,1629519895.705039,39.676873165008452,
115,2023,Germany,Mexico,1001,0,,1,training_final,2.992515363439495,2.992515363439495,2.992515363439495,,
116,2023,Germany,Mexico,8703,1015361513,,1,training_final,714239546.40196502,-301121966.59803498,301121966.59803498,-29.65662601375703,
117,2023,Germany,United Kingdom,1001,135249865,,1,training_final,57250145.488395385,-77999719.511604607,77999719.511604607,-57.670829846377003,
118,2023,Germany,United Kingdom,8703,15409155974,,1,training_final,17858631140.318726,2449475166.3187256,2449475166.3187256,15.896231892595194,
119,2023,Germany,United States,1001,33460278,,1,training_final,68443.057108298832,-33391834.942891702,33391834.942891702,-99.795449825287477,
120,2023,Germany,United States,8703,24975391688,,1,training_final,39183974180.346497,14208582492.346497,14208582492.346497,56.89032896798706,
121,2023,Japan,Canada,1001,0,,1,training_final,0.24372343917933639,0.24372343917933639,0.24372343917933639,,
122,2023,Japan,Canada,8703,5116842624,,1,training_final,4188122779.2509828,-928719844.74901724,928719844.74901724,-18.150252274575667,
123,2023,Japan,China,1001,0,,1,training_final,16.614381314704914,16.614381314704914,16.614381314704914,,
124,2023,Japan,China,8703,7745909548,,1,training_final,13621944090.635239,5876034542.6352386,5876034542.6352386,75.859839392940444,
125,2023,Japan,Germany,1001,0,,1,training_final,0,0,0,,
126,2023,Japan,Germany,8703,2561672103,,1,training_final,1575714880.0838673,-985957222.91613269,985957222.91613269,-38.488814464640818,
127,2023,Japan,Mexico,1001,0,,1,training_final,0,0,0,,
128,2023,Japan,Mexico,8703,1791430445,,1,training_final,908904317.83783889,-882526127.16216111,882526127.16216111,-49.263767377926925,
129,2023,Japan,United Kingdom,1001,0,,1,training_final,0,0,0,,
130,2023,Japan,United Kingdom,8703,3165680922,,1,training_final,2810802742.0409455,-354878179.95905447,354878179.95905447,-11.210168955841928,
131,2023,Japan,United States,1001,1445,,1,training_final,0.63602572135324553,-1444.3639742786468,1444.3639742786468,-99.955984379145093,
132,2023,Japan,United States,8703,40987859064,,1,training_final,42352402389.775017,1364543325.7750168,1364543325.7750168,3.3291402794285183,
133,2023,Mexico,Canada,1001,1,,1,training_final,296.1867167361637,295.1867167361637,295.1867167361637,29518.671673616369,
134,2023,Mexico,Canada,8703,5210553432,,1,training_final,2191055138.1205659,-3019498293.8794341,3019498293.8794341,-57.949665679187575,
135,2023,Mexico,China,1001,1125,,1,training_final,514.98669113263395,-610.01330886736605,610.01330886736605,-54.223405232654763,
136,2023,Mexico,China,8703,311060415,,1,training_final,332660379.15288502,21599964.15288502,21599964.15288502,6.9439771540473956,
137,2023,Mexico,Germany,1001,0,,1,training_final,0.22898656362674616,0.22898656362674616,0.22898656362674616,,
138,2023,Mexico,Germany,8703,5279964475,,1,training_final,1322522877.3008463,-3957441597.6991539,3957441597.6991539,-74.952049704825981,
139,2023,Mexico,Japan,1001,0,,1,training_final,0.66447297931324234,0.66447297931324234,0.66447297931324234,,
140,2023,Mexico,Japan,8703,484522388,,1,training_final,286658348.08652252,-197864039.91347748,197864039.91347748,-40.836924116182942,
141,2023,Mexico,United Kingdom,1001,0,,1,training_final,1.1565952759814579,1.1565952759814579,1.1565952759814579,,
142,2023,Mexico,United Kingdom,8703,1318964826,,1,training_final,669410768.25812089,-649554057.74187911,649554057.74187911,-49.247261559792278,
143,2023,Mexico,United States,1001,2796415,,1,training_final,670430.45125289191,-2125984.5487471083,2125984.5487471083,-76.025359209813573,
144,2023,Mexico,United States,8703,42827067991,,1,training_final,42748536141.130203,-78531849.869796753,78531849.869796753,-0.18336966211719191,
145,2023,United Kingdom,Canada,1001,65412,,1,training_final,51409.898204401266,-14002.101795598734,14002.101795598734,-21.406013874516503,
146,2023,United Kingdom,Canada,8703,663987027,,1,training_final,426428847.89249218,-237558179.10750782,237558179.10750782,-35.777533211881234,
147,2023,United Kingdom,China,1001,1531924,,1,training_final,3069.2161761550665,-1528854.783823845,1528854.783823845,-99.799649579472941,
148,2023,United Kingdom,China,8703,4409411353,,1,training_final,8317841672.7837801,3908430319.7837801,3908430319.7837801,88.638369317134106,
149,2023,United Kingdom,Germany,1001,14629,,1,training_final,12001.493779765211,-2627.506220234789,2627.506220234789,-17.960942102910582,
150,2023,United Kingdom,Germany,8703,3213860974,,1,training_final,2726724976.1154237,-487135997.88457632,487135997.88457632,-15.157345069543645,
151,2023,United Kingdom,Japan,1001,0,,1,training_final,4.6973675194018396,4.6973675194018396,4.6973675194018396,,
152,2023,United Kingdom,Japan,8703,1032117423,,1,training_final,1464284794.793066,432167371.79306602,432167371.79306602,41.871919043562741,
153,2023,United Kingdom,Mexico,1001,0,,1,training_final,3.14684423867102,3.14684423867102,3.14684423867102,,
154,2023,United Kingdom,Mexico,8703,242065061,,1,training_final,185541261.33065954,-56523799.669340461,56523799.669340461,-23.350664253582824,
155,2023,United Kingdom,United States,1001,106493,,1,training_final,110067.56298787953,3574.5629878795298,3574.5629878795298,3.3566177944837028,
156,2023,United Kingdom,United States,8703,6571871801,,1,training_final,4964177232.0027637,-1607694568.9972363,1607694568.9972363,-24.463267356380928,
157,2023,United States,Canada,1001,14387882,,1,training_final,27495498.058313765,13107616.058313765,13107616.058313765,91.10177619133772,
158,2023,United States,Canada,8703,15798643484,,1,training_final,13106489964.304529,-2692153519.6954708,2692153519.6954708,-17.040409339079879,
159,2023,United States,China,1001,392202704,,1,training_final,172064179.47871625,-220138524.52128375,220138524.52128375,-56.128762570000987,
160,2023,United States,China,8703,6852481498,,1,training_final,7215556025.4826574,363074527.48265743,363074527.48265743,5.2984386399091514,
161,2023,United States,Germany,1001,6245,,1,training_final,46411.287838448894,40166.287838448894,40166.287838448894,643.17514553160765,
162,2023,United States,Germany,8703,8996905361,,1,training_final,4388895215.6115761,-4608010145.3884239,4608010145.3884239,-51.217723878294159,
163,2023,United States,Japan,1001,743044287,,1,training_final,329170434.60915083,-413873852.39084917,413873852.39084917,-55.699755671608997,
164,2023,United States,Japan,8703,1261999920,,1,training_final,1160387105.236516,-101612814.763484,101612814.763484,-8.0517290970576294,
165,2023,United States,Mexico,1001,1075701859,,1,training_final,661720351.24972451,-413981507.75027549,413981507.75027549,-38.484781288295189,
166,2023,United States,Mexico,8703,4442422862,,1,training_final,4589653128.0403004,147230266.04030037,147230266.04030037,3.3141884645807131,
167,2023,United States,United Kingdom,1001,3670239,,1,training_final,1604259.5988291984,-2065979.4011708016,2065979.4011708016,-56.290050897797158,
168,2023,United States,United Kingdom,8703,1040548505,,1,training_final,610486753.92398345,-430061751.07601655,430061751.07601655,-41.330293495161627,
169,2024,Canada,China,1001,573720099,,1,training_final,157360715.83316359,-416359383.16683638,416359383.16683638,-72.571866297268485,
170,2024,Canada,China,8703,361534154,,1,training_final,245498369.37333566,-116035784.62666434,116035784.62666434,-32.095386657899084,
171,2024,Canada,Germany,1001,927836,,1,training_final,1637415.7915862957,709579.7915862957,709579.7915862957,76.476854916849064,
172,2024,Canada,Germany,8703,108039258,,1,training_final,59286347.240691148,-48752910.759308852,48752910.759308852,-45.125181033091557,
173,2024,Canada,Japan,1001,607223446,,1,training_final,228842900.56234673,-378380545.4376533,378380545.4376533,-62.313230480506391,
174,2024,Canada,Japan,8703,11236402,,1,training_final,24902214.029887378,13665812.029887378,13665812.029887378,121.62088923026586,
175,2024,Canada,Mexico,1001,172551233,,1,training_final,63523476.33283826,-109027756.66716173,109027756.66716173,-63.185730273606175,
176,2024,Canada,Mexico,8703,380444284,,1,training_final,162751355.64461774,-217692928.35538226,217692928.35538226,-57.220712075511763,
177,2024,Canada,United Kingdom,1001,173421644,,1,training_final,45281472.071657583,-128140171.92834242,128140171.92834242,-73.889376765648933,
178,2024,Canada,United Kingdom,8703,5919442,,1,training_final,4719186.9113787292,-1200255.0886212708,1200255.0886212708,-20.276490395906755,
179,2024,Canada,United States,1001,685179327,,1,training_final,453988785.25624317,-231190541.74375683,231190541.74375683,-33.741610792025085,
180,2024,Canada,United States,8703,28360982334,,1,training_final,14776696144.087746,-13584286189.912254,13584286189.912254,-47.897798566825387,
181,2024,China,Canada,1001,0,,1,training_final,526.01174426910654,526.01174426910654,526.01174426910654,,
182,2024,China,Canada,8703,1486501326,,1,training_final,652841659.88932014,-833659666.11067986,833659666.11067986,-56.081999492994733,
183,2024,China,Germany,1001,5,,1,training_final,0,-5,5,-100,
184,2024,China,Germany,8703,3293596023,,1,training_final,1569489015.5136099,-1724107007.4863901,1724107007.4863901,-52.347251923020373,
185,2024,China,Japan,1001,0,,1,training_final,0,0,0,,
186,2024,China,Japan,8703,905237235,,1,training_final,492851418.92297935,-412385816.07702065,412385816.07702065,-45.555551642439966,
187,2024,China,Mexico,1001,0,,1,training_final,0,0,0,,
188,2024,China,Mexico,8703,4603755988,,1,training_final,1413398955.2948954,-3190357032.7051048,3190357032.7051048,-69.299003705256865,
189,2024,China,United Kingdom,1001,69452,,1,training_final,18150.360890315031,-51301.639109684969,51301.639109684969,-73.866323661931943,
190,2024,China,United Kingdom,8703,5102705740,,1,training_final,3335726709.7627182,-1766979030.2372818,1766979030.2372818,-34.628276061187918,
191,2024,China,United States,1001,0,,1,training_final,1.5124401084947545,1.5124401084947545,1.5124401084947545,,
192,2024,China,United States,8703,3820671125,,1,training_final,2202605932.083745,-1618065192.916255,1618065192.916255,-42.350287161035219,
193,2024,Germany,Canada,1001,166171,,1,training_final,72731.013424262695,-93439.986575737305,93439.986575737305,-56.231223604441986,
194,2024,Germany,Canada,8703,2832653765,,1,training_final,2552141912.1439729,-280511852.85602713,280511852.85602713,-9.9027934978148355,
195,2024,Germany,China,1001,0,,1,training_final,2.2118523311211007,2.2118523311211007,2.2118523311211007,,
196,2024,Germany,China,8703,11304788932,,1,training_final,15739107782.956255,4434318850.956255,4434318850.956255,39.225136158041934,
197,2024,Germany,Japan,1001,37305,,1,training_final,47323.312799078827,10018.312799078827,10018.312799078827,26.855147564880919,
198,2024,Germany,Japan,8703,3907415118,,1,training_final,6159391032.4297791,2251975914.4297791,2251975914.4297791,57.633393085259058,
199,2024,Germany,Mexico,1001,0,,1,training_final,2.0902052139198908,2.0902052139198908,2.0902052139198908,,
200,2024,Germany,Mexico,8703,1067908362,,1,training_final,1144331007.3024254,76422645.302425385,76422645.302425385,7.1562924331165956,
201,2024,Germany,United Kingdom,1001,289517719,,1,training_final,63871168.169831008,-225646550.83016899,225646550.83016899,-77.938770590469105,
202,2024,Germany,United Kingdom,8703,14867362044,,1,training_final,22404621105.403496,7537259061.4034958,7537259061.4034958,50.696680682806786,
203,2024,Germany,United States,1001,8332225,,1,training_final,28193483.679300103,19861258.679300103,19861258.679300103,238.36680693692384,
204,2024,Germany,United States,8703,26105847078,,1,training_final,42255692122.585091,16149845044.585091,16149845044.585091,61.862942031078305,
205,2024,Japan,Canada,1001,0,,1,training_final,0,0,0,,
206,2024,Japan,Canada,8703,5504542608,,1,training_final,3286157981.9361234,-2218384626.0638766,2218384626.0638766,-40.300980191156995,
207,2024,Japan,China,1001,0,,1,training_final,0,0,0,,
208,2024,Japan,China,8703,6641426201,,1,training_final,7011215589.891964,369789388.89196396,369789388.89196396,5.5679213726154897,
209,2024,Japan,Germany,1001,0,,1,training_final,0,0,0,,
210,2024,Japan,Germany,8703,2207609523,,1,training_final,2097712721.427233,-109896801.57276702,109896801.57276702,-4.9780905738902739,
211,2024,Japan,Mexico,1001,0,,1,training_final,0,0,0,,
212,2024,Japan,Mexico,8703,1523309798,,1,training_final,1497229551.8321261,-26080246.167873859,26080246.167873859,-1.7120776221695293,
213,2024,Japan,United Kingdom,1001,0,,1,training_final,0,0,0,,
214,2024,Japan,United Kingdom,8703,3096026636,,1,training_final,4375665356.2287283,1279638720.2287283,1279638720.2287283,41.331644416405737,
215,2024,Japan,United States,1001,0,,1,training_final,354.70576871099962,354.70576871099962,354.70576871099962,,
216,2024,Japan,United States,8703,40489527390,,1,training_final,51754599643.977966,11265072253.977966,11265072253.977966,27.822187563394937,
217,2024,Mexico,Canada,1001,18,,1,training_final,2.2507967869081438,-15.749203213091857,15.749203213091857,-87.495573406065873,
218,2024,Mexico,Canada,8703,5918119238,,1,training_final,1574161476.325659,-4343957761.6743412,4343957761.6743412,-73.400984113026439,
219,2024,Mexico,China,1001,2671,,1,training_final,513.18990002135172,-2157.8100999786484,2157.8100999786484,-80.786600523348866,
220,2024,Mexico,China,8703,255985743,,1,training_final,195701862.6303609,-60283880.369639099,60283880.369639099,-23.549702285427319,
221,2024,Mexico,Germany,1001,2,,1,training_final,0.60057665792073933,-1.3994233420792606,1.3994233420792606,-69.971167103963026,
222,2024,Mexico,Germany,8703,3979822545,,1,training_final,1776003071.6358819,-2203819473.3641181,2203819473.3641181,-55.37481755644756,
223,2024,Mexico,Japan,1001,0,,1,training_final,1.184702980040391,1.184702980040391,1.184702980040391,,
224,2024,Mexico,Japan,8703,418148376,,1,training_final,366399095.06477189,-51749280.935228109,51749280.935228109,-12.37581774925466,
225,2024,Mexico,United Kingdom,1001,0,,1,training_final,2.1662599102998983,2.1662599102998983,2.1662599102998983,,
226,2024,Mexico,United Kingdom,8703,1036234550,,1,training_final,950604767.15419054,-85629782.84580946,85629782.84580946,-8.2635521895896495,
227,2024,Mexico,United States,1001,323719,,1,training_final,3255165.5041335882,2931446.5041335882,2931446.5041335882,905.55281096679164,
228,2024,Mexico,United States,8703,49637259600,,1,training_final,55247832740.184662,5610573140.1846619,5610573140.1846619,11.303148452185425,
229,2024,United Kingdom,Canada,1001,1943,,1,training_final,19352.453006902531,17409.453006902531,17409.453006902531,896.00890411232785,
230,2024,United Kingdom,Canada,8703,592950008,,1,training_final,283793799.35078347,-309156208.64921653,309156208.64921653,-52.138663374335692,
231,2024,United Kingdom,China,1001,29358,,1,training_final,616844.45534148288,587486.45534148288,587486.45534148288,2001.1119808620576,
232,2024,United Kingdom,China,8703,4078424924,,1,training_final,5604986950.0941486,1526562026.0941486,1526562026.0941486,37.430185783509316,
233,2024,United Kingdom,Germany,1001,71283,,1,training_final,13608.271333363546,-57674.728666636453,57674.728666636453,-80.909513722256989,
234,2024,United Kingdom,Germany,8703,2443797094,,1,training_final,3689603139.6949058,1245806045.6949058,1245806045.6949058,50.978293114170704,
235,2024,United Kingdom,Japan,1001,3035,,1,training_final,4.2338301689517968,-3030.766169831048,3030.766169831048,-99.860499829688564,
236,2024,United Kingdom,Japan,8703,1031790547,,1,training_final,2070655366.9894044,1038864819.9894044,1038864819.9894044,100.68563072320961,
237,2024,United Kingdom,Mexico,1001,0,,1,training_final,2.3434901485094204,2.3434901485094204,2.3434901485094204,,
238,2024,United Kingdom,Mexico,8703,221441018,,1,training_final,369078619.73201054,147637601.73201054,147637601.73201054,66.671298328302726,
239,2024,United Kingdom,United States,1001,461387,,1,training_final,81786.783135965146,-379600.21686403488,379600.21686403488,-82.27371314407101,
240,2024,United Kingdom,United States,8703,9760731714,,1,training_final,5336253627.9900761,-4424478086.0099239,4424478086.0099239,-45.329368900323445,
241,2024,United States,Canada,1001,24530233,,1,training_final,5195972.829486358,-19334260.170513641,19334260.170513641,-78.818086116481823,
242,2024,United States,Canada,8703,15597579400,,1,training_final,6162574562.0939341,-9435004837.9060669,9435004837.9060669,-60.490186303562375,
243,2024,United States,China,1001,676649911,,1,training_final,84160711.241332367,-592489199.75866759,592489199.75866759,-87.562148479861037,
244,2024,United States,China,8703,5586660835,,1,training_final,5300494053.4238577,-286166781.57614231,286166781.57614231,-5.1223224396106071,
245,2024,United States,Germany,1001,4749,,1,training_final,7480.8566041695167,2731.8566041695167,2731.8566041695167,57.524881115382541,
246,2024,United States,Germany,8703,7595825735,,1,training_final,5439080973.7687836,-2156744761.2312164,2156744761.2312164,-28.393815715036496,
247,2024,United States,Japan,1001,633126270,,1,training_final,225074974.65829608,-408051295.34170389,408051295.34170389,-64.450223387777584,
248,2024,United States,Japan,8703,929137299,,1,training_final,1604614350.0251215,675477051.02512145,675477051.02512145,72.699379494517686,
249,2024,United States,Mexico,1001,1070869870,,1,training_final,432506085.96064979,-638363784.03935027,638363784.03935027,-59.611704645247912,
250,2024,United States,Mexico,8703,4561751943,,1,training_final,6465761991.3026571,1904010048.3026571,1904010048.3026571,41.738570446040079,
251,2024,United States,United Kingdom,1001,11505,,1,training_final,1309933.1441305177,1298428.1441305177,1298428.1441305177,11285.772656501675,
252,2024,United States,United Kingdom,8703,1224546537,,1,training_final,543291290.72785854,-681255246.27214146,681255246.27214146,-55.633267147293516,
169,2024,Canada,China,1001,573720099,,1,validation_2024_observed,2095260648.9981718,1521540549.9981718,1521540549.9981718,265.20607394620345,
170,2024,Canada,China,8703,361534154,,1,validation_2024_observed,6521987116.7159586,6160452962.7159586,6160452962.7159586,1703.9753767540199,
171,2024,Canada,Germany,1001,927836,,1,validation_2024_observed,1125061.2947518039,197225.29475180386,197225.29475180386,21.256482261068108,
172,2024,Canada,Germany,8703,108039258,,1,validation_2024_observed,59528373.93707861,-48510884.06292139,48510884.06292139,-44.901163670451524,
173,2024,Canada,Japan,1001,607223446,,1,validation_2024_observed,144224555.88365847,-462998890.11634153,462998890.11634153,-76.248519909150801,
174,2024,Canada,Japan,8703,11236402,,1,validation_2024_observed,20116305.102767847,8879903.1027678475,8879903.1027678475,79.027994039086963,
175,2024,Canada,Mexico,1001,172551233,,1,validation_2024_observed,33529301.271878529,-139021931.72812146,139021931.72812146,-80.568495113634711,
176,2024,Canada,Mexico,8703,380444284,,1,validation_2024_observed,126627215.40295026,-253817068.59704974,253817068.59704974,-66.715963222895937,
177,2024,Canada,United Kingdom,1001,173421644,,1,validation_2024_observed,32991206.540098228,-140430437.45990178,140430437.45990178,-80.976303891976585,
178,2024,Canada,United Kingdom,8703,5919442,,1,validation_2024_observed,2726907.9197365972,-3192534.0802634028,3192534.0802634028,-53.933024096923376,
179,2024,Canada,United States,1001,685179327,,1,validation_2024_observed,354587245.01210523,-330592081.98789477,330592081.98789477,-48.248986646366639,
180,2024,Canada,United States,8703,28360982334,,1,validation_2024_observed,9769137622.376255,-18591844711.623745,18591844711.623745,-65.554304476031078,
181,2024,China,Canada,1001,0,,1,validation_2024_observed,1433.2941006433784,1433.2941006433784,1433.2941006433784,,
182,2024,China,Canada,8703,1486501326,,1,validation_2024_observed,1339725190.1402371,-146776135.85976291,146776135.85976291,-9.8739323869101554,
183,2024,China,Germany,1001,5,,1,validation_2024_observed,0,-5,5,-100,
184,2024,China,Germany,8703,3293596023,,1,validation_2024_observed,2081237203.8007815,-1212358819.1992185,1212358819.1992185,-36.809578671246122,
185,2024,China,Japan,1001,0,,1,validation_2024_observed,0,0,0,,
186,2024,China,Japan,8703,905237235,,1,validation_2024_observed,266380489.65793374,-638856745.34206629,638856745.34206629,-70.573405582688636,
187,2024,China,Mexico,1001,0,,1,validation_2024_observed,0,0,0,,
188,2024,China,Mexico,8703,4603755988,,1,validation_2024_observed,2036502934.2951591,-2567253053.7048407,2567253053.7048407,-55.764316362477913,
189,2024,China,United Kingdom,1001,69452,,1,validation_2024_observed,41273.564896558099,-28178.435103441901,28178.435103441901,-40.572532257446724,
190,2024,China,United Kingdom,8703,5102705740,,1,validation_2024_observed,6096879533.4959106,994173793.49591064,994173793.49591064,19.483267194943338,
191,2024,China,United States,1001,0,,1,validation_2024_observed,5.1466757776300209,5.1466757776300209,5.1466757776300209,,
192,2024,China,United States,8703,3820671125,,1,validation_2024_observed,5434760074.2454357,1614088949.2454357,1614088949.2454357,42.24621529667607,
193,2024,Germany,Canada,1001,166171,,1,validation_2024_observed,111720.48794089789,-54450.512059102111,54450.512059102111,-32.767758549387146,
194,2024,Germany,Canada,8703,2832653765,,1,validation_2024_observed,3387673724.2976809,555019959.29768085,555019959.29768085,19.593639228184347,
195,2024,Germany,China,1001,0,,1,validation_2024_observed,15.388169220546471,15.388169220546471,15.388169220546471,,
196,2024,Germany,China,8703,11304788932,,1,validation_2024_observed,348236884204.04553,336932095272.04553,336932095272.04553,2980.4368511322291,
197,2024,Germany,Japan,1001,37305,,1,validation_2024_observed,20819.884968311093,-16485.115031688907,16485.115031688907,-44.190095246451968,
198,2024,Germany,Japan,8703,3907415118,,1,validation_2024_observed,4774147460.7643585,866732342.76435852,866732342.76435852,22.181731825002334,
199,2024,Germany,Mexico,1001,0,,1,validation_2024_observed,0.41952303239842287,0.41952303239842287,0.41952303239842287,,
200,2024,Germany,Mexico,8703,1067908362,,1,validation_2024_observed,1054830039.4378784,-13078322.56212163,13078322.56212163,-1.2246671182186726,
201,2024,Germany,United Kingdom,1001,289517719,,1,validation_2024_observed,48462835.523628637,-241054883.47637135,241054883.47637135,-83.260839546878074,
202,2024,Germany,United Kingdom,8703,14867362044,,1,validation_2024_observed,13575559098.398582,-1291802945.6014175,1291802945.6014175,-8.6888510670441939,
203,2024,Germany,United States,1001,8332225,,1,validation_2024_observed,74246737.180253536,65914512.180253536,65914512.180253536,791.07935971788493,
204,2024,Germany,United States,8703,26105847078,,1,validation_2024_observed,75551804738.097092,49445957660.097092,49445957660.097092,189.40568184729136,
205,2024,Japan,Canada,1001,0,,1,validation_2024_observed,0,0,0,,
206,2024,Japan,Canada,8703,5504542608,,1,validation_2024_observed,4568454909.7569036,-936087698.24309635,936087698.24309635,-17.005730810088341,
207,2024,Japan,China,1001,0,,1,validation_2024_observed,0.4655616771610625,0.4655616771610625,0.4655616771610625,,
208,2024,Japan,China,8703,6641426201,,1,validation_2024_observed,79017388921.711868,72375962720.711868,72375962720.711868,1089.7653686163706,
209,2024,Japan,Germany,1001,0,,1,validation_2024_observed,0,0,0,,
210,2024,Japan,Germany,8703,2207609523,,1,validation_2024_observed,1884008135.7327778,-323601387.26722217,323601387.26722217,-14.658452226074321,
211,2024,Japan,Mexico,1001,0,,1,validation_2024_observed,0,0,0,,
212,2024,Japan,Mexico,8703,1523309798,,1,validation_2024_observed,1323377078.9004242,-199932719.09957576,199932719.09957576,-13.12488893343124,
213,2024,Japan,United Kingdom,1001,0,,1,validation_2024_observed,0,0,0,,
214,2024,Japan,United Kingdom,8703,3096026636,,1,validation_2024_observed,5364743697.264966,2268717061.264966,2268717061.264966,73.278344407143081,
215,2024,Japan,United States,1001,0,,1,validation_2024_observed,1056.6172764941477,1056.6172764941477,1056.6172764941477,,
216,2024,Japan,United States,8703,40489527390,,1,validation_2024_observed,93281261956.076385,52791734566.076385,52791734566.076385,130.38367688903861,
217,2024,Mexico,Canada,1001,18,,1,validation_2024_observed,1.3588513341788448,-16.641148665821156,16.641148665821156,-92.450825921228642,
218,2024,Mexico,Canada,8703,5918119238,,1,validation_2024_observed,1513170706.1475055,-4404948531.8524942,4404948531.8524942,-74.431561019732442,
219,2024,Mexico,China,1001,2671,,1,validation_2024_observed,3782.5303642166991,1111.5303642166991,1111.5303642166991,41.614764665544705,
220,2024,Mexico,China,8703,255985743,,1,validation_2024_observed,3792836506.3607416,3536850763.3607416,3536850763.3607416,1381.6592759858277,
221,2024,Mexico,Germany,1001,2,,1,validation_2024_observed,0,-2,2,-100,
222,2024,Mexico,Germany,8703,3979822545,,1,validation_2024_observed,1694945465.1590652,-2284877079.8409348,2284877079.8409348,-57.411531645085816,
223,2024,Mexico,Japan,1001,0,,1,validation_2024_observed,0,0,0,,
224,2024,Mexico,Japan,8703,418148376,,1,validation_2024_observed,247832586.92177781,-170315789.07822219,170315789.07822219,-40.730945964076199,
225,2024,Mexico,United Kingdom,1001,0,,1,validation_2024_observed,1.3985098378166645,1.3985098378166645,1.3985098378166645,,
226,2024,Mexico,United Kingdom,8703,1036234550,,1,validation_2024_observed,1102757994.3833489,66523444.383348942,66523444.383348942,6.4197284662385501,
227,2024,Mexico,United States,1001,323719,,1,validation_2024_observed,3985360.3704625815,3661641.3704625815,3661641.3704625815,1131.1172252671549,
228,2024,Mexico,United States,8703,49637259600,,1,validation_2024_observed,54551914775.425842,4914655175.4258423,4914655175.4258423,9.9011412294522447,
229,2024,United Kingdom,Canada,1001,1943,,1,validation_2024_observed,18308.846771501849,16365.846771501849,16365.846771501849,842.29782663416609,
230,2024,United Kingdom,Canada,8703,592950008,,1,validation_2024_observed,221042097.80354005,-371907910.19645995,371907910.19645995,-62.721630015807328,
231,2024,United Kingdom,China,1001,29358,,1,validation_2024_observed,8306572.0226379577,8277214.0226379577,8277214.0226379577,28194.066430403833,
232,2024,United Kingdom,China,8703,4078424924,,1,validation_2024_observed,155762441808.0094,151684016884.0094,151684016884.0094,3719.1812945092083,
233,2024,United Kingdom,Germany,1001,71283,,1,validation_2024_observed,4900.6146087520228,-66382.385391247983,66382.385391247983,-93.125128559751943,
234,2024,United Kingdom,Germany,8703,2443797094,,1,validation_2024_observed,2035358592.4107244,-408438501.5892756,408438501.5892756,-16.713273888084736,
235,2024,United Kingdom,Japan,1001,3035,,1,validation_2024_observed,1.2010013983459822,-3033.7989986016541,3033.7989986016541,-99.960428290005083,
236,2024,United Kingdom,Japan,8703,1031790547,,1,validation_2024_observed,1992409767.5252051,960619220.52520514,960619220.52520514,93.102153660766689,
237,2024,United Kingdom,Mexico,1001,0,,1,validation_2024_observed,0.8043128358982089,0.8043128358982089,0.8043128358982089,,
238,2024,United Kingdom,Mexico,8703,221441018,,1,validation_2024_observed,403283073.02972054,181842055.02972054,181842055.02972054,82.117602543590422,
239,2024,United Kingdom,United States,1001,461387,,1,validation_2024_observed,104897.10934556705,-356489.89065443294,356489.89065443294,-77.264832050845158,
240,2024,United Kingdom,United States,8703,9760731714,,1,validation_2024_observed,5662706081.0600643,-4098025632.9399357,4098025632.9399357,-41.98481991941302,
241,2024,United States,Canada,1001,24530233,,1,validation_2024_observed,3567058.4448786099,-20963174.555121392,20963174.555121392,-85.458521959907159,
242,2024,United States,Canada,8703,15597579400,,1,validation_2024_observed,3646678287.8644037,-11950901112.135597,11950901112.135597,-76.62022936799795,
243,2024,United States,China,1001,676649911,,1,validation_2024_observed,1465977626.9300492,789327715.93004918,789327715.93004918,116.65230469971186,
244,2024,United States,China,8703,5586660835,,1,validation_2024_observed,175137524127.54227,169550863292.54227,169550863292.54227,3034.923155354611,
245,2024,United States,Germany,1001,4749,,1,validation_2024_observed,5379.8340906537951,630.8340906537951,630.8340906537951,13.283514227285641,
246,2024,United States,Germany,8703,7595825735,,1,validation_2024_observed,7551606037.1713686,-44219697.828631401,44219697.828631401,-0.58215787685697085,
247,2024,United States,Japan,1001,633126270,,1,validation_2024_observed,190457518.41655809,-442668751.58344191,442668751.58344191,-69.917925153136025,
248,2024,United States,Japan,8703,929137299,,1,validation_2024_observed,1697648638.6252861,768511339.6252861,768511339.6252861,82.712354831994119,
249,2024,United States,Mexico,1001,1070869870,,1,validation_2024_observed,257885191.21716809,-812984678.78283191,812984678.78283191,-75.918157897451337,
250,2024,United States,Mexico,8703,4561751943,,1,validation_2024_observed,4876541190.383111,314789247.383111,314789247.383111,6.9006217636659208,
251,2024,United States,United Kingdom,1001,11505,,1,validation_2024_observed,1106679.2379228761,1095174.2379228761,1095174.2379228761,9519.1154969393847,
252,2024,United States,United Kingdom,8703,1224546537,,1,validation_2024_observed,441397295.09308362,-783149241.90691638,783149241.90691638,-63.954224543033135,
253,2025,Canada,China,1001,,530862258.4581008,1,forecast_2025_unobserved,119344785.39448118,,,,-411517473.06361961
254,2025,Canada,China,8703,,416554030.78198922,1,forecast_2025_unobserved,194995507.89430052,,,,-221558522.8876887
255,2025,Canada,Germany,1001,,894406.25562884973,1,forecast_2025_unobserved,552689.03863911587,,,,-341717.21698973386
256,2025,Canada,Germany,8703,,92047862.460689306,1,forecast_2025_unobserved,59937970.978449032,,,,-32109891.482240275
257,2025,Canada,Japan,1001,,487208438.33307827,1,forecast_2025_unobserved,189022825.55527118,,,,-298185612.77780712
258,2025,Canada,Japan,8703,,12108816.551532555,1,forecast_2025_unobserved,13283403.712462977,,,,1174587.1609304212
259,2025,Canada,Mexico,1001,,189363850.93000531,1,forecast_2025_unobserved,61148788.717346527,,,,-128215062.21265879
260,2025,Canada,Mexico,8703,,394397077.67651242,1,forecast_2025_unobserved,161781616.4104422,,,,-232615461.26607022
261,2025,Canada,United Kingdom,1001,,147767604.18687198,1,forecast_2025_unobserved,33991452.748720795,,,,-113776151.43815118
262,2025,Canada,United Kingdom,8703,,6531988.7619951274,1,forecast_2025_unobserved,3209136.1963892211,,,,-3322852.5656059063
263,2025,Canada,United States,1001,,651030223.20705056,1,forecast_2025_unobserved,408841839.52993596,,,,-242188383.67711461
264,2025,Canada,United States,8703,,29447181933.073902,1,forecast_2025_unobserved,12059284050.669222,,,,-17387897882.404678
265,2025,China,Canada,1001,,0,1,forecast_2025_unobserved,0,,,,0
266,2025,China,Canada,8703,,1422965934.9739506,1,forecast_2025_unobserved,541967160.76064324,,,,-880998774.21330738
267,2025,China,Germany,1001,,4.7523657967247992,1,forecast_2025_unobserved,0.60888882553087276,,,,-4.1434769711939268
268,2025,China,Germany,8703,,3546726622.2719927,1,forecast_2025_unobserved,1293831789.6911173,,,,-2252894832.5808754
269,2025,China,Japan,1001,,0,1,forecast_2025_unobserved,0,,,,0
270,2025,China,Japan,8703,,925453881.90290022,1,forecast_2025_unobserved,692727471.8897146,,,,-232726410.01318562
271,2025,China,Mexico,1001,,0,1,forecast_2025_unobserved,0,,,,0
272,2025,China,Mexico,8703,,4805417606.5950432,1,forecast_2025_unobserved,1538288666.4915211,,,,-3267128940.1035223
273,2025,China,United Kingdom,1001,,58717.620669989738,1,forecast_2025_unobserved,8122.2182252764496,,,,-50595.402444713291
274,2025,China,United Kingdom,8703,,6182433384.1456623,1,forecast_2025_unobserved,3314485310.8282542,,,,-2867948073.3174081
275,2025,China,United States,1001,,0,1,forecast_2025_unobserved,0.19631397304478279,,,,0.19631397304478279
276,2025,China,United States,8703,,3808519439.895184,1,forecast_2025_unobserved,3151690012.7661242,,,,-656829427.12905979
277,2025,Germany,Canada,1001,,159353.01771488506,1,forecast_2025_unobserved,156390.07678612581,,,,-2962.9409287592571
278,2025,Germany,Canada,8703,,3185887126.3290038,1,forecast_2025_unobserved,2551294833.1138864,,,,-634592293.21511745
279,2025,Germany,China,1001,,0,1,forecast_2025_unobserved,2.2048511634660035,,,,2.2048511634660035
280,2025,Germany,China,8703,,13053502548.257113,1,forecast_2025_unobserved,11682332755.712196,,,,-1371169792.5449162
281,2025,Germany,Japan,1001,,32814.676020545317,1,forecast_2025_unobserved,35855.14212630532,,,,3040.4661057600024
282,2025,Germany,Japan,8703,,3985740064.5641351,1,forecast_2025_unobserved,6176482035.0431166,,,,2190741970.4789815
283,2025,Germany,Mexico,1001,,0,1,forecast_2025_unobserved,3.3342387428792928,,,,3.3342387428792928
284,2025,Germany,Mexico,8703,,881800888.08630931,1,forecast_2025_unobserved,1194421134.2357593,,,,312620246.14944994
285,2025,Germany,United Kingdom,1001,,241909176.87338209,1,forecast_2025_unobserved,114851348.34090669,,,,-127057828.5324754
286,2025,Germany,United Kingdom,8703,,16543983898.543367,1,forecast_2025_unobserved,23697535062.144123,,,,7153551163.6007557
287,2025,Germany,United States,1001,,7436476.7670493107,1,forecast_2025_unobserved,8739843.8914740514,,,,1303367.1244247407
288,2025,Germany,United States,8703,,34318821578.050293,1,forecast_2025_unobserved,43990478527.821121,,,,9671656949.7708282
289,2025,Japan,Canada,1001,,0,1,forecast_2025_unobserved,0,,,,0
290,2025,Japan,Canada,8703,,5664394860.395853,1,forecast_2025_unobserved,3531875999.5857654,,,,-2132518860.8100877
291,2025,Japan,China,1001,,0,1,forecast_2025_unobserved,0,,,,0
292,2025,Japan,China,8703,,6010737613.5248747,1,forecast_2025_unobserved,6147436953.6950636,,,,136699340.1701889
293,2025,Japan,Germany,1001,,0,1,forecast_2025_unobserved,0,,,,0
294,2025,Japan,Germany,8703,,2741869777.702445,1,forecast_2025_unobserved,1951184126.8954439,,,,-790685650.80700111
295,2025,Japan,Mexico,1001,,0,1,forecast_2025_unobserved,0,,,,0
296,2025,Japan,Mexico,8703,,1525557831.0587449,1,forecast_2025_unobserved,1279265937.5413539,,,,-246291893.51739097
297,2025,Japan,United Kingdom,1001,,0,1,forecast_2025_unobserved,0,,,,0
298,2025,Japan,United Kingdom,8703,,3696571751.6599798,1,forecast_2025_unobserved,4594588812.8534155,,,,898017061.19343567
299,2025,Japan,United States,1001,,0,1,forecast_2025_unobserved,0.19397336488128683,,,,0.19397336488128683
300,2025,Japan,United States,8703,,35318692142.475571,1,forecast_2025_unobserved,50386120218.907837,,,,15067428076.432266
301,2025,Mexico,Canada,1001,,18.51114957409418,1,forecast_2025_unobserved,13.578911376212467,,,,-4.9322381978817127
302,2025,Mexico,Canada,8703,,6538395537.5853796,1,forecast_2025_unobserved,1616339111.5971043,,,,-4922056425.9882755
303,2025,Mexico,China,1001,,2361.935663288386,1,forecast_2025_unobserved,516.68523202989093,,,,-1845.2504312584952
304,2025,Mexico,China,8703,,230724417.27443409,1,forecast_2025_unobserved,151129482.84638515,,,,-79594934.428048939
305,2025,Mexico,Germany,1001,,2.0606212328124478,1,forecast_2025_unobserved,0.93988343743450486,,,,-1.1207377953779429
306,2025,Mexico,Germany,8703,,4343634911.1942692,1,forecast_2025_unobserved,1344103624.5597172,,,,-2999531286.634552
307,2025,Mexico,Japan,1001,,0,1,forecast_2025_unobserved,0.12801678305766151,,,,0.12801678305766151
308,2025,Mexico,Japan,8703,,467213585.10383087,1,forecast_2025_unobserved,302624555.06117624,,,,-164589030.04265463
309,2025,Mexico,United Kingdom,1001,,0,1,forecast_2025_unobserved,0.54263279185052482,,,,0.54263279185052482
310,2025,Mexico,United Kingdom,8703,,1206198894.8819969,1,forecast_2025_unobserved,755307950.86113596,,,,-450890944.02086091
311,2025,Mexico,United States,1001,,301853.76440170285,1,forecast_2025_unobserved,253508.30757798464,,,,-48345.45682371821
312,2025,Mexico,United States,8703,,52780466123.751282,1,forecast_2025_unobserved,56224897877.76342,,,,3444431754.0121384
313,2025,United Kingdom,Canada,1001,,1713.0608292353788,1,forecast_2025_unobserved,878.24338482763778,,,,-834.81744440774105
314,2025,United Kingdom,Canada,8703,,550904513.15275657,1,forecast_2025_unobserved,255951995.84781182,,,,-294952517.30494475
315,2025,United Kingdom,China,1001,,30482.86627624328,1,forecast_2025_unobserved,13458.465494059506,,,,-17024.400782183773
316,2025,United Kingdom,China,8703,,3762660597.360023,1,forecast_2025_unobserved,5156685700.6612425,,,,1394025103.3012195
317,2025,United Kingdom,Germany,1001,,70311.122944354356,1,forecast_2025_unobserved,33760.448507265428,,,,-36550.674437088928
318,2025,United Kingdom,Germany,8703,,2710958224.364337,1,forecast_2025_unobserved,3033715566.5220437,,,,322757342.15770674
319,2025,United Kingdom,Japan,1001,,2553.6291477024824,1,forecast_2025_unobserved,2916.6384390716262,,,,363.00929136914374
320,2025,United Kingdom,Japan,8703,,1098153473.6068299,1,forecast_2025_unobserved,2090633622.5237594,,,,992480148.91692948
321,2025,United Kingdom,Mexico,1001,,0,1,forecast_2025_unobserved,2.0670014788999609,,,,2.0670014788999609
322,2025,United Kingdom,Mexico,8703,,223111631.07110319,1,forecast_2025_unobserved,330122873.45720613,,,,107011242.38610294
323,2025,United Kingdom,United States,1001,,419717.73669214168,1,forecast_2025_unobserved,184950.03734546516,,,,-234767.69934667653
324,2025,United Kingdom,United States,8703,,11524374951.343082,1,forecast_2025_unobserved,7235703970.9265165,,,,-4288670980.4165659
325,2025,United States,Canada,1001,,20139638.853230141,1,forecast_2025_unobserved,11672605.048485419,,,,-8467033.8047447223
326,2025,United States,Canada,8703,,14836726276.380745,1,forecast_2025_unobserved,5991222172.494853,,,,-8845504103.885891
327,2025,United States,China,1001,,615204885.68975282,1,forecast_2025_unobserved,133385297.30997987,,,,-481819588.37977296
328,2025,United States,China,8703,,5166890837.598218,1,forecast_2025_unobserved,4332984330.5916462,,,,-833906507.00657177
329,2025,United States,Germany,1001,,4758.0761982454405,1,forecast_2025_unobserved,5950.6242292800998,,,,1192.5480310346593
330,2025,United States,Germany,8703,,8934849485.0146999,1,forecast_2025_unobserved,4838481259.468811,,,,-4096368225.5458889
331,2025,United States,Japan,1001,,533628343.01922303,1,forecast_2025_unobserved,190275400.32547906,,,,-343352942.69374394
332,2025,United States,Japan,8703,,973881597.47265792,1,forecast_2025_unobserved,1234959219.2386029,,,,261077621.76594496
333,2025,United States,Mexico,1001,,979168570.91317141,1,forecast_2025_unobserved,614495072.15105236,,,,-364673498.76211905
334,2025,United States,Mexico,8703,,4915308212.8533888,1,forecast_2025_unobserved,6315528444.8026428,,,,1400220231.949254
335,2025,United States,United Kingdom,1001,,10448.558931451713,1,forecast_2025_unobserved,8981.8976653465634,,,,-1466.6612661051495
336,2025,United States,United Kingdom,8703,,1056748860.3139788,1,forecast_2025_unobserved,650178098.02566922,,,,-406570762.28830957
1,2022,Canada,China,1001,1603329352,,2,training_final,201223.11849982807,-1603128128.8815002,1603128128.8815002,-99.987449670384393,
2,2022,Canada,China,8703,493145059,,2,training_final,18473632.635255679,-474671426.36474431,474671426.36474431,-96.253915090882884,
3,2022,Canada,Germany,1001,8340064,,2,training_final,194199.87961543046,-8145864.1203845693,8145864.1203845693,-97.671482141918446,
4,2022,Canada,Germany,8703,173024896,,2,training_final,17855869.199658159,-155169026.80034184,155169026.80034184,-89.680173424489055,
5,2022,Canada,Japan,1001,836132111,,2,training_final,117903.95070303518,-836014207.04929698,836014207.04929698,-99.985898884978596,
6,2022,Canada,Japan,8703,23671130,,2,training_final,10832131.289106093,-12838998.710893907,12838998.710893907,-54.239061299117985,
7,2022,Canada,Mexico,1001,194288498,,2,training_final,46363.458978015864,-194242134.54102197,194242134.54102197,-99.976136796848337,
8,2022,Canada,Mexico,8703,306103450,,2,training_final,4265929.9247896923,-301837520.07521033,301837520.07521033,-98.606376398309251,
9,2022,Canada,United Kingdom,1001,240226916,,2,training_final,423950.01012005255,-239802965.98987994,239802965.98987994,-99.823521020383893,
10,2022,Canada,United Kingdom,8703,13653792,,2,training_final,39004077.627291635,25350285.627291635,25350285.627291635,185.66480013238547,
11,2022,Canada,United States,1001,714525689,,2,training_final,84578402.532022417,-629947286.46797752,629947286.46797752,-88.163000458333073,
12,2022,Canada,United States,8703,26935101879,,2,training_final,7802179551.2386284,-19132922327.761372,19132922327.761372,-71.03341362402044,
13,2022,China,Canada,1001,3205,,2,training_final,11.847767719150474,-3193.1522322808496,3193.1522322808496,-99.630334860556928,
14,2022,China,Canada,8703,492775572,,2,training_final,211098767.29050204,-281676804.70949793,281676804.70949793,-57.161275987418044,
15,2022,China,Germany,1001,4998,,2,training_final,10.270539217201412,-4987.7294607827989,4987.7294607827989,-99.794507018463364,
16,2022,China,Germany,8703,1566710844,,2,training_final,183205163.92372546,-1383505680.0762746,1383505680.0762746,-88.306383106663091,
17,2022,China,Japan,1001,0,,2,training_final,19.714747373181392,19.714747373181392,19.714747373181392,,
18,2022,China,Japan,8703,380371024,,2,training_final,346059611.49532068,-34311412.504679322,34311412.504679322,-9.0205116425165244,
19,2022,China,Mexico,1001,0,,2,training_final,0.94865160629586576,0.94865160629586576,0.94865160629586576,,
20,2022,China,Mexico,8703,2278387435,,2,training_final,22202503.028838474,-2256184931.9711614,2256184931.9711614,-99.025516789297143,
21,2022,China,United Kingdom,1001,121638,,2,training_final,26.454065735493117,-121611.5459342645,121611.5459342645,-99.978251808040667,
22,2022,China,United Kingdom,8703,4397568921,,2,training_final,463026397.74307173,-3934542523.2569284,3934542523.2569284,-89.470855237039018,
23,2022,China,United States,1001,0,,2,training_final,59.043037801119347,59.043037801119347,59.043037801119347,,
24,2022,China,United States,8703,2573291295,,2,training_final,1029030130.4392165,-1544261164.5607834,1544261164.5607834,-60.011129232098199,
25,2022,Germany,Canada,1001,1967,,2,training_final,100307.83114308478,98340.831143084783,98340.831143084783,4999.5338659422869,
26,2022,Germany,Canada,8703,2570897378,,2,training_final,6135008318.5846777,3564110940.5846777,3564110940.5846777,138.63295248903856,
27,2022,Germany,China,1001,0,,2,training_final,90480.451329667994,90480.451329667994,90480.451329667994,,
28,2022,Germany,China,8703,20603317479,,2,training_final,5508564974.7983494,-15094752504.201651,15094752504.201651,-73.263699011516124,
29,2022,Germany,Japan,1001,66536,,2,training_final,47035.192182237333,-19500.807817762667,19500.807817762667,-29.308656693763776,
30,2022,Germany,Japan,8703,3689267263,,2,training_final,2865621012.8387818,-823646250.16121817,823646250.16121817,-22.32546984116987,
31,2022,Germany,Mexico,1001,0,,2,training_final,9343.6142597662001,9343.6142597662001,9343.6142597662001,,
32,2022,Germany,Mexico,8703,649594929,,2,training_final,570129720.84021783,-79465208.159782171,79465208.159782171,-12.233040101176986,
33,2022,Germany,United Kingdom,1001,116225023,,2,training_final,726001.19366976828,-115499021.80633023,115499021.80633023,-99.375348634114914,
34,2022,Germany,United Kingdom,8703,12394393676,,2,training_final,44293597302.810349,31899203626.810349,31899203626.810349,257.36800412091691,
35,2022,Germany,United States,1001,18600,,2,training_final,464997.40682973783,446397.40682973783,446397.40682973783,2399.9860582243969,
36,2022,Germany,United States,8703,23266770397,,2,training_final,28445639422.865299,5178869025.8652992,5178869025.8652992,22.258650158567168,
37,2022,Japan,Canada,1001,0,,2,training_final,0.075334922258853992,0.075334922258853992,0.075334922258853992,,
38,2022,Japan,Canada,8703,3077310774,,2,training_final,1203832808.4651382,-1873477965.5348618,1873477965.5348618,-60.880362859798112,
39,2022,Japan,China,1001,52,,2,training_final,0.8189932231769167,-51.181006776823082,51.181006776823082,-98.425013032352069,
40,2022,Japan,China,8703,9215455168,,2,training_final,3365656393.0178776,-5849798774.9821224,5849798774.9821224,-63.478131772537125,
41,2022,Japan,Germany,1001,0,,2,training_final,0,0,0,,
42,2022,Japan,Germany,8703,1881643344,,2,training_final,926908463.59063244,-954734880.40936756,954734880.40936756,-50.739417937715594,
43,2022,Japan,Mexico,1001,0,,2,training_final,0,0,0,,
44,2022,Japan,Mexico,8703,1120275201,,2,training_final,130270372.25035493,-990004828.74964511,990004828.74964511,-88.371574044121417,
45,2022,Japan,United Kingdom,1001,0,,2,training_final,0.47821168869968034,0.47821168869968034,0.47821168869968034,,
46,2022,Japan,United Kingdom,8703,1996552869,,2,training_final,2377508155.5397797,380955286.53977966,380955286.53977966,19.080651078906122,
47,2022,Japan,United States,1001,0,,2,training_final,1.6896610606448312,1.6896610606448312,1.6896610606448312,,
48,2022,Japan,United States,8703,33302118748,,2,training_final,5931541351.712244,-27370577396.287758,27370577396.287758,-82.188696771527589,
49,2022,Mexico,Canada,1001,199,,2,training_final,299.39626743344462,100.39626743344462,100.39626743344462,50.450385644947048,
50,2022,Mexico,Canada,8703,3879703672,,2,training_final,45663461.710430734,-3834040210.2895694,3834040210.2895694,-98.823016766976664,
51,2022,Mexico,China,1001,829,,2,training_final,136.81069776873295,-692.18930223126699,692.18930223126699,-83.496900148524361,
52,2022,Mexico,China,8703,353283286,,2,training_final,20798098.672695957,-332485187.32730407,332485187.32730407,-94.112911791503223,
53,2022,Mexico,Germany,1001,0,,2,training_final,116.61362540971325,116.61362540971325,116.61362540971325,,
54,2022,Mexico,Germany,8703,4286460449,,2,training_final,17762112.04497306,-4268698336.9550271,4268698336.9550271,-99.585622863985208,
55,2022,Mexico,Japan,1001,0,,2,training_final,82.343899568639799,82.343899568639799,82.343899568639799,,
56,2022,Mexico,Japan,8703,400043639,,2,training_final,12547247.964871056,-387496391.03512895,387496391.03512895,-96.863530189797359,
57,2022,Mexico,United Kingdom,1001,0,,2,training_final,322.85616483457267,322.85616483457267,322.85616483457267,,
58,2022,Mexico,United Kingdom,8703,1034444446,,2,training_final,49115744.354516543,-985328701.64548349,985328701.64548349,-95.251968866531428,
59,2022,Mexico,United States,1001,472138,,2,training_final,74500.88397409684,-397637.11602590315,397637.11602590315,-84.22052790199119,
60,2022,Mexico,United States,8703,36382813669,,2,training_final,11352328821.078075,-25030484847.921925,25030484847.921925,-68.79755116149569,
61,2022,United Kingdom,Canada,1001,60801,,2,training_final,5462.0194175392471,-55338.980582460754,55338.980582460754,-91.016563185573844,
62,2022,United Kingdom,Canada,8703,528484630,,2,training_final,285968973.42459822,-242515656.57540178,242515656.57540178,-45.888876006744368,
63,2022,United Kingdom,China,1001,1418,,2,training_final,5700.5067092692861,4282.5067092692861,4282.5067092692861,302.01034621081004,
64,2022,United Kingdom,China,8703,4173646899,,2,training_final,297085369.84630322,-3876561529.153697,3876561529.153697,-92.8818758022514,
65,2022,United Kingdom,Germany,1001,11440,,2,training_final,18109.557659270122,6669.5576592701218,6669.5576592701218,58.30032918942414,
66,2022,United Kingdom,Germany,8703,2527077674,,2,training_final,945182564.85684788,-1581895109.1431522,1581895109.1431522,-62.597803202433425,
67,2022,United Kingdom,Japan,1001,0,,2,training_final,3007.3039941221864,3007.3039941221864,3007.3039941221864,,
68,2022,United Kingdom,Japan,8703,739699763,,2,training_final,156847885.72626245,-582851877.27373755,582851877.27373755,-78.795736652647477,
69,2022,United Kingdom,Mexico,1001,0,,2,training_final,643.79077026679659,643.79077026679659,643.79077026679659,,
70,2022,United Kingdom,Mexico,8703,132403248,,2,training_final,33641435.15965303,-98761812.840346962,98761812.840346962,-74.591684367400845,
71,2022,United Kingdom,United States,1001,102660,,2,training_final,25120.479620506649,-77539.520379493348,77539.520379493348,-75.530411435313994,
72,2022,United Kingdom,United States,8703,6770953814,,2,training_final,1315402620.6327851,-5455551193.3672152,5455551193.3672152,-80.57286082925296,
73,2022,United States,Canada,1001,28785161,,2,training_final,35188623.675481722,6403462.6754817218,6403462.6754817218,22.245707347204771,
74,2022,United States,Canada,8703,17366950376,,2,training_final,100720718917.94133,83353768541.94133,83353768541.94133,479.95627751162829,
75,2022,United States,China,1001,403969461,,2,training_final,408016.2375785074,-403561444.76242149,403561444.76242149,-99.898998246904981,
76,2022,United States,China,8703,5387508478,,2,training_final,1162512364.5242879,-4224996113.4757118,4224996113.4757118,-78.422078233910327,
77,2022,United States,Germany,1001,46138,,2,training_final,374547.30224412453,328409.30224412453,328409.30224412453,711.79787213170164,
78,2022,United States,Germany,8703,7207390139,,2,training_final,1068770419.0594488,-6138619719.9405508,6138619719.9405508,-85.171186817316681,
79,2022,United States,Japan,1001,1004152250,,2,training_final,241650.21670629413,-1003910599.7832937,1003910599.7832937,-99.97593490262993,
80,2022,United States,Japan,8703,853339451,,2,training_final,688998366.25032175,-164341084.74967825,164341084.74967825,-19.258582801614576,
81,2022,United States,Mexico,1001,1301822725,,2,training_final,4794594.4933593841,-1297028130.5066407,1297028130.5066407,-99.631701428982254,
82,2022,United States,Mexico,8703,3346538590,,2,training_final,13690923844.33923,10344385254.33923,10344385254.33923,309.1070064229927,
83,2022,United States,United Kingdom,1001,4594397,,2,training_final,811169.04853764793,-3783227.9514623522,3783227.9514623522,-82.344384942405981,
84,2022,United States,United Kingdom,8703,1267655554,,2,training_final,2316075105.2471399,1048419551.2471399,1048419551.2471399,82.705396425623988,
85,2023,Canada,China,1001,762849818,,2,training_final,777295.60237205506,-762072522.39762795,762072522.39762795,-99.898106339671173,
86,2023,Canada,China,8703,472711690,,2,training_final,57709298.233388603,-415002391.7666114,415002391.7666114,-87.791861412737944,
87,2023,Canada,Germany,1001,3222402,,2,training_final,344758.42159662576,-2877643.5784033742,2877643.5784033742,-89.301197628457714,
88,2023,Canada,Germany,8703,113517620,,2,training_final,25639475.822844442,-87878144.177155554,87878144.177155554,-77.413659815238859,
89,2023,Canada,Japan,1001,707985427,,2,training_final,183533.40402049574,-707801893.59597945,707801893.59597945,-99.974076669233398,
90,2023,Canada,Japan,8703,24174594,,2,training_final,13640755.305300858,-10533838.694699142,10533838.694699142,-43.574004571489979,
91,2023,Canada,Mexico,1001,264496531,,2,training_final,118507.81641380837,-264378023.18358618,264378023.18358618,-99.955194944914496,
92,2023,Canada,Mexico,8703,374072438,,2,training_final,8808726.6981509458,-365263711.30184907,365263711.30184907,-97.645181573588445,
93,2023,Canada,United Kingdom,1001,217501517,,2,training_final,743399.50179596653,-216758117.49820402,216758117.49820402,-99.658209509501503,
94,2023,Canada,United Kingdom,8703,10056711,,2,training_final,55345081.654056221,45288370.654056221,45288370.654056221,450.32984097938407,
95,2023,Canada,United States,1001,759850744,,2,training_final,157675795.91068679,-602174948.08931327,602174948.08931327,-79.24910949212854,
96,2023,Canada,United States,8703,35250840127,,2,training_final,11748683351.187941,-23502156775.812057,23502156775.812057,-66.671196178983635,
97,2023,China,Canada,1001,3865,,2,training_final,4.7525506486718623,-3860.2474493513282,3860.2474493513282,-99.877036205726469,
98,2023,China,Canada,8703,1930453085,,2,training_final,153674311.22090942,-1776778773.7790906,1776778773.7790906,-92.039469261646971,
99,2023,China,Germany,1001,0,,2,training_final,12.074719192691783,12.074719192691783,12.074719192691783,,
100,2023,China,Germany,8703,4544367308,,2,training_final,374193568.8584221,-4170173739.1415777,4170173739.1415777,-91.765771921655983,
101,2023,China,Japan,1001,0,,2,training_final,20.235949923795985,20.235949923795985,20.235949923795985,,
102,2023,China,Japan,8703,646578850,,2,training_final,619877511.28006899,-26701338.719931006,26701338.719931006,-4.1296337979398814,
103,2023,China,Mexico,1001,0,,2,training_final,1.8281618771819672,1.8281618771819672,1.8281618771819672,,
104,2023,China,Mexico,8703,4207681913,,2,training_final,65212643.802552827,-4142469269.1974473,4142469269.1974473,-98.45015271707986,
105,2023,China,United Kingdom,1001,121819,,2,training_final,30.626751020854659,-121788.37324897914,121788.37324897914,-99.974858806080462,
106,2023,China,United Kingdom,8703,5745196353,,2,training_final,934555795.61734736,-4810640557.3826523,4810640557.3826523,-83.73326622458525,
107,2023,China,United States,1001,1,,2,training_final,72.626069380204015,71.626069380204015,71.626069380204015,7162.6069380204017,
108,2023,China,United States,8703,2541657008,,2,training_final,2204102636.098547,-337554371.90145302,337554371.90145302,-13.280878216021389,
109,2023,Germany,Canada,1001,102883,,2,training_final,30293.362897913074,-72589.637102086926,72589.637102086926,-70.555521419560989,
110,2023,Germany,Canada,8703,2930543685,,2,training_final,3350669798.8547645,420126113.85476446,420126113.85476446,14.336115035758782,
111,2023,Germany,China,1001,0,,2,training_final,166584.271132147,166584.271132147,166584.271132147,,
112,2023,Germany,China,8703,16386440010,,2,training_final,18363832481.195805,1977392471.1958046,1977392471.1958046,12.067248712893585,
113,2023,Germany,Japan,1001,49920,,2,training_final,34896.258392501739,-15023.741607498261,15023.741607498261,-30.095636232969273,
114,2023,Germany,Japan,8703,4106976598,,2,training_final,3851009719.8178248,-255966878.18217516,255966878.18217516,-6.2324893282037435,
115,2023,Germany,Mexico,1001,0,,2,training_final,11383.023936662792,11383.023936662792,11383.023936662792,,
116,2023,Germany,Mexico,8703,1015361513,,2,training_final,1256332062.9808567,240970549.98085666,240970549.98085666,23.732488074014352,
117,2023,Germany,United Kingdom,1001,135249865,,2,training_final,606757.93318565376,-134643107.06681433,134643107.06681433,-99.551380008264204,
118,2023,Germany,United Kingdom,8703,15409155974,,2,training_final,67072011862.952728,51662855888.952728,51662855888.952728,335.27375526682903,
119,2023,Germany,United States,1001,33460278,,2,training_final,413168.0634957297,-33047109.936504271,33047109.936504271,-98.765198354013279,
120,2023,Germany,United States,8703,24975391688,,2,training_final,45710957686.347824,20735565998.347824,20735565998.347824,83.02398720061197,
121,2023,Japan,Canada,1001,0,,2,training_final,0,0,0,,
122,2023,Japan,Canada,8703,5116842624,,2,training_final,661425455.12413037,-4455417168.8758698,4455417168.8758698,-87.073562668865648,
123,2023,Japan,China,1001,0,,2,training_final,0.064422735463907366,0.064422735463907366,0.064422735463907366,,
124,2023,Japan,China,8703,7745909548,,2,training_final,11287372987.406889,3541463439.406889,3541463439.406889,45.720433700665893,
125,2023,Japan,Germany,1001,0,,2,training_final,0,0,0,,
126,2023,Japan,Germany,8703,2561672103,,2,training_final,1428876215.7875023,-1132795887.2124977,1132795887.2124977,-44.220955753309298,
127,2023,Japan,Mexico,1001,0,,2,training_final,0,0,0,,
128,2023,Japan,Mexico,8703,1791430445,,2,training_final,288785026.55993629,-1502645418.4400637,1502645418.4400637,-83.879640576280579,
129,2023,Japan,United Kingdom,1001,0,,2,training_final,0,0,0,,
130,2023,Japan,United Kingdom,8703,3165680922,,2,training_final,3621768193.7025547,456087271.7025547,456087271.7025547,14.40724074662616,
131,2023,Japan,United States,1001,1445,,2,training_final,0.0029730893417784792,-1444.9970269106582,1444.9970269106582,-99.999794249872537,
132,2023,Japan,United States,8703,40987859064,,2,training_final,9588936366.7727718,-31398922697.227226,31398922697.227226,-76.605422713588808,
133,2023,Mexico,Canada,1001,1,,2,training_final,542.55770064627393,541.55770064627393,541.55770064627393,54155.770064627395,
134,2023,Mexico,Canada,8703,5210553432,,2,training_final,28324277.807070237,-5182229154.1929302,5182229154.1929302,-99.456405578088507,
135,2023,Mexico,China,1001,1125,,2,training_final,1514.0227342323392,389.02273423233919,389.02273423233919,34.579798598430152,
136,2023,Mexico,China,8703,311060415,,2,training_final,78744825.60982351,-232315589.39017648,232315589.39017648,-74.685038078592058,
137,2023,Mexico,Germany,1001,0,,2,training_final,593.13572224217069,593.13572224217069,593.13572224217069,,
138,2023,Mexico,Germany,8703,5279964475,,2,training_final,30912039.086653061,-5249052435.9133472,5249052435.9133472,-99.414540775169655,
139,2023,Mexico,Japan,1001,0,,2,training_final,367.55712266058555,367.55712266058555,367.55712266058555,,
140,2023,Mexico,Japan,8703,484522388,,2,training_final,19150401.630240057,-465371986.36975992,465371986.36975992,-96.047571360058583,
141,2023,Mexico,United Kingdom,1001,0,,2,training_final,1619.6237128044922,1619.6237128044922,1619.6237128044922,,
142,2023,Mexico,United Kingdom,8703,1318964826,,2,training_final,84468474.729764357,-1234496351.2702355,1234496351.2702355,-93.595850847218543,
143,2023,Mexico,United States,1001,2796415,,2,training_final,397012.95258388476,-2399402.0474161152,2399402.0474161152,-85.802788477966075,
144,2023,Mexico,United States,8703,42827067991,,2,training_final,20718729565.522362,-22108338425.477638,22108338425.477638,-51.622348814828158,
145,2023,United Kingdom,Canada,1001,65412,,2,training_final,1729.857196151906,-63682.142803848095,63682.142803848095,-97.35544365536613,
146,2023,United Kingdom,Canada,8703,663987027,,2,training_final,198781705.66224298,-465205321.33775699,465205321.33775699,-70.062411225055001,
147,2023,United Kingdom,China,1001,1531924,,2,training_final,11007.860125688503,-1520916.1398743114,1520916.1398743114,-99.281435624372449,
148,2023,United Kingdom,China,8703,4409411353,,2,training_final,1260512430.9424505,-3148898922.0575495,3148898922.0575495,-71.413135903393439,
149,2023,United Kingdom,Germany,1001,14629,,2,training_final,16070.956597665814,1441.9565976658141,1441.9565976658141,9.8568364048521016,
150,2023,United Kingdom,Germany,8703,3213860974,,2,training_final,1843385760.294342,-1370475213.705658,1370475213.705658,-42.642641507916636,
151,2023,United Kingdom,Japan,1001,0,,2,training_final,2340.0176363082719,2340.0176363082719,2340.0176363082719,,
152,2023,United Kingdom,Japan,8703,1032117423,,2,training_final,268272126.84758565,-763845296.15241432,763845296.15241432,-74.007596338426922,
153,2023,United Kingdom,Mexico,1001,0,,2,training_final,822.68304208734003,822.68304208734003,822.68304208734003,,
154,2023,United Kingdom,Mexico,8703,242065061,,2,training_final,94350955.143545851,-147714105.85645413,147714105.85645413,-61.022481000037473,
155,2023,United Kingdom,United States,1001,106493,,2,training_final,23410.051209174431,-83082.948790825569,83082.948790825569,-78.017286385795842,
156,2023,United Kingdom,United States,8703,6571871801,,2,training_final,2690322500.3467112,-3881549300.6532888,3881549300.6532888,-59.063070890437302,
157,2023,United States,Canada,1001,14387882,,2,training_final,9170813.5081761293,-5217068.4918238707,5217068.4918238707,-36.260156233029093,
158,2023,United States,Canada,8703,15798643484,,2,training_final,47940109520.853516,32141466036.853516,32141466036.853516,203.44446704810213,
159,2023,United States,China,1001,392202704,,2,training_final,648254.6830359106,-391554449.31696409,391554449.31696409,-99.834714376921809,
160,2023,United States,China,8703,6852481498,,2,training_final,3377428442.5552492,-3475053055.4447508,3475053055.4447508,-50.712330364686103,
161,2023,United States,Germany,1001,6245,,2,training_final,273484.30912320269,267239.30912320269,267239.30912320269,4279.2523478495232,
162,2023,United States,Germany,8703,8996905361,,2,training_final,1427275002.9841526,-7569630358.0158472,7569630358.0158472,-84.135934016032465,
163,2023,United States,Japan,1001,743044287,,2,training_final,154715.36806961027,-742889571.63193035,742889571.63193035,-99.979178176755212,
164,2023,United States,Japan,8703,1261999920,,2,training_final,806933570.16239369,-455066349.83760631,455066349.83760631,-36.059142526538849,
165,2023,United States,Mexico,1001,1075701859,,2,training_final,5040590.5485757627,-1070661268.4514242,1070661268.4514242,-99.531413792176437,
166,2023,United States,Mexico,8703,4442422862,,2,training_final,26292219324.195469,21849796462.195469,21849796462.195469,491.84413868153439,
167,2023,United States,United Kingdom,1001,3670239,,2,training_final,585031.23644049,-3085207.76355951,3085207.76355951,-84.06013242079085,
168,2023,United States,United Kingdom,8703,1040548505,,2,training_final,3056446150.4664383,2015897645.4664383,2015897645.4664383,193.7341350047337,
169,2024,Canada,China,1001,573720099,,2,training_final,675490.78658031311,-573044608.21341968,573044608.21341968,-99.882261265073723,
170,2024,Canada,China,8703,361534154,,2,training_final,67858078.764894277,-293676075.23510575,293676075.23510575,-81.230520543048257,
171,2024,Canada,Germany,1001,927836,,2,training_final,319164.7296778927,-608671.27032210724,608671.27032210724,-65.601169853520148,
172,2024,Canada,Germany,8703,108039258,,2,training_final,32108608.11648079,-75930649.883519202,75930649.883519202,-70.280610297711604,
173,2024,Canada,Japan,1001,607223446,,2,training_final,150935.86278002599,-607072510.13722003,607072510.13722003,-99.975143274889291,
174,2024,Canada,Japan,8703,11236402,,2,training_final,15174295.761275506,3937893.7612755056,3937893.7612755056,35.045860421116167,
175,2024,Canada,Mexico,1001,172551233,,2,training_final,107025.39264483323,-172444207.60735518,172444207.60735518,-99.937974715808139,
176,2024,Canada,Mexico,8703,380444284,,2,training_final,10786892.66620029,-369657391.33379972,369657391.33379972,-97.164659026339777,
177,2024,Canada,United Kingdom,1001,173421644,,2,training_final,640816.57143202517,-172780827.42856798,172780827.42856798,-99.630486393363896,
178,2024,Canada,United Kingdom,8703,5919442,,2,training_final,64506175.088560909,58586733.088560909,58586733.088560909,989.73405075277208,
179,2024,Canada,United States,1001,685179327,,2,training_final,136711259.50486612,-548468067.49513388,548468067.49513388,-80.047375319473687,
180,2024,Canada,United States,8703,28360982334,,2,training_final,13785783792.528181,-14575198541.471819,14575198541.471819,-51.391726738599715,
181,2024,China,Canada,1001,0,,2,training_final,1.0119777198139606,1.0119777198139606,1.0119777198139606,,
182,2024,China,Canada,8703,1486501326,,2,training_final,202066699.00007963,-1284434626.9999204,1284434626.9999204,-86.406557769859688,
183,2024,China,Germany,1001,5,,2,training_final,3.3990417052610691,-1.6009582947389309,1.6009582947389309,-32.019165894778624,
184,2024,China,Germany,8703,3293596023,,2,training_final,557785765.30681312,-2735810257.6931868,2735810257.6931868,-83.064536105470836,
185,2024,China,Japan,1001,0,,2,training_final,5.1638063968239187,5.1638063968239187,5.1638063968239187,,
186,2024,China,Japan,8703,905237235,,2,training_final,820795141.71913838,-84442093.280861616,84442093.280861616,-9.328172772396135,
187,2024,China,Mexico,1001,0,,2,training_final,0.2994728025572761,0.2994728025572761,0.2994728025572761,,
188,2024,China,Mexico,8703,4603755988,,2,training_final,95054744.323470592,-4508701243.6765289,4508701243.6765289,-97.93527839939307,
189,2024,China,United Kingdom,1001,69452,,2,training_final,8.3404436452163928,-69443.659556354789,69443.659556354789,-99.987991067722731,
190,2024,China,United Kingdom,8703,5102705740,,2,training_final,1296541028.9578753,-3806164711.0421247,3806164711.0421247,-74.591107247389985,
191,2024,China,United States,1001,0,,2,training_final,20.228754606839981,20.228754606839981,20.228754606839981,,
192,2024,China,United States,8703,3820671125,,2,training_final,3078455281.9120364,-742215843.08796358,742215843.08796358,-19.4263211568089,
193,2024,Germany,Canada,1001,166171,,2,training_final,22918.951067125832,-143252.04893287417,143252.04893287417,-86.207610794226525,
194,2024,Germany,Canada,8703,2832653765,,2,training_final,3253081358.5519586,420427593.55195856,420427593.55195856,14.842180811037403,
195,2024,Germany,China,1001,0,,2,training_final,134416.42321652349,134416.42321652349,134416.42321652349,,
196,2024,Germany,China,8703,11304788932,,2,training_final,18977879383.921986,7673090451.9219856,7673090451.9219856,67.874690081139732,
197,2024,Germany,Japan,1001,37305,,2,training_final,26646.511950100838,-10658.488049899162,10658.488049899162,-28.57120506607469,
198,2024,Germany,Japan,8703,3907415118,,2,training_final,3765072415.8063726,-142342702.19362736,142342702.19362736,-3.6428866116094953,
199,2024,Germany,Mexico,1001,0,,2,training_final,9545.0993205659724,9545.0993205659724,9545.0993205659724,,
200,2024,Germany,Mexico,8703,1067908362,,2,training_final,1352123173.3439543,284214811.34395432,284214811.34395432,26.614157305751512,
201,2024,Germany,United Kingdom,1001,289517719,,2,training_final,485637.49130004493,-289032081.50869995,289032081.50869995,-99.832259837851225,
202,2024,Germany,United Kingdom,8703,14867362044,,2,training_final,68705607707.634499,53838245663.634499,53838245663.634499,362.12372782945664,
203,2024,Germany,United States,1001,8332225,,2,training_final,332622.18776417093,-7999602.8122358294,7999602.8122358294,-96.008002811203852,
204,2024,Germany,United States,8703,26105847078,,2,training_final,47140173660.344162,21034326582.344162,21034326582.344162,80.573239088917646,
205,2024,Japan,Canada,1001,0,,2,training_final,0,0,0,,
206,2024,Japan,Canada,8703,5504542608,,2,training_final,613725132.39122379,-4890817475.6087761,4890817475.6087761,-88.850569863892602,
207,2024,Japan,China,1001,0,,2,training_final,1.3290954967353883,1.3290954967353883,1.3290954967353883,,
208,2024,Japan,China,8703,6641426201,,2,training_final,11148256327.95929,4506830126.9592896,4506830126.9592896,67.85937222762027,
209,2024,Japan,Germany,1001,0,,2,training_final,0,0,0,,
210,2024,Japan,Germany,8703,2207609523,,2,training_final,1503021686.8940918,-704587836.10590816,704587836.10590816,-31.91632527243398,
211,2024,Japan,Mexico,1001,0,,2,training_final,0,0,0,,
212,2024,Japan,Mexico,8703,1523309798,,2,training_final,297040859.90172577,-1226268938.0982742,1226268938.0982742,-80.500298738200215,
213,2024,Japan,United Kingdom,1001,0,,2,training_final,0.19262060586071209,0.19262060586071209,0.19262060586071209,,
214,2024,Japan,United Kingdom,8703,3096026636,,2,training_final,3545693669.4425559,449667033.4425559,449667033.4425559,14.52400403193934,
215,2024,Japan,United States,1001,0,,2,training_final,1.0702617649653519,1.0702617649653519,1.0702617649653519,,
216,2024,Japan,United States,8703,40489527390,,2,training_final,9450852911.7827511,-31038674478.217247,31038674478.217247,-76.658525003883099,
217,2024,Mexico,Canada,1001,18,,2,training_final,13.577783072168733,-4.4222169278312666,4.4222169278312666,-24.567871821284815,
218,2024,Mexico,Canada,8703,5918119238,,2,training_final,20420459.527053561,-5897698778.4729462,5897698778.4729462,-99.654950184242082,
219,2024,Mexico,China,1001,2671,,2,training_final,41.056864558547446,-2629.9431354414523,2629.9431354414523,-98.46286542274251,
220,2024,Mexico,China,8703,255985743,,2,training_final,60429605.412238993,-195556137.58776101,195556137.58776101,-76.39337069946157,
221,2024,Mexico,Germany,1001,2,,2,training_final,16.944884723614528,14.944884723614528,14.944884723614528,747.24423618072638,
222,2024,Mexico,Germany,8703,3979822545,,2,training_final,25264572.656668063,-3954557972.3433318,3954557972.3433318,-99.365183437929687,
223,2024,Mexico,Japan,1001,0,,2,training_final,9.180308212344185,9.180308212344185,9.180308212344185,,
224,2024,Mexico,Japan,8703,418148376,,2,training_final,13903366.667308863,-404245009.33269113,404245009.33269113,-96.675015983486958,
225,2024,Mexico,United Kingdom,1001,0,,2,training_final,43.585693986322504,43.585693986322504,43.585693986322504,,
226,2024,Mexico,United Kingdom,8703,1036234550,,2,training_final,64252329.401895188,-971982220.59810483,971982220.59810483,-93.799441506568655,
227,2024,Mexico,United States,1001,323719,,2,training_final,10826.611293750579,-312892.38870624942,312892.38870624942,-96.655552718947419,
228,2024,Mexico,United States,8703,49637259600,,2,training_final,15866361802.924595,-33770897797.075405,33770897797.075405,-68.03537920750847,
229,2024,United Kingdom,Canada,1001,1943,,2,training_final,157.231102116248,-1785.7688978837521,1785.7688978837521,-91.90781769859764,
230,2024,United Kingdom,Canada,8703,592950008,,2,training_final,184208724.7228598,-408741283.2771402,408741283.2771402,-68.933515096122605,
231,2024,United Kingdom,China,1001,29358,,2,training_final,1068.8579493297539,-28289.142050670245,28289.142050670245,-96.359227640405493,
232,2024,United Kingdom,China,8703,4078424924,,2,training_final,1243374573.8165889,-2835050350.1834111,2835050350.1834111,-69.513363688521125,
233,2024,United Kingdom,Germany,1001,71283,,2,training_final,1662.5325295639745,-69620.467470436022,69620.467470436022,-97.667701233724756,
234,2024,United Kingdom,Germany,8703,2443797094,,2,training_final,1936545243.4511952,-507251850.54880476,507251850.54880476,-20.756708967131818,
235,2024,United Kingdom,Japan,1001,3035,,2,training_final,214.77683169929293,-2820.2231683007071,2820.2231683007071,-92.923333387173216,
236,2024,United Kingdom,Japan,8703,1031790547,,2,training_final,250348365.68346983,-781442181.31653023,781442181.31653023,-75.736512956881171,
237,2024,United Kingdom,Mexico,1001,0,,2,training_final,82.736576103405397,82.736576103405397,82.736576103405397,,
238,2024,United Kingdom,Mexico,8703,221441018,,2,training_final,96923391.613243088,-124517626.38675691,124517626.38675691,-56.230606014806575,
239,2024,United Kingdom,United States,1001,461387,,2,training_final,2268.2481994969835,-459118.751800503,459118.751800503,-99.50838489175095,
240,2024,United Kingdom,United States,8703,9760731714,,2,training_final,2648168962.0480685,-7112562751.951931,7112562751.951931,-72.86915530882024,
241,2024,United States,Canada,1001,24530233,,2,training_final,9233631.3109196965,-15296601.689080304,15296601.689080304,-62.358158966856543,
242,2024,United States,Canada,8703,15597579400,,2,training_final,49813970881.269348,34216391481.269348,34216391481.269348,219.36988172196351,
243,2024,United States,China,1001,676649911,,2,training_final,696113.56712623709,-675953797.43287373,675953797.43287373,-99.897123526389365,
244,2024,United States,China,8703,5586660835,,2,training_final,3735591366.4921732,-1851069468.5078268,1851069468.5078268,-33.133736290397643,
245,2024,United States,Germany,1001,4749,,2,training_final,312848.22564144334,308099.22564144334,308099.22564144334,6487.6653114643777,
246,2024,United States,Germany,8703,7595825735,,2,training_final,1681269895.6760378,-5914555839.3239622,5914555839.3239622,-77.865870619844628,
247,2024,United States,Japan,1001,633126270,,2,training_final,157221.57259363148,-632969048.42740631,632969048.42740631,-99.975167422354204,
248,2024,United States,Japan,8703,929137299,,2,training_final,844355524.39038479,-84781774.609615207,84781774.609615207,-9.1247843242180728,
249,2024,United States,Mexico,1001,1070869870,,2,training_final,5625000.4564876584,-1065244869.5435123,1065244869.5435123,-99.474726050842406,
250,2024,United States,Mexico,8703,4561751943,,2,training_final,30285022852.295933,25723270909.295933,25723270909.295933,563.89017269490603,
251,2024,United States,United Kingdom,1001,11505,,2,training_final,623148.77024016355,611643.77024016355,611643.77024016355,5316.3300325090268,
252,2024,United States,United Kingdom,8703,1224546537,,2,training_final,3350861266.7069712,2126314729.7069712,2126314729.7069712,173.64098998770604,
169,2024,Canada,China,1001,573720099,,2,validation_2024_observed,396052.54202802456,-573324046.45797193,573324046.45797193,-99.93096763688105,
170,2024,Canada,China,8703,361534154,,2,validation_2024_observed,66731744.937289931,-294802409.06271005,294802409.06271005,-81.542063398721112,
171,2024,Canada,Germany,1001,927836,,2,validation_2024_observed,134598.2651103941,-793237.7348896059,793237.7348896059,-85.493312922715432,
172,2024,Canada,Germany,8703,108039258,,2,validation_2024_observed,22746030.306196157,-85293227.693803847,85293227.693803847,-78.94651376984082,
173,2024,Canada,Japan,1001,607223446,,2,validation_2024_observed,75248.770911771135,-607148197.22908819,607148197.22908819,-99.987607729673897,
174,2024,Canada,Japan,8703,11236402,,2,validation_2024_observed,12702559.106001129,1466157.1060011294,1466157.1060011294,13.048279208959679,
175,2024,Canada,Mexico,1001,172551233,,2,validation_2024_observed,50035.989651107811,-172501197.01034889,172501197.01034889,-99.971002241606058,
176,2024,Canada,Mexico,8703,380444284,,2,validation_2024_observed,8447911.7783914674,-371996372.22160852,371996372.22160852,-97.779461504962057,
177,2024,Canada,United Kingdom,1001,173421644,,2,validation_2024_observed,394606.26830202818,-173027037.73169798,173027037.73169798,-99.772458466428773,
178,2024,Canada,United Kingdom,8703,5919442,,2,validation_2024_observed,66809727.988411561,60890285.988411561,60890285.988411561,1028.6490853092498,
179,2024,Canada,United States,1001,685179327,,2,validation_2024_observed,70785974.645299688,-614393352.35470033,614393352.35470033,-89.668985642746975,
180,2024,Canada,United States,8703,28360982334,,2,validation_2024_observed,12002348338.1462,-16358633995.8538,16358633995.8538,-57.680068353071732,
181,2024,China,Canada,1001,0,,2,validation_2024_observed,2.5628689438556722,2.5628689438556722,2.5628689438556722,,
182,2024,China,Canada,8703,1486501326,,2,validation_2024_observed,105803086.19390827,-1380698239.8060918,1380698239.8060918,-92.882408892388156,
183,2024,China,Germany,1001,5,,2,validation_2024_observed,7.0586444956355896,2.0586444956355896,2.0586444956355896,41.172889912711796,
184,2024,China,Germany,8703,3293596023,,2,validation_2024_observed,272355039.85037953,-3021240983.1496205,3021240983.1496205,-91.730769713454336,
185,2024,China,Japan,1001,0,,2,validation_2024_observed,12.035402397034696,12.035402397034696,12.035402397034696,,
186,2024,China,Japan,8703,905237235,,2,validation_2024_observed,456563733.7956844,-448673501.2043156,448673501.2043156,-49.564189789908006,
187,2024,China,Mexico,1001,0,,2,validation_2024_observed,1.1347477113395059,1.1347477113395059,1.1347477113395059,,
188,2024,China,Mexico,8703,4603755988,,2,validation_2024_observed,52445947.676721737,-4551310040.3232784,4551310040.3232784,-98.860800880554365,
189,2024,China,United Kingdom,1001,69452,,2,validation_2024_observed,20.01113748704492,-69431.988862512953,69431.988862512953,-99.971187096862508,
190,2024,China,United Kingdom,8703,5102705740,,2,validation_2024_observed,754482563.89958918,-4348223176.1004105,4348223176.1004105,-85.214068724652932,
191,2024,China,United States,1001,0,,2,validation_2024_observed,46.536246095261873,46.536246095261873,46.536246095261873,,
192,2024,China,United States,8703,3820671125,,2,validation_2024_observed,1743360463.8676713,-2077310661.1323287,2077310661.1323287,-54.37030807335789,
193,2024,Germany,Canada,1001,166171,,2,validation_2024_observed,14569.840624454824,-151601.15937554516,151601.15937554516,-91.232019651771466,
194,2024,Germany,Canada,8703,2832653765,,2,validation_2024_observed,2592245775.934907,-240407989.06509304,240407989.06509304,-8.4870234419593125,
195,2024,Germany,China,1001,0,,2,validation_2024_observed,110679.25155003411,110679.25155003411,110679.25155003411,,
196,2024,Germany,China,8703,11304788932,,2,validation_2024_observed,19576728563.378059,8271939631.3780594,8271939631.3780594,73.17199534759132,
197,2024,Germany,Japan,1001,37305,,2,validation_2024_observed,18728.496421570613,-18576.503578429387,18576.503578429387,-49.796283550273117,
198,2024,Germany,Japan,8703,3907415118,,2,validation_2024_observed,3318891413.0871921,-588523704.91280794,588523704.91280794,-15.061714385085407,
199,2024,Germany,Mexico,1001,0,,2,validation_2024_observed,6431.1411992922749,6431.1411992922749,6431.1411992922749,,
200,2024,Germany,Mexico,8703,1067908362,,2,validation_2024_observed,1139894949.2758563,71986587.275856256,71986587.275856256,6.7408955522211986,
201,2024,Germany,United Kingdom,1001,289517719,,2,validation_2024_observed,329447.35830376932,-289188271.64169621,289188271.64169621,-99.886208222611828,
202,2024,Germany,United Kingdom,8703,14867362044,,2,validation_2024_observed,58553822664.389923,43686460620.389923,43686460620.389923,293.84137206788751,
203,2024,Germany,United States,1001,8332225,,2,validation_2024_observed,228618.31000914663,-8103606.689990853,8103606.689990853,-97.25621535653265,
204,2024,Germany,United States,8703,26105847078,,2,validation_2024_observed,40693400936.930351,14587553858.930351,14587553858.930351,55.878492719830646,
205,2024,Japan,Canada,1001,0,,2,validation_2024_observed,0,0,0,,
206,2024,Japan,Canada,8703,5504542608,,2,validation_2024_observed,576916543.37301433,-4927626064.6269855,4927626064.6269855,-89.519264642723343,
207,2024,Japan,China,1001,0,,2,validation_2024_observed,0.24237648527789316,0.24237648527789316,0.24237648527789316,,
208,2024,Japan,China,8703,6641426201,,2,validation_2024_observed,13078481319.908453,6437055118.908453,6437055118.908453,96.922783210919746,
209,2024,Japan,Germany,1001,0,,2,validation_2024_observed,0,0,0,,
210,2024,Japan,Germany,8703,2207609523,,2,validation_2024_observed,1322647896.8655536,-884961626.13444638,884961626.13444638,-40.086873014202268,
211,2024,Japan,Mexico,1001,0,,2,validation_2024_observed,0,0,0,,
212,2024,Japan,Mexico,8703,1523309798,,2,validation_2024_observed,293962088.70239359,-1229347709.2976065,1229347709.2976065,-80.702409379343237,
213,2024,Japan,United Kingdom,1001,0,,2,validation_2024_observed,0,0,0,,
214,2024,Japan,United Kingdom,8703,3096026636,,2,validation_2024_observed,3716792542.9964991,620765906.99649906,620765906.99649906,20.050405890516345,
215,2024,Japan,United States,1001,0,,2,validation_2024_observed,0.10133258726910975,0.10133258726910975,0.10133258726910975,,
216,2024,Japan,United States,8703,40489527390,,2,validation_2024_observed,9605294150.6929703,-30884233239.30703,30884233239.30703,-76.277089978913267,
217,2024,Mexico,Canada,1001,18,,2,validation_2024_observed,220.20268596520316,202.20268596520316,202.20268596520316,1123.3482553622398,
218,2024,Mexico,Canada,8703,5918119238,,2,validation_2024_observed,19175404.000374563,-5898943833.9996252,5898943833.9996252,-99.675988211301146,
219,2024,Mexico,China,1001,2671,,2,validation_2024_observed,868.10220155746754,-1802.8977984425323,1802.8977984425323,-67.498981596500656,
220,2024,Mexico,China,8703,255985743,,2,validation_2024_observed,75082932.902955353,-180902810.09704465,180902810.09704465,-70.66909585548467,
221,2024,Mexico,Germany,1001,2,,2,validation_2024_observed,261.52239722974446,259.52239722974446,259.52239722974446,12976.119861487223,
222,2024,Mexico,Germany,8703,3979822545,,2,validation_2024_observed,22703322.179907113,-3957119222.8200927,3957119222.8200927,-99.429539334399962,
223,2024,Mexico,Japan,1001,0,,2,validation_2024_observed,169.3193836124004,169.3193836124004,169.3193836124004,,
224,2024,Mexico,Japan,8703,418148376,,2,validation_2024_observed,14691451.389500152,-403456924.61049986,403456924.61049986,-96.486545869186841,
225,2024,Mexico,United Kingdom,1001,0,,2,validation_2024_observed,789.44517573739597,789.44517573739597,789.44517573739597,,
226,2024,Mexico,United Kingdom,8703,1036234550,,2,validation_2024_observed,68612355.262779847,-967622194.73722017,967622194.73722017,-93.378684848639736,
227,2024,Mexico,United States,1001,323719,,2,validation_2024_observed,162927.12490028917,-160791.87509971083,160791.87509971083,-49.670200111736051,
228,2024,Mexico,United States,8703,49637259600,,2,validation_2024_observed,14176344780.990339,-35460914819.009659,35460914819.009659,-71.440113948211717,
229,2024,United Kingdom,Canada,1001,1943,,2,validation_2024_observed,1060.4853903270819,-882.51460967291814,882.51460967291814,-45.420206365049829,
230,2024,United Kingdom,Canada,8703,592950008,,2,validation_2024_observed,195682191.88589856,-397267816.11410141,397267816.11410141,-66.998534573609689,
231,2024,United Kingdom,China,1001,29358,,2,validation_2024_observed,7599.5363593412303,-21758.463640658771,21758.463640658771,-74.114257240475411,
232,2024,United Kingdom,China,8703,4078424924,,2,validation_2024_observed,1393782326.5672259,-2684642597.4327741,2684642597.4327741,-65.82547545829911,
233,2024,United Kingdom,Germany,1001,71283,,2,validation_2024_observed,8180.9491346597952,-63102.050865340207,63102.050865340207,-88.523281659498338,
234,2024,United Kingdom,Germany,8703,2443797094,,2,validation_2024_observed,1504860683.7702587,-938936410.22974133,938936410.22974133,-38.421209867832886,
235,2024,United Kingdom,Japan,1001,3035,,2,validation_2024_observed,1304.2544850792347,-1730.7455149207653,1730.7455149207653,-57.026211364769864,
236,2024,United Kingdom,Japan,8703,1031790547,,2,validation_2024_observed,239694550.9864046,-792095996.01359534,792095996.01359534,-76.769068908090631,
237,2024,United Kingdom,Mexico,1001,0,,2,validation_2024_observed,481.49260311997966,481.49260311997966,481.49260311997966,,
238,2024,United Kingdom,Mexico,8703,221441018,,2,validation_2024_observed,88535766.698563367,-132905251.30143663,132905251.30143663,-60.018352743228732,
239,2024,United Kingdom,United States,1001,461387,,2,validation_2024_observed,16516.234582946778,-444870.76541705325,444870.76541705325,-96.420307771361834,
240,2024,United Kingdom,United States,8703,9760731714,,2,validation_2024_observed,3048245271.4161487,-6712486442.5838509,6712486442.5838509,-68.770320087335321,
241,2024,United States,Canada,1001,24530233,,2,validation_2024_observed,7005246.0176074896,-17524986.982392512,17524986.982392512,-71.442399191204217,
242,2024,United States,Canada,8703,15597579400,,2,validation_2024_observed,68088862338.36908,52491282938.36908,52491282938.36908,336.53480192169485,
243,2024,United States,China,1001,676649911,,2,validation_2024_observed,645533.17044310633,-676004377.82955694,676004377.82955694,-99.904598646959244,
244,2024,United States,China,8703,5586660835,,2,validation_2024_observed,6237796317.4975605,651135482.4975605,651135482.4975605,11.655181900756295,
245,2024,United States,Germany,1001,4749,,2,validation_2024_observed,209008.70722870619,204259.70722870619,204259.70722870619,4301.1098595221347,
246,2024,United States,Germany,8703,7595825735,,2,validation_2024_observed,2025644744.1534636,-5570180990.8465366,5570180990.8465366,-73.33213247876779,
247,2024,United States,Japan,1001,633126270,,2,validation_2024_observed,123929.44497800746,-633002340.555022,633002340.555022,-99.980425793265852,
248,2024,United States,Japan,8703,929137299,,2,validation_2024_observed,1199772106.9281621,270634807.9281621,270634807.9281621,29.127536718140306,
249,2024,United States,Mexico,1001,1070869870,,2,validation_2024_observed,3659160.0854381914,-1067210709.9145619,1067210709.9145619,-99.658300211076252,
250,2024,United States,Mexico,8703,4561751943,,2,validation_2024_observed,35430638035.64064,30868886092.64064,30868886092.64064,676.68927373416011,
251,2024,United States,United Kingdom,1001,11505,,2,validation_2024_observed,608050.20171601744,596545.20171601744,596545.20171601744,5185.0951909258356,
252,2024,United States,United Kingdom,8703,1224546537,,2,validation_2024_observed,5904024099.9325647,4679477562.9325647,4679477562.9325647,382.13962650996945,
253,2025,Canada,China,1001,,530862258.4581008,2,forecast_2025_unobserved,675490.78658031311,,,,-530186767.67152047
254,2025,Canada,China,8703,,416554030.78198922,2,forecast_2025_unobserved,67858078.764894277,,,,-348695952.01709497
255,2025,Canada,Germany,1001,,894406.25562884973,2,forecast_2025_unobserved,319164.7296778927,,,,-575241.52595095709
256,2025,Canada,Germany,8703,,92047862.460689306,2,forecast_2025_unobserved,32108608.11648079,,,,-59939254.344208516
257,2025,Canada,Japan,1001,,487208438.33307827,2,forecast_2025_unobserved,150935.86278002599,,,,-487057502.47029823
258,2025,Canada,Japan,8703,,12108816.551532555,2,forecast_2025_unobserved,15174295.761275506,,,,3065479.2097429503
259,2025,Canada,Mexico,1001,,189363850.93000531,2,forecast_2025_unobserved,107025.39264483323,,,,-189256825.53736049
260,2025,Canada,Mexico,8703,,394397077.67651242,2,forecast_2025_unobserved,10786892.66620029,,,,-383610185.01031214
261,2025,Canada,United Kingdom,1001,,147767604.18687198,2,forecast_2025_unobserved,640816.57143202517,,,,-147126787.61543995
262,2025,Canada,United Kingdom,8703,,6531988.7619951274,2,forecast_2025_unobserved,64506175.088560909,,,,57974186.32656578
263,2025,Canada,United States,1001,,651030223.20705056,2,forecast_2025_unobserved,136711259.50486612,,,,-514318963.70218444
264,2025,Canada,United States,8703,,29447181933.073902,2,forecast_2025_unobserved,13785783792.528181,,,,-15661398140.545721
265,2025,China,Canada,1001,,0,2,forecast_2025_unobserved,1.0119777198139606,,,,1.0119777198139606
266,2025,China,Canada,8703,,1422965934.9739506,2,forecast_2025_unobserved,202066699.00007963,,,,-1220899235.973871
267,2025,China,Germany,1001,,4.7523657967247992,2,forecast_2025_unobserved,3.3990417052610691,,,,-1.3533240914637301
268,2025,China,Germany,8703,,3546726622.2719927,2,forecast_2025_unobserved,557785765.30681312,,,,-2988940856.9651794
269,2025,China,Japan,1001,,0,2,forecast_2025_unobserved,5.1638063968239187,,,,5.1638063968239187
270,2025,China,Japan,8703,,925453881.90290022,2,forecast_2025_unobserved,820795141.71913838,,,,-104658740.18376184
271,2025,China,Mexico,1001,,0,2,forecast_2025_unobserved,0.2994728025572761,,,,0.2994728025572761
272,2025,China,Mexico,8703,,4805417606.5950432,2,forecast_2025_unobserved,95054744.323470592,,,,-4710362862.2715721
273,2025,China,United Kingdom,1001,,58717.620669989738,2,forecast_2025_unobserved,8.3404436452163928,,,,-58709.280226344519
274,2025,China,United Kingdom,8703,,6182433384.1456623,2,forecast_2025_unobserved,1296541028.9578753,,,,-4885892355.1877871
275,2025,China,United States,1001,,0,2,forecast_2025_unobserved,20.228754606839981,,,,20.228754606839981
276,2025,China,United States,8703,,3808519439.895184,2,forecast_2025_unobserved,3078455281.9120364,,,,-730064157.98314762
277,2025,Germany,Canada,1001,,159353.01771488506,2,forecast_2025_unobserved,22918.951067125832,,,,-136434.06664775923
278,2025,Germany,Canada,8703,,3185887126.3290038,2,forecast_2025_unobserved,3253081358.5519586,,,,67194232.22295475
279,2025,Germany,China,1001,,0,2,forecast_2025_unobserved,134416.42321652349,,,,134416.42321652349
280,2025,Germany,China,8703,,13053502548.257113,2,forecast_2025_unobserved,18977879383.921986,,,,5924376835.6648731
281,2025,Germany,Japan,1001,,32814.676020545317,2,forecast_2025_unobserved,26646.511950100838,,,,-6168.1640704444799
282,2025,Germany,Japan,8703,,3985740064.5641351,2,forecast_2025_unobserved,3765072415.8063726,,,,-220667648.75776243
283,2025,Germany,Mexico,1001,,0,2,forecast_2025_unobserved,9545.0993205659724,,,,9545.0993205659724
284,2025,Germany,Mexico,8703,,881800888.08630931,2,forecast_2025_unobserved,1352123173.3439543,,,,470322285.25764501
285,2025,Germany,United Kingdom,1001,,241909176.87338209,2,forecast_2025_unobserved,485637.49130004493,,,,-241423539.38208205
286,2025,Germany,United Kingdom,8703,,16543983898.543367,2,forecast_2025_unobserved,68705607707.634499,,,,52161623809.091133
287,2025,Germany,United States,1001,,7436476.7670493107,2,forecast_2025_unobserved,332622.18776417093,,,,-7103854.5792851401
288,2025,Germany,United States,8703,,34318821578.050293,2,forecast_2025_unobserved,47140173660.344162,,,,12821352082.293869
289,2025,Japan,Canada,1001,,0,2,forecast_2025_unobserved,0,,,,0
290,2025,Japan,Canada,8703,,5664394860.395853,2,forecast_2025_unobserved,613725132.39122379,,,,-5050669728.0046291
291,2025,Japan,China,1001,,0,2,forecast_2025_unobserved,1.3290954967353883,,,,1.3290954967353883
292,2025,Japan,China,8703,,6010737613.5248747,2,forecast_2025_unobserved,11148256327.95929,,,,5137518714.4344149
293,2025,Japan,Germany,1001,,0,2,forecast_2025_unobserved,0,,,,0
294,2025,Japan,Germany,8703,,2741869777.702445,2,forecast_2025_unobserved,1503021686.8940918,,,,-1238848090.8083532
295,2025,Japan,Mexico,1001,,0,2,forecast_2025_unobserved,0,,,,0
296,2025,Japan,Mexico,8703,,1525557831.0587449,2,forecast_2025_unobserved,297040859.90172577,,,,-1228516971.1570191
297,2025,Japan,United Kingdom,1001,,0,2,forecast_2025_unobserved,0.19262060586071209,,,,0.19262060586071209
298,2025,Japan,United Kingdom,8703,,3696571751.6599798,2,forecast_2025_unobserved,3545693669.4425559,,,,-150878082.21742392
299,2025,Japan,United States,1001,,0,2,forecast_2025_unobserved,1.0702617649653519,,,,1.0702617649653519
300,2025,Japan,United States,8703,,35318692142.475571,2,forecast_2025_unobserved,9450852911.7827511,,,,-25867839230.692818
301,2025,Mexico,Canada,1001,,18.51114957409418,2,forecast_2025_unobserved,13.577783072168733,,,,-4.9333665019254465
302,2025,Mexico,Canada,8703,,6538395537.5853796,2,forecast_2025_unobserved,20420459.527053561,,,,-6517975078.0583258
303,2025,Mexico,China,1001,,2361.935663288386,2,forecast_2025_unobserved,41.056864558547446,,,,-2320.8787987298383
304,2025,Mexico,China,8703,,230724417.27443409,2,forecast_2025_unobserved,60429605.412238993,,,,-170294811.8621951
305,2025,Mexico,Germany,1001,,2.0606212328124478,2,forecast_2025_unobserved,16.944884723614528,,,,14.884263490802081
306,2025,Mexico,Germany,8703,,4343634911.1942692,2,forecast_2025_unobserved,25264572.656668063,,,,-4318370338.5376015
307,2025,Mexico,Japan,1001,,0,2,forecast_2025_unobserved,9.180308212344185,,,,9.180308212344185
308,2025,Mexico,Japan,8703,,467213585.10383087,2,forecast_2025_unobserved,13903366.667308863,,,,-453310218.43652201
309,2025,Mexico,United Kingdom,1001,,0,2,forecast_2025_unobserved,43.585693986322504,,,,43.585693986322504
310,2025,Mexico,United Kingdom,8703,,1206198894.8819969,2,forecast_2025_unobserved,64252329.401895188,,,,-1141946565.4801016
311,2025,Mexico,United States,1001,,301853.76440170285,2,forecast_2025_unobserved,10826.611293750579,,,,-291027.15310795227
312,2025,Mexico,United States,8703,,52780466123.751282,2,forecast_2025_unobserved,15866361802.924595,,,,-36914104320.826691
313,2025,United Kingdom,Canada,1001,,1713.0608292353788,2,forecast_2025_unobserved,157.231102116248,,,,-1555.8297271191309
314,2025,United Kingdom,Canada,8703,,550904513.15275657,2,forecast_2025_unobserved,184208724.7228598,,,,-366695788.42989677
315,2025,United Kingdom,China,1001,,30482.86627624328,2,forecast_2025_unobserved,1068.8579493297539,,,,-29414.008326913525
316,2025,United Kingdom,China,8703,,3762660597.360023,2,forecast_2025_unobserved,1243374573.8165889,,,,-2519286023.5434341
317,2025,United Kingdom,Germany,1001,,70311.122944354356,2,forecast_2025_unobserved,1662.5325295639745,,,,-68648.590414790378
318,2025,United Kingdom,Germany,8703,,2710958224.364337,2,forecast_2025_unobserved,1936545243.4511952,,,,-774412980.91314173
319,2025,United Kingdom,Japan,1001,,2553.6291477024824,2,forecast_2025_unobserved,214.77683169929293,,,,-2338.8523160031896
320,2025,United Kingdom,Japan,8703,,1098153473.6068299,2,forecast_2025_unobserved,250348365.68346983,,,,-847805107.92336011
321,2025,United Kingdom,Mexico,1001,,0,2,forecast_2025_unobserved,82.736576103405397,,,,82.736576103405397
322,2025,United Kingdom,Mexico,8703,,223111631.07110319,2,forecast_2025_unobserved,96923391.613243088,,,,-126188239.4578601
323,2025,United Kingdom,United States,1001,,419717.73669214168,2,forecast_2025_unobserved,2268.2481994969835,,,,-417449.48849264468
324,2025,United Kingdom,United States,8703,,11524374951.343082,2,forecast_2025_unobserved,2648168962.0480685,,,,-8876205989.2950134
325,2025,United States,Canada,1001,,20139638.853230141,2,forecast_2025_unobserved,9233631.3109196965,,,,-10906007.542310445
326,2025,United States,Canada,8703,,14836726276.380745,2,forecast_2025_unobserved,49813970881.269348,,,,34977244604.888603
327,2025,United States,China,1001,,615204885.68975282,2,forecast_2025_unobserved,696113.56712623709,,,,-614508772.12262654
328,2025,United States,China,8703,,5166890837.598218,2,forecast_2025_unobserved,3735591366.4921732,,,,-1431299471.1060448
329,2025,United States,Germany,1001,,4758.0761982454405,2,forecast_2025_unobserved,312848.22564144334,,,,308090.14944319788
330,2025,United States,Germany,8703,,8934849485.0146999,2,forecast_2025_unobserved,1681269895.6760378,,,,-7253579589.3386621
331,2025,United States,Japan,1001,,533628343.01922303,2,forecast_2025_unobserved,157221.57259363148,,,,-533471121.44662941
332,2025,United States,Japan,8703,,973881597.47265792,2,forecast_2025_unobserved,844355524.39038479,,,,-129526073.08227313
333,2025,United States,Mexico,1001,,979168570.91317141,2,forecast_2025_unobserved,5625000.4564876584,,,,-973543570.45668375
334,2025,United States,Mexico,8703,,4915308212.8533888,2,forecast_2025_unobserved,30285022852.295933,,,,25369714639.442543
335,2025,United States,United Kingdom,1001,,10448.558931451713,2,forecast_2025_unobserved,623148.77024016355,,,,612700.21130871179
336,2025,United States,United Kingdom,8703,,1056748860.3139788,2,forecast_2025_unobserved,3350861266.7069712,,,,2294112406.3929925
1,2022,Canada,China,1001,1603329352,,3,training_final,534302941.12692893,-1069026410.8730711,1069026410.8730711,-66.675409487112731,
2,2022,Canada,China,8703,493145059,,3,training_final,105311597.49969576,-387833461.50030422,387833461.50030422,-78.644904662890326,
3,2022,Canada,Germany,1001,8340064,,3,training_final,26501923.136405967,18161859.136405967,18161859.136405967,217.76642405149369,
4,2022,Canada,Germany,8703,173024896,,3,training_final,120346105.08976147,-52678790.910238534,52678790.910238534,-30.44578677870642,
5,2022,Canada,Japan,1001,836132111,,3,training_final,380452130.53422284,-455679980.46577716,455679980.46577716,-54.498562424637839,
6,2022,Canada,Japan,8703,23671130,,3,training_final,57282016.25398574,33610886.25398574,33610886.25398574,141.99105092991226,
7,2022,Canada,Mexico,1001,194288498,,3,training_final,609049604.72844005,414761106.72844005,414761106.72844005,213.47692271955287,
8,2022,Canada,Mexico,8703,306103450,,3,training_final,112757480.21444723,-193345969.78555277,193345969.78555277,-63.163603607065774,
9,2022,Canada,United Kingdom,1001,240226916,,3,training_final,37216665.846582264,-203010250.15341774,203010250.15341774,-84.507703605293642,
10,2022,Canada,United Kingdom,8703,13653792,,3,training_final,104766543.67442667,91112751.674426675,91112751.674426675,667.30730682309115,
11,2022,Canada,United States,1001,714525689,,3,training_final,415702051.8220526,-298823637.1779474,298823637.1779474,-41.821258742447732,
12,2022,Canada,United States,8703,26935101879,,3,training_final,581153251.63905668,-26353948627.360943,26353948627.360943,-97.84239445519917,
13,2022,China,Canada,1001,3205,,3,training_final,19.006897577322363,-3185.9931024226776,3185.9931024226776,-99.406961074030491,
14,2022,China,Canada,8703,492775572,,3,training_final,3090242874.2666101,2597467302.2666101,2597467302.2666101,527.10959103033827,
15,2022,China,Germany,1001,4998,,3,training_final,152.80989689801808,-4845.1901031019815,4845.1901031019815,-96.942579093677111,
16,2022,China,Germany,8703,1566710844,,3,training_final,5719596444.5546064,4152885600.5546064,4152885600.5546064,265.07032975860392,
17,2022,China,Japan,1001,0,,3,training_final,120.77253584432192,120.77253584432192,120.77253584432192,,
18,2022,China,Japan,8703,380371024,,3,training_final,3808913461.590518,3428542437.590518,3428542437.590518,901.36793321841424,
19,2022,China,Mexico,1001,0,,3,training_final,4.4930722813115418,4.4930722813115418,4.4930722813115418,,
20,2022,China,Mexico,8703,2278387435,,3,training_final,2451295060.1339135,172907625.13391352,172907625.13391352,7.5890352306965516,
21,2022,China,United Kingdom,1001,121638,,3,training_final,1038.0242210213171,-120599.97577897868,120599.97577897868,-99.146628338988378,
22,2022,China,United Kingdom,8703,4397568921,,3,training_final,4839201909.9886494,441632988.98864937,441632988.98864937,10.04266213724793,
23,2022,China,United States,1001,0,,3,training_final,31.767215575673969,31.767215575673969,31.767215575673969,,
24,2022,China,United States,8703,2573291295,,3,training_final,17659183910.59288,15085892615.59288,15085892615.59288,586.24892739136556,
25,2022,Germany,Canada,1001,1967,,3,training_final,54078.551549129108,52111.551549129108,52111.551549129108,2649.2908769257297,
26,2022,Germany,Canada,8703,2570897378,,3,training_final,4863493092.95788,2292595714.95788,2292595714.95788,89.1749213553354,
27,2022,Germany,China,1001,0,,3,training_final,4525.2835470526352,4525.2835470526352,4525.2835470526352,,
28,2022,Germany,China,8703,20603317479,,3,training_final,13173194036.629381,-7430123442.3706188,7430123442.3706188,-36.062752757869198,
29,2022,Germany,Japan,1001,66536,,3,training_final,2826.3741997322313,-63709.625800267771,63709.625800267771,-95.752112841571147,
30,2022,Germany,Japan,8703,3689267263,,3,training_final,3292185514.0752625,-397081748.92473745,397081748.92473745,-10.763160286789379,
31,2022,Germany,Mexico,1001,0,,3,training_final,994.35676250638789,994.35676250638789,994.35676250638789,,
32,2022,Germany,Mexico,8703,649594929,,3,training_final,2735117127.2274036,2085522198.2274036,2085522198.2274036,321.04964265005884,
33,2022,Germany,United Kingdom,1001,116225023,,3,training_final,127171.00263554242,-116097851.99736446,116097851.99736446,-99.890582080043529,
34,2022,Germany,United Kingdom,8703,12394393676,,3,training_final,10954432790.473799,-1439960885.5262012,1439960885.5262012,-11.617840478267871,
35,2022,Germany,United States,1001,18600,,3,training_final,37507.965982034686,18907.965982034686,18907.965982034686,101.65573108620799,
36,2022,Germany,United States,8703,23266770397,,3,training_final,26287654176.865467,3020883779.8654671,3020883779.8654671,12.98368328874289,
37,2022,Japan,Canada,1001,0,,3,training_final,3.9035845657299499,3.9035845657299499,3.9035845657299499,,
38,2022,Japan,Canada,8703,3077310774,,3,training_final,3610779645.6875577,533468871.6875577,533468871.6875577,17.335554023168598,
39,2022,Japan,China,1001,52,,3,training_final,149.51803302162244,97.518033021622443,97.518033021622443,187.53467888773548,
40,2022,Japan,China,8703,9215455168,,3,training_final,13321639295.563662,4106184127.5636616,4106184127.5636616,44.557583458515303,
41,2022,Japan,Germany,1001,0,,3,training_final,3.8297060738866069,3.8297060738866069,3.8297060738866069,,
42,2022,Japan,Germany,8703,1881643344,,3,training_final,5567332173.253581,3685688829.253581,3685688829.253581,195.87605913767581,
43,2022,Japan,Mexico,1001,0,,3,training_final,1.4941689557452797,1.4941689557452797,1.4941689557452797,,
44,2022,Japan,Mexico,8703,1120275201,,3,training_final,2664566353.8436666,1544291152.8436666,1544291152.8436666,137.8492669895017,
45,2022,Japan,United Kingdom,1001,0,,3,training_final,4.3067827864888093,4.3067827864888093,4.3067827864888093,,
46,2022,Japan,United Kingdom,8703,1996552869,,3,training_final,4933000785.6256275,2936447916.6256275,2936447916.6256275,147.07589076248135,
47,2022,Japan,United States,1001,0,,3,training_final,14.686092187669141,14.686092187669141,14.686092187669141,,
48,2022,Japan,United States,8703,33302118748,,3,training_final,20817647942.416241,-12484470805.583759,12484470805.583759,-37.488518073143709,
49,2022,Mexico,Canada,1001,199,,3,training_final,3468.6864872966535,3269.6864872966535,3269.6864872966535,1643.0585363299765,
50,2022,Mexico,Canada,8703,3879703672,,3,training_final,3136230478.9188466,-743473193.08115339,743473193.08115339,-19.163143784584211,
51,2022,Mexico,China,1001,829,,3,training_final,56.491872259446495,-772.5081277405535,772.5081277405535,-93.185540137581839,
52,2022,Mexico,China,8703,353283286,,3,training_final,2447308761.5544934,2094025475.5544934,2094025475.5544934,592.73267616586122,
53,2022,Mexico,Germany,1001,0,,3,training_final,12.245513033795168,12.245513033795168,12.245513033795168,,
54,2022,Mexico,Germany,8703,4286460449,,3,training_final,3356402380.1042662,-930058068.89573383,930058068.89573383,-21.697577289269276,
55,2022,Mexico,Japan,1001,0,,3,training_final,13.016873593102305,13.016873593102305,13.016873593102305,,
56,2022,Mexico,Japan,8703,400043639,,3,training_final,1340757844.3331382,940714205.33313823,940714205.33313823,235.15289674013246,
57,2022,Mexico,United Kingdom,1001,0,,3,training_final,18.388710893503866,18.388710893503866,18.388710893503866,,
58,2022,Mexico,United Kingdom,8703,1034444446,,3,training_final,2348914977.3070045,1314470531.3070045,1314470531.3070045,127.07019080529767,
59,2022,Mexico,United States,1001,472138,,3,training_final,5513.1125474433984,-466624.88745255658,466624.88745255658,-98.832309081784686,
60,2022,Mexico,United States,8703,36382813669,,3,training_final,23929294540.41243,-12453519128.58757,12453519128.58757,-34.229125987577483,
61,2022,United Kingdom,Canada,1001,60801,,3,training_final,36203.455771482288,-24597.544228517712,24597.544228517712,-40.455821826150412,
62,2022,United Kingdom,Canada,8703,528484630,,3,training_final,1409799829.876991,881315199.87699103,881315199.87699103,166.76269277253928,
63,2022,United Kingdom,China,1001,1418,,3,training_final,2181.219517837339,763.21951783733903,763.21951783733903,53.823661342548597,
64,2022,United Kingdom,China,8703,4173646899,,3,training_final,3488843207.56002,-684803691.43998003,684803691.43998003,-16.407801330871042,
65,2022,United Kingdom,Germany,1001,11440,,3,training_final,7832.6341066409641,-3607.3658933590359,3607.3658933590359,-31.532918648243321,
66,2022,United Kingdom,Germany,8703,2527077674,,3,training_final,3457668057.8260865,930590383.82608652,930590383.82608652,36.824763773607955,
67,2022,United Kingdom,Japan,1001,0,,3,training_final,91.184699341455982,91.184699341455982,91.184699341455982,,
68,2022,United Kingdom,Japan,8703,739699763,,3,training_final,1016472103.7062633,276772340.7062633,276772340.7062633,37.416848639204353,
69,2022,United Kingdom,Mexico,1001,0,,3,training_final,35.211229857855642,35.211229857855642,35.211229857855642,,
70,2022,United Kingdom,Mexico,8703,132403248,,3,training_final,896412312.63008881,764009064.63008881,764009064.63008881,577.03196573401942,
71,2022,United Kingdom,United States,1001,102660,,3,training_final,50324.844584382663,-52335.155415617337,52335.155415617337,-50.979111061384508,
72,2022,United Kingdom,United States,8703,6770953814,,3,training_final,14058093729.421642,7287139915.4216423,7287139915.4216423,107.62353599805019,
73,2022,United States,Canada,1001,28785161,,3,training_final,25936280.622238047,-2848880.3777619526,2848880.3777619526,-9.8970451398967434,
74,2022,United States,Canada,8703,17366950376,,3,training_final,6790603421.3123579,-10576346954.687641,10576346954.687641,-60.899275495733939,
75,2022,United States,China,1001,403969461,,3,training_final,364749748.59043813,-39219712.409561872,39219712.409561872,-9.708583493533407,
76,2022,United States,China,8703,5387508478,,3,training_final,6518389015.2298031,1130880537.2298031,1130880537.2298031,20.990789004746382,
77,2022,United States,Germany,1001,46138,,3,training_final,15823994.926792102,15777856.926792102,15777856.926792102,34197.097678252423,
78,2022,United States,Germany,8703,7207390139,,3,training_final,6855461396.9030294,-351928742.09697056,351928742.09697056,-4.8828873601922069,
79,2022,United States,Japan,1001,1004152250,,3,training_final,214246848.04861611,-789905401.95138383,789905401.95138383,-78.663907983215083,
80,2022,United States,Japan,8703,853339451,,3,training_final,2756758374.5397725,1903418923.5397725,1903418923.5397725,223.05530598746134,
81,2022,United States,Mexico,1001,1301822725,,3,training_final,361992577.34714401,-939830147.65285599,939830147.65285599,-72.193404647538017,
82,2022,United States,Mexico,8703,3346538590,,3,training_final,4274222259.4257283,927683669.42572832,927683669.42572832,27.72069242523596,
83,2022,United States,United Kingdom,1001,4594397,,3,training_final,16317960.195820767,11723563.195820767,11723563.195820767,255.17087869900593,
84,2022,United States,United Kingdom,8703,1267655554,,3,training_final,5620225097.3235912,4352569543.3235912,4352569543.3235912,343.35585321969813,
85,2023,Canada,China,1001,762849818,,3,training_final,600747933.59205282,-162101884.40794718,162101884.40794718,-21.249514725314803,
86,2023,Canada,China,8703,472711690,,3,training_final,397096495.54887176,-75615194.451128244,75615194.451128244,-15.996049188275467,
87,2023,Canada,Germany,1001,3222402,,3,training_final,36365423.88630186,33143021.88630186,33143021.88630186,1028.5191570232969,
88,2023,Canada,Germany,8703,113517620,,3,training_final,272561233.59163755,159043613.59163755,159043613.59163755,140.10478161155734,
89,2023,Canada,Japan,1001,707985427,,3,training_final,446345406.74589163,-261640020.25410837,261640020.25410837,-36.955565789365934,
90,2023,Canada,Japan,8703,24174594,,3,training_final,249455713.66165259,225281119.66165259,225281119.66165259,931.89205023113357,
91,2023,Canada,Mexico,1001,264496531,,3,training_final,665673104.78216243,401176573.78216243,401176573.78216243,151.67555213877736,
92,2023,Canada,Mexico,8703,374072438,,3,training_final,304939260.01492125,-69133177.985078752,69133177.985078752,-18.481227420737895,
93,2023,Canada,United Kingdom,1001,217501517,,3,training_final,39829388.717800811,-177672128.2821992,177672128.2821992,-81.68776509370241,
94,2023,Canada,United Kingdom,8703,10056711,,3,training_final,228674621.47638744,218617910.47638744,218617910.47638744,2173.8509784798175,
95,2023,Canada,United States,1001,759850744,,3,training_final,405898789.20586598,-353951954.79413402,353951954.79413402,-46.581773800847131,
96,2023,Canada,United States,8703,35250840127,,3,training_final,1682715536.3027015,-33568124590.6973,33568124590.6973,-95.226452673921258,
97,2023,China,Canada,1001,3865,,3,training_final,27.689111503114205,-3837.3108884968856,3837.3108884968856,-99.283593492804272,
98,2023,China,Canada,8703,1930453085,,3,training_final,5041808942.5478172,3111355857.5478172,3111355857.5478172,161.17231139796476,
99,2023,China,Germany,1001,0,,3,training_final,164.5004040030459,164.5004040030459,164.5004040030459,,
100,2023,China,Germany,8703,4544367308,,3,training_final,8210860990.7781258,3666493682.7781258,3666493682.7781258,80.682159567593771,
101,2023,China,Japan,1001,0,,3,training_final,119.485855693207,119.485855693207,119.485855693207,,
102,2023,China,Japan,8703,646578850,,3,training_final,4376222595.2049732,3729643745.2049732,3729643745.2049732,576.82736532519937,
103,2023,China,Mexico,1001,0,,3,training_final,6.5126640082763645,6.5126640082763645,6.5126640082763645,,
104,2023,China,Mexico,8703,4207681913,,3,training_final,3413233041.4762721,-794448871.52372789,794448871.52372789,-18.880915619339209,
105,2023,China,United Kingdom,1001,121819,,3,training_final,1643.5412079331356,-120175.45879206687,120175.45879206687,-98.650833443113854,
106,2023,China,United Kingdom,8703,5745196353,,3,training_final,5993422865.0636778,248226512.06367779,248226512.06367779,4.3205923142045446,
107,2023,China,United States,1001,1,,3,training_final,66.068383946606843,65.068383946606843,65.068383946606843,6506.8383946606846,
108,2023,China,United States,8703,2541657008,,3,training_final,19532274725.271202,16990617717.271202,16990617717.271202,668.48586035772462,
109,2023,Germany,Canada,1001,102883,,3,training_final,100508.64266650028,-2374.35733349972,2374.35733349972,-2.3078228021147518,
110,2023,Germany,Canada,8703,2930543685,,3,training_final,8172718317.879015,5242174632.879015,5242174632.879015,178.8806172626297,
111,2023,Germany,China,1001,0,,3,training_final,15298.938873370451,15298.938873370451,15298.938873370451,,
112,2023,Germany,China,8703,16386440010,,3,training_final,13782316909.060673,-2604123100.9393272,2604123100.9393272,-15.891939306830119,
113,2023,Germany,Japan,1001,49920,,3,training_final,3469.4861383471257,-46450.513861652871,46450.513861652871,-93.049907575426431,
114,2023,Germany,Japan,8703,4106976598,,3,training_final,3806850838.8168807,-300125759.1831193,300125759.1831193,-7.3077056082879412,
115,2023,Germany,Mexico,1001,0,,3,training_final,1463.3010972436539,1463.3010972436539,1463.3010972436539,,
116,2023,Germany,Mexico,8703,1015361513,,3,training_final,3756702857.2003717,2741341344.2003717,2741341344.2003717,269.98672976098629,
117,2023,Germany,United Kingdom,1001,135249865,,3,training_final,275665.85032761341,-134974199.14967239,134974199.14967239,-99.796180313874913,
118,2023,Germany,United Kingdom,8703,15409155974,,3,training_final,11907089598.405968,-3502066375.5940323,3502066375.5940323,-22.727178448340055,
119,2023,Germany,United States,1001,33460278,,3,training_final,126846.77433909662,-33333431.225660905,33333431.225660905,-99.620903405706628,
120,2023,Germany,United States,8703,24975391688,,3,training_final,26339198472.069256,1363806784.0692558,1363806784.0692558,5.4606021843674553,
121,2023,Japan,Canada,1001,0,,3,training_final,3.1921955792375427,3.1921955792375427,3.1921955792375427,,
122,2023,Japan,Canada,8703,5116842624,,3,training_final,5819037009.707448,702194385.70744801,702194385.70744801,13.723196848264998,
123,2023,Japan,China,1001,0,,3,training_final,232.19055986450033,232.19055986450033,232.19055986450033,,
124,2023,Japan,China,8703,7745909548,,3,training_final,13940545634.7859,6194636086.7859001,6194636086.7859001,79.972997985567233,
125,2023,Japan,Germany,1001,0,,3,training_final,3.7846157938935252,3.7846157938935252,3.7846157938935252,,
126,2023,Japan,Germany,8703,2561672103,,3,training_final,7619085070.8624153,5057412967.8624153,5057412967.8624153,197.42624209943295,
127,2023,Japan,Mexico,1001,0,,3,training_final,1.8445804994080275,1.8445804994080275,1.8445804994080275,,
128,2023,Japan,Mexico,8703,1791430445,,3,training_final,3436721821.4123588,1645291376.4123588,1645291376.4123588,91.842325277237251,
129,2023,Japan,United Kingdom,1001,0,,3,training_final,4.092561781128623,4.092561781128623,4.092561781128623,,
130,2023,Japan,United Kingdom,8703,3165680922,,3,training_final,5632384396.1594076,2466703474.1594076,2466703474.1594076,77.920154776717183,
131,2023,Japan,United States,1001,1445,,3,training_final,20.63166641233035,-1424.3683335876697,1424.3683335876697,-98.57220301644773,
132,2023,Japan,United States,8703,40987859064,,3,training_final,22677449778.393589,-18310409285.606411,18310409285.606411,-44.672763359061626,
133,2023,Mexico,Canada,1001,1,,3,training_final,3427.4881171036932,3426.4881171036932,3426.4881171036932,342648.81171036931,
134,2023,Mexico,Canada,8703,5210553432,,3,training_final,4601870324.1980515,-608683107.80194855,608683107.80194855,-11.681736225249951,
135,2023,Mexico,China,1001,1125,,3,training_final,112.11846715155134,-1012.8815328484486,1012.8815328484486,-90.033914030973207,
136,2023,Mexico,China,8703,311060415,,3,training_final,2478694294.6105847,2167633879.6105847,2167633879.6105847,696.85301474653556,
137,2023,Mexico,Germany,1001,0,,3,training_final,12.690760378020379,12.690760378020379,12.690760378020379,,
138,2023,Mexico,Germany,8703,5279964475,,3,training_final,3969506922.8593783,-1310457552.1406217,1310457552.1406217,-24.819438811482186,
139,2023,Mexico,Japan,1001,0,,3,training_final,8.8173511860638278,8.8173511860638278,8.8173511860638278,,
140,2023,Mexico,Japan,8703,484522388,,3,training_final,1361465823.9486837,876943435.94868374,876943435.94868374,180.99131385208227,
141,2023,Mexico,United Kingdom,1001,0,,3,training_final,16.746310361551867,16.746310361551867,16.746310361551867,,
142,2023,Mexico,United Kingdom,8703,1318964826,,3,training_final,2640694394.637857,1321729568.637857,1321729568.637857,100.20961458435866,
143,2023,Mexico,United States,1001,2796415,,3,training_final,8369.4946553101854,-2788045.5053446898,2788045.5053446898,-99.700706273735847,
144,2023,Mexico,United States,8703,42827067991,,3,training_final,25700658949.990932,-17126409041.009068,17126409041.009068,-39.989683731345181,
145,2023,United Kingdom,Canada,1001,65412,,3,training_final,33087.517153225024,-32324.482846774976,32324.482846774976,-49.416747457309022,
146,2023,United Kingdom,Canada,8703,663987027,,3,training_final,3034519128.9589701,2370532101.9589701,2370532101.9589701,357.01482191141815,
147,2023,United Kingdom,China,1001,1531924,,3,training_final,5096.6614194862559,-1526827.3385805138,1526827.3385805138,-99.667303246147583,
148,2023,United Kingdom,China,8703,4409411353,,3,training_final,5197335346.5938158,787923993.5938158,787923993.5938158,17.869142398287281,
149,2023,United Kingdom,Germany,1001,14629,,3,training_final,8549.7154974076457,-6079.2845025923543,6079.2845025923543,-41.556391432034687,
150,2023,United Kingdom,Germany,8703,3213860974,,3,training_final,6613115493.7029543,3399254519.7029543,3399254519.7029543,105.76856146556369,
151,2023,United Kingdom,Japan,1001,0,,3,training_final,70.095178963676631,70.095178963676631,70.095178963676631,,
152,2023,United Kingdom,Japan,8703,1032117423,,3,training_final,1451059699.6261537,418942276.62615371,418942276.62615371,40.590563369082254,
153,2023,United Kingdom,Mexico,1001,0,,3,training_final,34.967913669897847,34.967913669897847,34.967913669897847,,
154,2023,United Kingdom,Mexico,8703,242065061,,3,training_final,1370360811.2722208,1128295750.2722208,1128295750.2722208,466.11260031129439,
155,2023,United Kingdom,United States,1001,106493,,3,training_final,68292.193405749931,-38200.806594250069,38200.806594250069,-35.871659728104255,
156,2023,United Kingdom,United States,8703,6571871801,,3,training_final,20199253175.499985,13627381374.499985,13627381374.499985,207.35920886993554,
157,2023,United States,Canada,1001,14387882,,3,training_final,24348514.934104279,9960632.9341042787,9960632.9341042787,69.229320438576565,
158,2023,United States,Canada,8703,15798643484,,3,training_final,10104553005.927612,-5694090478.0723877,5694090478.0723877,-36.041641700688103,
159,2023,United States,China,1001,392202704,,3,training_final,271129107.89318728,-121073596.10681272,121073596.10681272,-30.870158433893078,
160,2023,United States,China,8703,6852481498,,3,training_final,7686002042.8972063,833520544.89720631,833520544.89720631,12.163776657266157,
161,2023,United States,Germany,1001,6245,,3,training_final,11314972.04646109,11308727.04646109,11308727.04646109,181084.50034365238,
162,2023,United States,Germany,8703,8996905361,,3,training_final,8937891440.0644398,-59013920.935560226,59013920.935560226,-0.65593577533198444,
163,2023,United States,Japan,1001,743044287,,3,training_final,164658822.34208858,-578385464.65791142,578385464.65791142,-77.839971960905672,
164,2023,United States,Japan,8703,1261999920,,3,training_final,3072477964.9714451,1810478044.9714451,1810478044.9714451,143.46102692078182,
165,2023,United States,Mexico,1001,1075701859,,3,training_final,278678939.76660597,-797022919.23339403,797022919.23339403,-74.093291980951577,
166,2023,United States,Mexico,8703,4442422862,,3,training_final,5562967842.3207283,1120544980.3207283,1120544980.3207283,25.223735225787433,
167,2023,United States,United Kingdom,1001,3670239,,3,training_final,10951841.193094561,7281602.1930945609,7281602.1930945609,198.3958590460883,
168,2023,United States,United Kingdom,8703,1040548505,,3,training_final,5943863973.4287014,4903315468.4287014,4903315468.4287014,471.22411351969617,
169,2024,Canada,China,1001,573720099,,3,training_final,376875391.36670822,-196844707.63329178,196844707.63329178,-34.310233853824208,
170,2024,Canada,China,8703,361534154,,3,training_final,479522362.43516082,117988208.43516082,117988208.43516082,32.635425209414876,
171,2024,Canada,Germany,1001,927836,,3,training_final,28343948.955085054,27416112.955085054,27416112.955085054,2954.8447090956865,
172,2024,Canada,Germany,8703,108039258,,3,training_final,303037264.05606997,194998006.05606997,194998006.05606997,180.4881018861403,
173,2024,Canada,Japan,1001,607223446,,3,training_final,285864562.59465277,-321358883.40534723,321358883.40534723,-52.922673773921964,
174,2024,Canada,Japan,8703,11236402,,3,training_final,232715906.25173351,221479504.25173351,221479504.25173351,1971.0891818549524,
175,2024,Canada,Mexico,1001,172551233,,3,training_final,661628235.13745046,489077002.13745046,489077002.13745046,283.43871766911712,
176,2024,Canada,Mexico,8703,380444284,,3,training_final,307665846.0792287,-72778437.920771301,72778437.920771301,-19.129854483704452,
177,2024,Canada,United Kingdom,1001,173421644,,3,training_final,36594032.195655048,-136827611.80434495,136827611.80434495,-78.898809080800177,
178,2024,Canada,United Kingdom,8703,5919442,,3,training_final,229012857.53892311,223093415.53892311,223093415.53892311,3768.8250943065768,
179,2024,Canada,United States,1001,685179327,,3,training_final,398632143.54404336,-286547183.45595664,286547183.45595664,-41.820757306058745,
180,2024,Canada,United States,8703,28360982334,,3,training_final,1740328323.6304438,-26620654010.369556,26620654010.369556,-93.863652876564558,
181,2024,China,Canada,1001,0,,3,training_final,11.288430937608796,11.288430937608796,11.288430937608796,,
182,2024,China,Canada,8703,1486501326,,3,training_final,5061814218.2198572,3575312892.2198572,3575312892.2198572,240.51864802842815,
183,2024,China,Germany,1001,5,,3,training_final,289.29510287042524,284.29510287042524,284.29510287042524,5685.9020574085052,
184,2024,China,Germany,8703,3293596023,,3,training_final,8293076430.5573854,4999480407.5573854,4999480407.5573854,151.79397754444597,
185,2024,China,Japan,1001,0,,3,training_final,138.44317265248483,138.44317265248483,138.44317265248483,,
186,2024,China,Japan,8703,905237235,,3,training_final,4029158247.8069348,3123921012.8069348,3123921012.8069348,345.09417995901759,
187,2024,China,Mexico,1001,0,,3,training_final,3.5138158389511513,3.5138158389511513,3.5138158389511513,,
188,2024,China,Mexico,8703,4603755988,,3,training_final,3247941911.9234481,-1355814076.0765519,1355814076.0765519,-29.45017241597019,
189,2024,China,United Kingdom,1001,69452,,3,training_final,578.20586232865799,-68873.794137671342,68873.794137671342,-99.167474137060609,
190,2024,China,United Kingdom,8703,5102705740,,3,training_final,6064034229.432169,961328489.43216896,961328489.43216896,18.839583123446364,
191,2024,China,United States,1001,0,,3,training_final,32.651708151179498,32.651708151179498,32.651708151179498,,
192,2024,China,United States,8703,3820671125,,3,training_final,18835664520.614456,15014993395.614456,15014993395.614456,392.99361039912736,
193,2024,Germany,Canada,1001,166171,,3,training_final,116624.09113105151,-49546.908868948492,49546.908868948492,-29.816820545671924,
194,2024,Germany,Canada,8703,2832653765,,3,training_final,8309234197.4309692,5476580432.4309692,5476580432.4309692,193.33744561721858,
195,2024,Germany,China,1001,0,,3,training_final,4384.895809717771,4384.895809717771,4384.895809717771,,
196,2024,Germany,China,8703,11304788932,,3,training_final,14025405542.495918,2720616610.4959183,2720616610.4959183,24.066054013576327,
197,2024,Germany,Japan,1001,37305,,3,training_final,3675.5620576622046,-33629.437942337798,33629.437942337798,-90.147266967800022,
198,2024,Germany,Japan,8703,3907415118,,3,training_final,3370927294.2782879,-536487823.72171211,536487823.72171211,-13.729993039396131,
199,2024,Germany,Mexico,1001,0,,3,training_final,937.12319707313338,937.12319707313338,937.12319707313338,,
200,2024,Germany,Mexico,8703,1067908362,,3,training_final,3561606503.2373919,2493698141.2373919,2493698141.2373919,233.51237147044569,
201,2024,Germany,United Kingdom,1001,289517719,,3,training_final,266170.41991789773,-289251548.58008212,289251548.58008212,-99.908064203863844,
202,2024,Germany,United Kingdom,8703,14867362044,,3,training_final,11748911043.485298,-3118451000.5147018,3118451000.5147018,-20.975146709185111,
203,2024,Germany,United States,1001,8332225,,3,training_final,149771.44318329287,-8182453.5568167074,8182453.5568167074,-98.202503614781264,
204,2024,Germany,United States,8703,26105847078,,3,training_final,26050801633.989758,-55045444.010242462,55045444.010242462,-0.21085484736724183,
205,2024,Japan,Canada,1001,0,,3,training_final,3.002909805895865,3.002909805895865,3.002909805895865,,
206,2024,Japan,Canada,8703,5504542608,,3,training_final,5598135277.0531664,93592669.053166389,93592669.053166389,1.7002805812992334,
207,2024,Japan,China,1001,0,,3,training_final,175.91300748422975,175.91300748422975,175.91300748422975,,
208,2024,Japan,China,8703,6641426201,,3,training_final,14948569990.506235,8307143789.5062351,8307143789.5062351,125.0807211899069,
209,2024,Japan,Germany,1001,0,,3,training_final,5.276820664729625,5.276820664729625,5.276820664729625,,
210,2024,Japan,Germany,8703,2207609523,,3,training_final,7382793510.51054,5175183987.51054,5175183987.51054,234.42478996366154,
211,2024,Japan,Mexico,1001,0,,3,training_final,1.6055787511815667,1.6055787511815667,1.6055787511815667,,
212,2024,Japan,Mexico,8703,1523309798,,3,training_final,3106530286.7609529,1583220488.7609529,1583220488.7609529,103.93292886579025,
213,2024,Japan,United Kingdom,1001,0,,3,training_final,3.1876699975250102,3.1876699975250102,3.1876699975250102,,
214,2024,Japan,United Kingdom,8703,3096026636,,3,training_final,5373831535.763196,2277804899.763196,2277804899.763196,73.571876716993344,
215,2024,Japan,United States,1001,0,,3,training_final,19.960327872109058,19.960327872109058,19.960327872109058,,
216,2024,Japan,United States,8703,40489527390,,3,training_final,22716556891.889633,-17772970498.110367,17772970498.110367,-43.895228331313859,
217,2024,Mexico,Canada,1001,18,,3,training_final,1235.44309841922,1217.44309841922,1217.44309841922,6763.5727689956657,
218,2024,Mexico,Canada,8703,5918119238,,3,training_final,4171580533.772325,-1746538704.227675,1746538704.227675,-29.511718740190663,
219,2024,Mexico,China,1001,2671,,3,training_final,47.224525234871635,-2623.7754747651284,2623.7754747651284,-98.231953379450715,
220,2024,Mexico,China,8703,255985743,,3,training_final,2898984032.055594,2642998289.055594,2642998289.055594,1032.4787068534492,
221,2024,Mexico,Germany,1001,2,,3,training_final,12.795747793751557,10.795747793751557,10.795747793751557,539.78738968757784,
222,2024,Mexico,Germany,8703,3979822545,,3,training_final,3510141856.2098627,-469680688.79013729,469680688.79013729,-11.801548523318326,
223,2024,Mexico,Japan,1001,0,,3,training_final,8.3753838029697025,8.3753838029697025,8.3753838029697025,,
224,2024,Mexico,Japan,8703,418148376,,3,training_final,1200651503.5810106,782503127.58101058,782503127.58101058,187.13527840677554,
225,2024,Mexico,United Kingdom,1001,0,,3,training_final,10.804242278268397,10.804242278268397,10.804242278268397,,
226,2024,Mexico,United Kingdom,8703,1036234550,,3,training_final,2268302483.492806,1232067933.492806,1232067933.492806,118.89855761833128,
227,2024,Mexico,United States,1001,323719,,3,training_final,3242.0107214668615,-320476.98927853315,320476.98927853315,-98.998510831472103,
228,2024,Mexico,United States,8703,49637259600,,3,training_final,24310387488.43787,-25326872111.56213,25326872111.56213,-51.023912914729337,
229,2024,United Kingdom,Canada,1001,1943,,3,training_final,25896.889135656307,23953.889135656307,23953.889135656307,1232.8301150620846,
230,2024,United Kingdom,Canada,8703,592950008,,3,training_final,3140807444.2072859,2547857436.2072859,2547857436.2072859,429.69177870510896,
231,2024,United Kingdom,China,1001,29358,,3,training_final,3339.6990601012194,-26018.300939898782,26018.300939898782,-88.624228284960765,
232,2024,United Kingdom,China,8703,4078424924,,3,training_final,5831935719.6981239,1753510795.6981239,1753510795.6981239,42.994803836632393,
233,2024,United Kingdom,Germany,1001,71283,,3,training_final,20346.351298447087,-50936.648701552913,50936.648701552913,-71.456937420637345,
234,2024,United Kingdom,Germany,8703,2443797094,,3,training_final,6692023482.9135675,4248226388.9135675,4248226388.9135675,173.83711599231353,
235,2024,United Kingdom,Japan,1001,3035,,3,training_final,94.154839866334044,-2940.845160133666,2940.845160133666,-96.89769885119162,
236,2024,United Kingdom,Japan,8703,1031790547,,3,training_final,1351439902.2694988,319649355.26949883,319649355.26949883,30.980062397247259,
237,2024,United Kingdom,Mexico,1001,0,,3,training_final,31.473152946084422,31.473152946084422,31.473152946084422,,
238,2024,United Kingdom,Mexico,8703,221441018,,3,training_final,1433266568.9810276,1211825550.9810276,1211825550.9810276,547.2452944472227,
239,2024,United Kingdom,United States,1001,461387,,3,training_final,56504.087596214624,-404882.91240378539,404882.91240378539,-87.753428771028524,
240,2024,United Kingdom,United States,8703,9760731714,,3,training_final,21496857587.565002,11736125873.565002,11736125873.565002,120.23817698760901,
241,2024,United States,Canada,1001,24530233,,3,training_final,10967779.977602806,-13562453.022397194,13562453.022397194,-55.288724825390752,
242,2024,United States,Canada,8703,15597579400,,3,training_final,9413825383.8531322,-6183754016.1468678,6183754016.1468678,-39.645600497131419,
243,2024,United States,China,1001,676649911,,3,training_final,31029158.816485222,-645620752.18351483,645620752.18351483,-95.414296475613497,
244,2024,United States,China,8703,5586660835,,3,training_final,8423706545.6123514,2837045710.6123514,2837045710.6123514,50.782494130276866,
245,2024,United States,Germany,1001,4749,,3,training_final,4704122.7758837743,4699373.7758837743,4699373.7758837743,98955.017390688023,
246,2024,United States,Germany,8703,7595825735,,3,training_final,8366456914.7857056,770631179.78570557,770631179.78570557,10.145456289693376,
247,2024,United States,Japan,1001,633126270,,3,training_final,27175179.127520446,-605951090.87247956,605951090.87247956,-95.707778935231914,
248,2024,United States,Japan,8703,929137299,,3,training_final,2647142648.6665297,1718005349.6665297,1718005349.6665297,184.90328087308112,
249,2024,United States,Mexico,1001,1070869870,,3,training_final,58601940.900396377,-1012267929.0996037,1012267929.0996037,-94.527631924092105,
250,2024,United States,Mexico,8703,4561751943,,3,training_final,4851448085.8313427,289696142.8313427,289696142.8313427,6.3505457212744965,
251,2024,United States,United Kingdom,1001,11505,,3,training_final,5120882.6312544337,5109377.6312544337,5109377.6312544337,44410.061983958571,
252,2024,United States,United Kingdom,8703,1224546537,,3,training_final,5400775534.500082,4176228997.500082,4176228997.500082,341.04289802912422,
169,2024,Canada,China,1001,573720099,,3,validation_2024_observed,332567119.75037563,-241152979.24962437,241152979.24962437,-42.033210910678655,
170,2024,Canada,China,8703,361534154,,3,validation_2024_observed,190651145.59279972,-170883008.40720028,170883008.40720028,-47.26607611384906,
171,2024,Canada,Germany,1001,927836,,3,validation_2024_observed,87944994.093662262,87017158.093662262,87017158.093662262,9378.5063409548948,
172,2024,Canada,Germany,8703,108039258,,3,validation_2024_observed,271360891.70561033,163321633.70561033,163321633.70561033,151.16878505923313,
173,2024,Canada,Japan,1001,607223446,,3,validation_2024_observed,144959188.22218257,-462264257.77781743,462264257.77781743,-76.127537700152885,
174,2024,Canada,Japan,8703,11236402,,3,validation_2024_observed,117612334.12523516,106375932.12523516,106375932.12523516,946.70813775828913,
175,2024,Canada,Mexico,1001,172551233,,3,validation_2024_observed,247303519.55922332,74752286.559223324,74752286.559223324,43.32179217706507,
176,2024,Canada,Mexico,8703,380444284,,3,validation_2024_observed,209565296.34418604,-170878987.65581396,170878987.65581396,-44.915640697551908,
177,2024,Canada,United Kingdom,1001,173421644,,3,validation_2024_observed,98024825.649799302,-75396818.350200698,75396818.350200698,-43.476014072499915,
178,2024,Canada,United Kingdom,8703,5919442,,3,validation_2024_observed,247601417.32599089,241681975.32599089,241681975.32599089,4082.8506356847633,
179,2024,Canada,United States,1001,685179327,,3,validation_2024_observed,193067217.46424162,-492112109.53575838,492112109.53575838,-71.82238140348305,
180,2024,Canada,United States,8703,28360982334,,3,validation_2024_observed,979139146.34812152,-27381843187.651878,27381843187.651878,-96.547583807863035,
181,2024,China,Canada,1001,0,,3,validation_2024_observed,47.719185394967603,47.719185394967603,47.719185394967603,,
182,2024,China,Canada,8703,1486501326,,3,validation_2024_observed,5611131634.9867592,4124630308.9867592,4124630308.9867592,277.4723598858572,
183,2024,China,Germany,1001,5,,3,validation_2024_observed,424.3929000429593,419.3929000429593,419.3929000429593,8387.8580008591853,
184,2024,China,Germany,8703,3293596023,,3,validation_2024_observed,9922080835.2978954,6628484812.2978954,6628484812.2978954,201.25372893364997,
185,2024,China,Japan,1001,0,,3,validation_2024_observed,571.53121675033833,571.53121675033833,571.53121675033833,,
186,2024,China,Japan,8703,905237235,,3,validation_2024_observed,5066602006.8753901,4161364771.8753901,4161364771.8753901,459.69880722763133,
187,2024,China,Mexico,1001,0,,3,validation_2024_observed,12.433727147263591,12.433727147263591,12.433727147263591,,
188,2024,China,Mexico,8703,4603755988,,3,validation_2024_observed,3428572659.1851859,-1175183328.8148141,1175183328.8148141,-25.526620695753827,
189,2024,China,United Kingdom,1001,69452,,3,validation_2024_observed,1283.5387459451201,-68168.461254054884,68168.461254054884,-98.151905278544731,
190,2024,China,United Kingdom,8703,5102705740,,3,validation_2024_observed,7864744734.199729,2762038994.199729,2762038994.199729,54.12890993396239,
191,2024,China,United States,1001,0,,3,validation_2024_observed,102.46836068727399,102.46836068727399,102.46836068727399,,
192,2024,China,United States,8703,3820671125,,3,validation_2024_observed,16447936164.052773,12627265039.052773,12627265039.052773,330.49861204823731,
193,2024,Germany,Canada,1001,166171,,3,validation_2024_observed,117957.78406959875,-48213.215930401246,48213.215930401246,-29.014217842103161,
194,2024,Germany,Canada,8703,2832653765,,3,validation_2024_observed,8941382584.9585552,6108728819.9585552,6108728819.9585552,215.6539177303427,
195,2024,Germany,China,1001,0,,3,validation_2024_observed,51266.238535434648,51266.238535434648,51266.238535434648,,
196,2024,Germany,China,8703,11304788932,,3,validation_2024_observed,14319122004.938957,3014333072.9389572,3014333072.9389572,26.664213644948372,
197,2024,Germany,Japan,1001,37305,,3,validation_2024_observed,5010.3425234540928,-32294.657476545908,32294.657476545908,-86.569246686894274,
198,2024,Germany,Japan,8703,3907415118,,3,validation_2024_observed,4213342366.1307015,305927248.13070154,305927248.13070154,7.8294022747009686,
199,2024,Germany,Mexico,1001,0,,3,validation_2024_observed,3308.3645407933054,3308.3645407933054,3308.3645407933054,,
200,2024,Germany,Mexico,8703,1067908362,,3,validation_2024_observed,3910283416.5662627,2842375054.5662627,2842375054.5662627,266.16282405009042,
201,2024,Germany,United Kingdom,1001,289517719,,3,validation_2024_observed,137231.09432563052,-289380487.9056744,289380487.9056744,-99.952600105168145,
202,2024,Germany,United Kingdom,8703,14867362044,,3,validation_2024_observed,10572055656.765181,-4295306387.2348194,4295306387.2348194,-28.890844081975324,
203,2024,Germany,United States,1001,8332225,,3,validation_2024_observed,89366.688838404079,-8242858.3111615963,8242858.3111615963,-98.927457085731561,
204,2024,Germany,United States,8703,26105847078,,3,validation_2024_observed,25175886497.107491,-929960580.89250946,929960580.89250946,-3.5622693188768761,
205,2024,Japan,Canada,1001,0,,3,validation_2024_observed,14.703719656701692,14.703719656701692,14.703719656701692,,
206,2024,Japan,Canada,8703,5504542608,,3,validation_2024_observed,6076331960.6577549,571789352.6577549,571789352.6577549,10.387590638807076,
207,2024,Japan,China,1001,0,,3,validation_2024_observed,1632.2234534512552,1632.2234534512552,1632.2234534512552,,
208,2024,Japan,China,8703,6641426201,,3,validation_2024_observed,14068612771.651794,7427186570.6517944,7427186570.6517944,111.83119929170458,
209,2024,Japan,Germany,1001,0,,3,validation_2024_observed,7.2648972980681794,7.2648972980681794,7.2648972980681794,,
210,2024,Japan,Germany,8703,2207609523,,3,validation_2024_observed,8801756014.7704735,6594146491.7704735,6594146491.7704735,298.70076311364386,
211,2024,Japan,Mexico,1001,0,,3,validation_2024_observed,6.1319815571093752,6.1319815571093752,6.1319815571093752,,
212,2024,Japan,Mexico,8703,1523309798,,3,validation_2024_observed,3446596961.5975113,1923287163.5975113,1923287163.5975113,126.25712551200378,
213,2024,Japan,United Kingdom,1001,0,,3,validation_2024_observed,10.799148320592696,10.799148320592696,10.799148320592696,,
214,2024,Japan,United Kingdom,8703,3096026636,,3,validation_2024_observed,6812577761.3145056,3716551125.3145056,3716551125.3145056,120.04260822885587,
215,2024,Japan,United States,1001,0,,3,validation_2024_observed,56.140549351402854,56.140549351402854,56.140549351402854,,
216,2024,Japan,United States,8703,40489527390,,3,validation_2024_observed,18996467133.482334,-21493060256.517666,21493060256.517666,-53.083010946247711,
217,2024,Mexico,Canada,1001,18,,3,validation_2024_observed,3712.3296911129069,3694.3296911129069,3694.3296911129069,20524.053839516149,
218,2024,Mexico,Canada,8703,5918119238,,3,validation_2024_observed,4411288581.9526415,-1506830656.0473585,1506830656.0473585,-25.461309504750442,
219,2024,Mexico,China,1001,2671,,3,validation_2024_observed,90.712323862292806,-2580.2876761377074,2580.2876761377074,-96.603806669326374,
220,2024,Mexico,China,8703,255985743,,3,validation_2024_observed,3583758887.0770321,3327773144.0770321,3327773144.0770321,1299.9837823300306,
221,2024,Mexico,Germany,1001,2,,3,validation_2024_observed,11.890459701439914,9.890459701439914,9.890459701439914,494.52298507199572,
222,2024,Mexico,Germany,8703,3979822545,,3,validation_2024_observed,4730299761.1064873,750477216.10648727,750477216.10648727,18.857052233380102,
223,2024,Mexico,Japan,1001,0,,3,validation_2024_observed,13.179709194834849,13.179709194834849,13.179709194834849,,
224,2024,Mexico,Japan,8703,418148376,,3,validation_2024_observed,1742788045.0369873,1324639669.0369873,1324639669.0369873,316.78699358071577,
225,2024,Mexico,United Kingdom,1001,0,,3,validation_2024_observed,26.130391776430734,26.130391776430734,26.130391776430734,,
226,2024,Mexico,United Kingdom,8703,1036234550,,3,validation_2024_observed,3370970838.4841871,2334736288.4841871,2334736288.4841871,225.30963559207584,
227,2024,Mexico,United States,1001,323719,,3,validation_2024_observed,5578.203356020148,-318140.79664397985,318140.79664397985,-98.276837826627371,
228,2024,Mexico,United States,8703,49637259600,,3,validation_2024_observed,18110409560.576309,-31526850039.423691,31526850039.423691,-63.514485476195972,
229,2024,United Kingdom,Canada,1001,1943,,3,validation_2024_observed,10229.4831050294,8286.4831050293997,8286.4831050293997,426.47880108231601,
230,2024,United Kingdom,Canada,8703,592950008,,3,validation_2024_observed,3826824816.7102423,3233874808.7102423,3233874808.7102423,545.38742981351686,
231,2024,United Kingdom,China,1001,29358,,3,validation_2024_observed,4709.668959427685,-24648.331040572317,24648.331040572317,-83.957800397071736,
232,2024,United Kingdom,China,8703,4078424924,,3,validation_2024_observed,7037630818.2463493,2959205894.2463493,2959205894.2463493,72.55756693797484,
233,2024,United Kingdom,Germany,1001,71283,,3,validation_2024_observed,4226.1158457550609,-67056.884154244937,67056.884154244937,-94.0713552379178,
234,2024,United Kingdom,Germany,8703,2443797094,,3,validation_2024_observed,7547202055.9510155,5103404961.9510155,5103404961.9510155,208.83096123163716,
235,2024,United Kingdom,Japan,1001,3035,,3,validation_2024_observed,35.777635442133146,-2999.222364557867,2999.222364557867,-98.821165224311926,
236,2024,United Kingdom,Japan,8703,1031790547,,3,validation_2024_observed,1726303763.5234292,694513216.52342916,694513216.52342916,67.311453719242991,
237,2024,United Kingdom,Mexico,1001,0,,3,validation_2024_observed,40.993801042251988,40.993801042251988,40.993801042251988,,
238,2024,United Kingdom,Mexico,8703,221441018,,3,validation_2024_observed,1712535843.769731,1491094825.769731,1491094825.769731,673.35981347851782,
239,2024,United Kingdom,United States,1001,461387,,3,validation_2024_observed,13981.219688882769,-447405.78031111724,447405.78031111724,-96.969741304180062,
240,2024,United Kingdom,United States,8703,9760731714,,3,validation_2024_observed,17694341454.218681,7933609740.2186813,7933609740.2186813,81.280891358168944,
241,2024,United States,Canada,1001,24530233,,3,validation_2024_observed,35173375.841130778,10643142.841130778,10643142.841130778,43.387858733876598,
242,2024,United States,Canada,8703,15597579400,,3,validation_2024_observed,8499116567.239254,-7098462832.760746,7098462832.760746,-45.510028516096199,
243,2024,United States,China,1001,676649911,,3,validation_2024_observed,129764565.71535245,-546885345.28464758,546885345.28464758,-80.822495709254241,
244,2024,United States,China,8703,5586660835,,3,validation_2024_observed,7856145952.5608664,2269485117.5608664,2269485117.5608664,40.623284365908106,
245,2024,United States,Germany,1001,4749,,3,validation_2024_observed,25508807.874311764,25504058.874311764,25504058.874311764,537040.61643107526,
246,2024,United States,Germany,8703,7595825735,,3,validation_2024_observed,10372225983.368828,2776400248.3688278,2776400248.3688278,36.551658045230653,
247,2024,United States,Japan,1001,633126270,,3,validation_2024_observed,45894622.476635769,-587231647.52336419,587231647.52336419,-92.751110694453445,
248,2024,United States,Japan,8703,929137299,,3,validation_2024_observed,3331966957.6974463,2402829658.6974463,2402829658.6974463,258.60867508855074,
249,2024,United States,Mexico,1001,1070869870,,3,validation_2024_observed,90868390.010669976,-980001479.98933005,980001479.98933005,-91.514525475381049,
250,2024,United States,Mexico,8703,4561751943,,3,validation_2024_observed,4949520507.3986654,387768564.39866543,387768564.39866543,8.5004307389772826,
251,2024,United States,United Kingdom,1001,11505,,3,validation_2024_observed,31117162.941684604,31105657.941684604,31105657.941684604,270366.43147922296,
252,2024,United States,United Kingdom,8703,1224546537,,3,validation_2024_observed,7930188793.6182585,6705642256.6182585,6705642256.6182585,547.60207587098489,
253,2025,Canada,China,1001,,530862258.4581008,3,forecast_2025_unobserved,376875391.36670822,,,,-153986867.09139258
254,2025,Canada,China,8703,,416554030.78198922,3,forecast_2025_unobserved,479522362.43516082,,,,62968331.653171599
255,2025,Canada,Germany,1001,,894406.25562884973,3,forecast_2025_unobserved,28343948.955085054,,,,27449542.699456204
256,2025,Canada,Germany,8703,,92047862.460689306,3,forecast_2025_unobserved,303037264.05606997,,,,210989401.59538066
257,2025,Canada,Japan,1001,,487208438.33307827,3,forecast_2025_unobserved,285864562.59465277,,,,-201343875.73842549
258,2025,Canada,Japan,8703,,12108816.551532555,3,forecast_2025_unobserved,232715906.25173351,,,,220607089.70020095
259,2025,Canada,Mexico,1001,,189363850.93000531,3,forecast_2025_unobserved,661628235.13745046,,,,472264384.20744514
260,2025,Canada,Mexico,8703,,394397077.67651242,3,forecast_2025_unobserved,307665846.0792287,,,,-86731231.597283721
261,2025,Canada,United Kingdom,1001,,147767604.18687198,3,forecast_2025_unobserved,36594032.195655048,,,,-111173571.99121693
262,2025,Canada,United Kingdom,8703,,6531988.7619951274,3,forecast_2025_unobserved,229012857.53892311,,,,222480868.77692798
263,2025,Canada,United States,1001,,651030223.20705056,3,forecast_2025_unobserved,398632143.54404336,,,,-252398079.6630072
264,2025,Canada,United States,8703,,29447181933.073902,3,forecast_2025_unobserved,1740328323.6304438,,,,-27706853609.443459
265,2025,China,Canada,1001,,0,3,forecast_2025_unobserved,11.288430937608796,,,,11.288430937608796
266,2025,China,Canada,8703,,1422965934.9739506,3,forecast_2025_unobserved,5061814218.2198572,,,,3638848283.2459068
267,2025,China,Germany,1001,,4.7523657967247992,3,forecast_2025_unobserved,289.29510287042524,,,,284.54273707370044
268,2025,China,Germany,8703,,3546726622.2719927,3,forecast_2025_unobserved,8293076430.5573854,,,,4746349808.2853928
269,2025,China,Japan,1001,,0,3,forecast_2025_unobserved,138.44317265248483,,,,138.44317265248483
270,2025,China,Japan,8703,,925453881.90290022,3,forecast_2025_unobserved,4029158247.8069348,,,,3103704365.9040346
271,2025,China,Mexico,1001,,0,3,forecast_2025_unobserved,3.5138158389511513,,,,3.5138158389511513
272,2025,China,Mexico,8703,,4805417606.5950432,3,forecast_2025_unobserved,3247941911.9234481,,,,-1557475694.6715951
273,2025,China,United Kingdom,1001,,58717.620669989738,3,forecast_2025_unobserved,578.20586232865799,,,,-58139.41480766108
274,2025,China,United Kingdom,8703,,6182433384.1456623,3,forecast_2025_unobserved,6064034229.432169,,,,-118399154.71349335
275,2025,China,United States,1001,,0,3,forecast_2025_unobserved,32.651708151179498,,,,32.651708151179498
276,2025,China,United States,8703,,3808519439.895184,3,forecast_2025_unobserved,18835664520.614456,,,,15027145080.719273
277,2025,Germany,Canada,1001,,159353.01771488506,3,forecast_2025_unobserved,116624.09113105151,,,,-42728.926583833556
278,2025,Germany,Canada,8703,,3185887126.3290038,3,forecast_2025_unobserved,8309234197.4309692,,,,5123347071.101965
279,2025,Germany,China,1001,,0,3,forecast_2025_unobserved,4384.895809717771,,,,4384.895809717771
280,2025,Germany,China,8703,,13053502548.257113,3,forecast_2025_unobserved,14025405542.495918,,,,971902994.23880577
281,2025,Germany,Japan,1001,,32814.676020545317,3,forecast_2025_unobserved,3675.5620576622046,,,,-29139.113962883112
282,2025,Germany,Japan,8703,,3985740064.5641351,3,forecast_2025_unobserved,3370927294.2782879,,,,-614812770.28584719
283,2025,Germany,Mexico,1001,,0,3,forecast_2025_unobserved,937.12319707313338,,,,937.12319707313338
284,2025,Germany,Mexico,8703,,881800888.08630931,3,forecast_2025_unobserved,3561606503.2373919,,,,2679805615.1510825
285,2025,Germany,United Kingdom,1001,,241909176.87338209,3,forecast_2025_unobserved,266170.41991789773,,,,-241643006.45346418
286,2025,Germany,United Kingdom,8703,,16543983898.543367,3,forecast_2025_unobserved,11748911043.485298,,,,-4795072855.0580692
287,2025,Germany,United States,1001,,7436476.7670493107,3,forecast_2025_unobserved,149771.44318329287,,,,-7286705.3238660181
288,2025,Germany,United States,8703,,34318821578.050293,3,forecast_2025_unobserved,26050801633.989758,,,,-8268019944.0605354
289,2025,Japan,Canada,1001,,0,3,forecast_2025_unobserved,3.002909805895865,,,,3.002909805895865
290,2025,Japan,Canada,8703,,5664394860.395853,3,forecast_2025_unobserved,5598135277.0531664,,,,-66259583.342686653
291,2025,Japan,China,1001,,0,3,forecast_2025_unobserved,175.91300748422975,,,,175.91300748422975
292,2025,Japan,China,8703,,6010737613.5248747,3,forecast_2025_unobserved,14948569990.506235,,,,8937832376.9813614
293,2025,Japan,Germany,1001,,0,3,forecast_2025_unobserved,5.276820664729625,,,,5.276820664729625
294,2025,Japan,Germany,8703,,2741869777.702445,3,forecast_2025_unobserved,7382793510.51054,,,,4640923732.808095
295,2025,Japan,Mexico,1001,,0,3,forecast_2025_unobserved,1.6055787511815667,,,,1.6055787511815667
296,2025,Japan,Mexico,8703,,1525557831.0587449,3,forecast_2025_unobserved,3106530286.7609529,,,,1580972455.702208
297,2025,Japan,United Kingdom,1001,,0,3,forecast_2025_unobserved,3.1876699975250102,,,,3.1876699975250102
298,2025,Japan,United Kingdom,8703,,3696571751.6599798,3,forecast_2025_unobserved,5373831535.763196,,,,1677259784.1032162
299,2025,Japan,United States,1001,,0,3,forecast_2025_unobserved,19.960327872109058,,,,19.960327872109058
300,2025,Japan,United States,8703,,35318692142.475571,3,forecast_2025_unobserved,22716556891.889633,,,,-12602135250.585938
301,2025,Mexico,Canada,1001,,18.51114957409418,3,forecast_2025_unobserved,1235.44309841922,,,,1216.9319488451258
302,2025,Mexico,Canada,8703,,6538395537.5853796,3,forecast_2025_unobserved,4171580533.772325,,,,-2366815003.8130546
303,2025,Mexico,China,1001,,2361.935663288386,3,forecast_2025_unobserved,47.224525234871635,,,,-2314.7111380535143
304,2025,Mexico,China,8703,,230724417.27443409,3,forecast_2025_unobserved,2898984032.055594,,,,2668259614.7811599
305,2025,Mexico,Germany,1001,,2.0606212328124478,3,forecast_2025_unobserved,12.795747793751557,,,,10.73512656093911
306,2025,Mexico,Germany,8703,,4343634911.1942692,3,forecast_2025_unobserved,3510141856.2098627,,,,-833493054.98440647
307,2025,Mexico,Japan,1001,,0,3,forecast_2025_unobserved,8.3753838029697025,,,,8.3753838029697025
308,2025,Mexico,Japan,8703,,467213585.10383087,3,forecast_2025_unobserved,1200651503.5810106,,,,733437918.47717977
309,2025,Mexico,United Kingdom,1001,,0,3,forecast_2025_unobserved,10.804242278268397,,,,10.804242278268397
310,2025,Mexico,United Kingdom,8703,,1206198894.8819969,3,forecast_2025_unobserved,2268302483.492806,,,,1062103588.6108091
311,2025,Mexico,United States,1001,,301853.76440170285,3,forecast_2025_unobserved,3242.0107214668615,,,,-298611.753680236
312,2025,Mexico,United States,8703,,52780466123.751282,3,forecast_2025_unobserved,24310387488.43787,,,,-28470078635.313412
313,2025,United Kingdom,Canada,1001,,1713.0608292353788,3,forecast_2025_unobserved,25896.889135656307,,,,24183.828306420928
314,2025,United Kingdom,Canada,8703,,550904513.15275657,3,forecast_2025_unobserved,3140807444.2072859,,,,2589902931.0545292
315,2025,United Kingdom,China,1001,,30482.86627624328,3,forecast_2025_unobserved,3339.6990601012194,,,,-27143.167216142061
316,2025,United Kingdom,China,8703,,3762660597.360023,3,forecast_2025_unobserved,5831935719.6981239,,,,2069275122.3381009
317,2025,United Kingdom,Germany,1001,,70311.122944354356,3,forecast_2025_unobserved,20346.351298447087,,,,-49964.771645907269
318,2025,United Kingdom,Germany,8703,,2710958224.364337,3,forecast_2025_unobserved,6692023482.9135675,,,,3981065258.5492306
319,2025,United Kingdom,Japan,1001,,2553.6291477024824,3,forecast_2025_unobserved,94.154839866334044,,,,-2459.4743078361485
320,2025,United Kingdom,Japan,8703,,1098153473.6068299,3,forecast_2025_unobserved,1351439902.2694988,,,,253286428.66266894
321,2025,United Kingdom,Mexico,1001,,0,3,forecast_2025_unobserved,31.473152946084422,,,,31.473152946084422
322,2025,United Kingdom,Mexico,8703,,223111631.07110319,3,forecast_2025_unobserved,1433266568.9810276,,,,1210154937.9099245
323,2025,United Kingdom,United States,1001,,419717.73669214168,3,forecast_2025_unobserved,56504.087596214624,,,,-363213.64909592707
324,2025,United Kingdom,United States,8703,,11524374951.343082,3,forecast_2025_unobserved,21496857587.565002,,,,9972482636.22192
325,2025,United States,Canada,1001,,20139638.853230141,3,forecast_2025_unobserved,10967779.977602806,,,,-9171858.8756273352
326,2025,United States,Canada,8703,,14836726276.380745,3,forecast_2025_unobserved,9413825383.8531322,,,,-5422900892.5276127
327,2025,United States,China,1001,,615204885.68975282,3,forecast_2025_unobserved,31029158.816485222,,,,-584175726.87326765
328,2025,United States,China,8703,,5166890837.598218,3,forecast_2025_unobserved,8423706545.6123514,,,,3256815708.0141335
329,2025,United States,Germany,1001,,4758.0761982454405,3,forecast_2025_unobserved,4704122.7758837743,,,,4699364.6996855289
330,2025,United States,Germany,8703,,8934849485.0146999,3,forecast_2025_unobserved,8366456914.7857056,,,,-568392570.22899437
331,2025,United States,Japan,1001,,533628343.01922303,3,forecast_2025_unobserved,27175179.127520446,,,,-506453163.89170259
332,2025,United States,Japan,8703,,973881597.47265792,3,forecast_2025_unobserved,2647142648.6665297,,,,1673261051.1938717
333,2025,United States,Mexico,1001,,979168570.91317141,3,forecast_2025_unobserved,58601940.900396377,,,,-920566630.01277506
334,2025,United States,Mexico,8703,,4915308212.8533888,3,forecast_2025_unobserved,4851448085.8313427,,,,-63860127.022046089
335,2025,United States,United Kingdom,1001,,10448.558931451713,3,forecast_2025_unobserved,5120882.6312544337,,,,5110434.0723229824
336,2025,United States,United Kingdom,8703,,1056748860.3139788,3,forecast_2025_unobserved,5400775534.500082,,,,4344026674.1861029
1,2022,Canada,China,1001,1603329352,,4,training_final,1848216589.6872003,244887237.68720031,244887237.68720031,15.273670215151174,
2,2022,Canada,China,8703,493145059,,4,training_final,6187789239.9622793,5694644180.9622793,5694644180.9622793,1154.7604659184631,
3,2022,Canada,Germany,1001,8340064,,4,training_final,15543900.106563188,7203836.1065631881,7203836.1065631881,86.376268893898029,
4,2022,Canada,Germany,8703,173024896,,4,training_final,6173075949.148737,6000051053.148737,6000051053.148737,3467.7385693378696,
5,2022,Canada,Japan,1001,836132111,,4,training_final,851078535.29981422,14946424.299814224,14946424.299814224,1.7875673118137456,
6,2022,Canada,Japan,8703,23671130,,4,training_final,6264684519.1822996,6241013389.1822996,6241013389.1822996,26365.506797446087,
7,2022,Canada,Mexico,1001,194288498,,4,training_final,976256189.65846002,781967691.65846002,781967691.65846002,402.47760403112494,
8,2022,Canada,Mexico,8703,306103450,,4,training_final,6142296860.0964184,5836193410.0964184,5836193410.0964184,1906.6081777570355,
9,2022,Canada,United Kingdom,1001,240226916,,4,training_final,556408392.50711596,316181476.50711596,316181476.50711596,131.61783940443874,
10,2022,Canada,United Kingdom,8703,13653792,,4,training_final,6234215012.4618111,6220561220.4618111,6220561220.4618111,45559.220621361535,
11,2022,Canada,United States,1001,714525689,,4,training_final,2070669217.9243484,1356143528.9243484,1356143528.9243484,189.79632920158707,
12,2022,Canada,United States,8703,26935101879,,4,training_final,6219906760.6822901,-20715195118.317711,20715195118.317711,-76.907803101603818,
13,2022,China,Canada,1001,3205,,4,training_final,15610.707893162964,12405.707893162964,12405.707893162964,387.07356920945284,
14,2022,China,Canada,8703,492775572,,4,training_final,4299972960.4403143,3807197388.4403143,3807197388.4403143,772.60270288729214,
15,2022,China,Germany,1001,4998,,4,training_final,13965.453050491302,8967.4530504913018,8967.4530504913018,179.42082934156267,
16,2022,China,Germany,8703,1566710844,,4,training_final,6266050394.8030386,4699339550.8030386,4699339550.8030386,299.94938560615708,
17,2022,China,Japan,1001,0,,4,training_final,2.6223693330596123,2.6223693330596123,2.6223693330596123,,
18,2022,China,Japan,8703,380371024,,4,training_final,6172980765.3151112,5792609741.3151112,5792609741.3151112,1522.8840726088301,
19,2022,China,Mexico,1001,0,,4,training_final,0,0,0,,
20,2022,China,Mexico,8703,2278387435,,4,training_final,6139214645.3395672,3860827210.3395672,3860827210.3395672,169.454375977963,
21,2022,China,United Kingdom,1001,121638,,4,training_final,306262.54659884411,184624.54659884411,184624.54659884411,151.78196500998382,
22,2022,China,United Kingdom,8703,4397568921,,4,training_final,6229977726.2031174,1832408805.2031174,1832408805.2031174,41.668677356088615,
23,2022,China,United States,1001,0,,4,training_final,0.61535586773106687,0.61535586773106687,0.61535586773106687,,
24,2022,China,United States,8703,2573291295,,4,training_final,6241496172.3115988,3668204877.3115988,3668204877.3115988,142.54915036004886,
25,2022,Germany,Canada,1001,1967,,4,training_final,8065.5031696272108,6098.5031696272108,6098.5031696272108,310.04083221287294,
26,2022,Germany,Canada,8703,2570897378,,4,training_final,6170602038.3106298,3599704660.3106298,3599704660.3106298,140.0174387011503,
27,2022,Germany,China,1001,0,,4,training_final,4.1244833640615086,4.1244833640615086,4.1244833640615086,,
28,2022,Germany,China,8703,20603317479,,4,training_final,6118694300.4045992,-14484623178.595402,14484623178.595402,-70.302383066993471,
29,2022,Germany,Japan,1001,66536,,4,training_final,597440.7862876812,530904.7862876812,530904.7862876812,797.92110479692371,
30,2022,Germany,Japan,8703,3689267263,,4,training_final,6281610992.1113567,2592343729.1113567,2592343729.1113567,70.267170804083776,
31,2022,Germany,Mexico,1001,0,,4,training_final,0,0,0,,
32,2022,Germany,Mexico,8703,649594929,,4,training_final,6276601097.06779,5627006168.06779,5627006168.06779,866.2330810879514,
33,2022,Germany,United Kingdom,1001,116225023,,4,training_final,615585051.77625895,499360028.77625895,499360028.77625895,429.64932669986126,
34,2022,Germany,United Kingdom,8703,12394393676,,4,training_final,5989400506.9084091,-6404993169.0915909,6404993169.0915909,-51.676534863451685,
35,2022,Germany,United States,1001,18600,,4,training_final,146120.10397621553,127520.10397621553,127520.10397621553,685.59195686137389,
36,2022,Germany,United States,8703,23266770397,,4,training_final,6195464064.0882006,-17071306332.9118,17071306332.9118,-73.372049672665185,
37,2022,Japan,Canada,1001,0,,4,training_final,0,0,0,,
38,2022,Japan,Canada,8703,3077310774,,4,training_final,6133713190.35637,3056402416.35637,3056402416.35637,99.32056398657285,
39,2022,Japan,China,1001,52,,4,training_final,38.801399729847702,-13.198600270152298,13.198600270152298,-25.381923596446725,
40,2022,Japan,China,8703,9215455168,,4,training_final,5754126146.498003,-3461329021.501997,3461329021.501997,-37.5600440607775,
41,2022,Japan,Germany,1001,0,,4,training_final,0.41232004736906636,0.41232004736906636,0.41232004736906636,,
42,2022,Japan,Germany,8703,1881643344,,4,training_final,6271440026.2452087,4389796682.2452087,4389796682.2452087,233.29589511439363,
43,2022,Japan,Mexico,1001,0,,4,training_final,0,0,0,,
44,2022,Japan,Mexico,8703,1120275201,,4,training_final,6234099461.4407282,5113824260.4407282,5113824260.4407282,456.47928793531582,
45,2022,Japan,United Kingdom,1001,0,,4,training_final,0,0,0,,
46,2022,Japan,United Kingdom,8703,1996552869,,4,training_final,6198861554.8762255,4202308685.8762255,4202308685.8762255,210.47820727036432,
47,2022,Japan,United States,1001,0,,4,training_final,0,0,0,,
48,2022,Japan,United States,8703,33302118748,,4,training_final,6214952742.759716,-27087166005.240284,27087166005.240284,-81.337665660888433,
49,2022,Mexico,Canada,1001,199,,4,training_final,478.02146973207459,279.02146973207459,279.02146973207459,140.21179383521337,
50,2022,Mexico,Canada,8703,3879703672,,4,training_final,6273281749.6935701,2393578077.6935701,2393578077.6935701,61.694868475861533,
51,2022,Mexico,China,1001,829,,4,training_final,2590.0210541992483,1761.0210541992483,1761.0210541992483,212.42714767180317,
52,2022,Mexico,China,8703,353283286,,4,training_final,1038769935.014011,685486649.01401103,685486649.01401103,194.03313889409731,
53,2022,Mexico,Germany,1001,0,,4,training_final,0,0,0,,
54,2022,Mexico,Germany,8703,4286460449,,4,training_final,6278514872.4016285,1992054423.4016285,1992054423.4016285,46.473178677441439,
55,2022,Mexico,Japan,1001,0,,4,training_final,0,0,0,,
56,2022,Mexico,Japan,8703,400043639,,4,training_final,6261121098.9986334,5861077459.9986334,5861077459.9986334,1465.1095252132313,
57,2022,Mexico,United Kingdom,1001,0,,4,training_final,0.89789771367400839,0.89789771367400839,0.89789771367400839,,
58,2022,Mexico,United Kingdom,8703,1034444446,,4,training_final,6268386788.4708309,5233942342.4708309,5233942342.4708309,505.96649851130144,
59,2022,Mexico,United States,1001,472138,,4,training_final,1169205.007829051,697067.007829051,697067.007829051,147.64052201454894,
60,2022,Mexico,United States,8703,36382813669,,4,training_final,6263171245.1670504,-30119642423.832951,30119642423.832951,-82.785357663243104,
61,2022,United Kingdom,Canada,1001,60801,,4,training_final,281144.4963658927,220343.4963658927,220343.4963658927,362.40110584676682,
62,2022,United Kingdom,Canada,8703,528484630,,4,training_final,6240006107.3296347,5711521477.3296347,5711521477.3296347,1080.7355887208366,
63,2022,United Kingdom,China,1001,1418,,4,training_final,4317.0706293669509,2899.0706293669509,2899.0706293669509,204.44785820641405,
64,2022,United Kingdom,China,8703,4173646899,,4,training_final,6183517154.412096,2009870255.412096,2009870255.412096,48.156212158092679,
65,2022,United Kingdom,Germany,1001,11440,,4,training_final,64912.685375197143,53472.685375197143,53472.685375197143,467.41857845452046,
66,2022,United Kingdom,Germany,8703,2527077674,,4,training_final,5815370063.7915583,3288292389.7915583,3288292389.7915583,130.12233156200003,
67,2022,United Kingdom,Japan,1001,0,,4,training_final,39.91007180607717,39.91007180607717,39.91007180607717,,
68,2022,United Kingdom,Japan,8703,739699763,,4,training_final,6272214700.9345732,5532514937.9345732,5532514937.9345732,747.94061248530818,
69,2022,United Kingdom,Mexico,1001,0,,4,training_final,0,0,0,,
70,2022,United Kingdom,Mexico,8703,132403248,,4,training_final,6261175793.5327129,6128772545.5327129,6128772545.5327129,4628.8687310244177,
71,2022,United Kingdom,United States,1001,102660,,4,training_final,265208.31624690437,162548.31624690437,162548.31624690437,158.33656365371553,
72,2022,United Kingdom,United States,8703,6770953814,,4,training_final,6161968810.9488382,-608985003.05116177,608985003.05116177,-8.9940800037948954,
73,2022,United States,Canada,1001,28785161,,4,training_final,5777012309.4457579,5748227148.4457579,5748227148.4457579,19969.411143629728,
74,2022,United States,Canada,8703,17366950376,,4,training_final,6266555154.2741594,-11100395221.725842,11100395221.725842,-63.916778601877446,
75,2022,United States,China,1001,403969461,,4,training_final,1494019397.4818606,1090049936.4818606,1090049936.4818606,269.83473794863437,
76,2022,United States,China,8703,5387508478,,4,training_final,6142590004.421237,755081526.42123699,755081526.42123699,14.01541230987622,
77,2022,United States,Germany,1001,46138,,4,training_final,235254.12781211035,189116.12781211035,189116.12781211035,409.89233996295968,
78,2022,United States,Germany,8703,7207390139,,4,training_final,6174670881.5170088,-1032719257.4829912,1032719257.4829912,-14.328616011707636,
79,2022,United States,Japan,1001,1004152250,,4,training_final,2121497897.0278382,1117345647.0278382,1117345647.0278382,111.27253332627978,
80,2022,United States,Japan,8703,853339451,,4,training_final,6180859169.0748835,5327519718.0748835,5327519718.0748835,624.31424116531127,
81,2022,United States,Mexico,1001,1301822725,,4,training_final,6160117726.8900051,4858295001.8900051,4858295001.8900051,373.19174942886366,
82,2022,United States,Mexico,8703,3346538590,,4,training_final,6251341339.9342909,2904802749.9342909,2904802749.9342909,86.800216755734198,
83,2022,United States,United Kingdom,1001,4594397,,4,training_final,49971373.383432254,45376976.383432254,45376976.383432254,987.65901996349589,
84,2022,United States,United Kingdom,8703,1267655554,,4,training_final,6248967895.4443111,4981312341.4443111,4981312341.4443111,392.95472068308476,
85,2023,Canada,China,1001,762849818,,4,training_final,3027642154.6767831,2264792336.6767831,2264792336.6767831,296.88574123468993,
86,2023,Canada,China,8703,472711690,,4,training_final,6259216531.696125,5786504841.696125,5786504841.696125,1224.1086827567403,
87,2023,Canada,Germany,1001,3222402,,4,training_final,20717862.871479429,17495460.871479429,17495460.871479429,542.93228689280329,
88,2023,Canada,Germany,8703,113517620,,4,training_final,6256542173.1835823,6143024553.1835823,6143024553.1835823,5411.5163383301933,
89,2023,Canada,Japan,1001,707985427,,4,training_final,2886805977.1302609,2178820550.1302609,2178820550.1302609,307.74935006257704,
90,2023,Canada,Japan,8703,24174594,,4,training_final,6275223282.0494413,6251048688.0494413,6251048688.0494413,25857.926251210014,
91,2023,Canada,Mexico,1001,264496531,,4,training_final,658914790.41013491,394418259.41013491,394418259.41013491,149.12039032002838,
92,2023,Canada,Mexico,8703,374072438,,4,training_final,6276396085.0198812,5902323647.0198812,5902323647.0198812,1577.8557967480838,
93,2023,Canada,United Kingdom,1001,217501517,,4,training_final,1135685059.1764793,918183542.17647934,918183542.17647934,422.15040834702745,
94,2023,Canada,United Kingdom,8703,10056711,,4,training_final,6277901240.4240217,6267844529.4240217,6267844529.4240217,62324.994020649712,
95,2023,Canada,United States,1001,759850744,,4,training_final,2997449473.703104,2237598729.703104,2237598729.703104,294.47871800769127,
96,2023,Canada,United States,8703,35250840127,,4,training_final,6187775392.6133833,-29063064734.386616,29063064734.386616,-82.446445615706267,
97,2023,China,Canada,1001,3865,,4,training_final,1947.8159776158832,-1917.1840223841168,1917.1840223841168,-49.603726323004317,
98,2023,China,Canada,8703,1930453085,,4,training_final,4116520745.2766371,2186067660.2766371,2186067660.2766371,113.24117002701658,
99,2023,China,Germany,1001,0,,4,training_final,22.873555964039952,22.873555964039952,22.873555964039952,,
100,2023,China,Germany,8703,4544367308,,4,training_final,6224845106.9150066,1680477798.9150066,1680477798.9150066,36.979356751305254,
101,2023,China,Japan,1001,0,,4,training_final,0.66435467253430858,0.66435467253430858,0.66435467253430858,,
102,2023,China,Japan,8703,646578850,,4,training_final,6203088152.3666811,5556509302.3666811,5556509302.3666811,859.3707174873847,
103,2023,China,Mexico,1001,0,,4,training_final,0.68243504623074236,0.68243504623074236,0.68243504623074236,,
104,2023,China,Mexico,8703,4207681913,,4,training_final,5956732463.0833035,1749050550.0833035,1749050550.0833035,41.568031667970416,
105,2023,China,United Kingdom,1001,121819,,4,training_final,262676.12177770812,140857.12177770812,140857.12177770812,115.62820395645024,
106,2023,China,United Kingdom,8703,5745196353,,4,training_final,6070013764.8838224,324817411.88382244,324817411.88382244,5.6537216820137193,
107,2023,China,United States,1001,1,,4,training_final,0.91856837870456121,-0.081431621295438794,0.081431621295438794,-8.1431621295438799,
108,2023,China,United States,8703,2541657008,,4,training_final,6163710726.1749773,3622053718.1749773,3622053718.1749773,142.50757308222043,
109,2023,Germany,Canada,1001,102883,,4,training_final,390746.13028596318,287863.13028596318,287863.13028596318,279.79659446746615,
110,2023,Germany,Canada,8703,2930543685,,4,training_final,6211547500.6380777,3281003815.6380777,3281003815.6380777,111.95887754316408,
111,2023,Germany,China,1001,0,,4,training_final,0.46867679875278617,0.46867679875278617,0.46867679875278617,,
112,2023,Germany,China,8703,16386440010,,4,training_final,6118184126.2794437,-10268255883.720556,10268255883.720556,-62.663128034241993,
113,2023,Germany,Japan,1001,49920,,4,training_final,131873.23971900193,81953.239719001926,81953.239719001926,164.16915007812887,
114,2023,Germany,Japan,8703,4106976598,,4,training_final,6281925009.1564541,2174948411.1564541,2174948411.1564541,52.95740940466041,
115,2023,Germany,Mexico,1001,0,,4,training_final,2.6728826240692944,2.6728826240692944,2.6728826240692944,,
116,2023,Germany,Mexico,8703,1015361513,,4,training_final,6279180040.1490097,5263818527.1490097,5263818527.1490097,518.41816532876703,
117,2023,Germany,United Kingdom,1001,135249865,,4,training_final,324340649.71998745,189090784.71998745,189090784.71998745,139.80848315078723,
118,2023,Germany,United Kingdom,8703,15409155974,,4,training_final,6034411104.515995,-9374744869.484005,9374744869.484005,-60.83879535843554,
119,2023,Germany,United States,1001,33460278,,4,training_final,35847663.744528748,2387385.7445287481,2387385.7445287481,7.1349847856277471,
120,2023,Germany,United States,8703,24975391688,,4,training_final,6190682319.9638948,-18784709368.036106,18784709368.036106,-75.212871944913886,
121,2023,Japan,Canada,1001,0,,4,training_final,0,0,0,,
122,2023,Japan,Canada,8703,5116842624,,4,training_final,6233903565.5054989,1117060941.5054989,1117060941.5054989,21.831059182200459,
123,2023,Japan,China,1001,0,,4,training_final,1.3674579167087291,1.3674579167087291,1.3674579167087291,,
124,2023,Japan,China,8703,7745909548,,4,training_final,5701461642.6955633,-2044447905.3044367,2044447905.3044367,-26.393903680844229,
125,2023,Japan,Germany,1001,0,,4,training_final,3.6892248381765014,3.6892248381765014,3.6892248381765014,,
126,2023,Japan,Germany,8703,2561672103,,4,training_final,6272284215.4828882,3710612112.4828882,3710612112.4828882,144.85117389291756,
127,2023,Japan,Mexico,1001,0,,4,training_final,0,0,0,,
128,2023,Japan,Mexico,8703,1791430445,,4,training_final,6253732091.4884577,4462301646.4884577,4462301646.4884577,249.09153793511965,
129,2023,Japan,United Kingdom,1001,0,,4,training_final,1.9997131368777321,1.9997131368777321,1.9997131368777321,,
130,2023,Japan,United Kingdom,8703,3165680922,,4,training_final,6223131953.7380533,3057451031.7380533,3057451031.7380533,96.581149745389709,
131,2023,Japan,United States,1001,1445,,4,training_final,492.95006475678849,-952.04993524321151,952.04993524321151,-65.885808667350275,
132,2023,Japan,United States,8703,40987859064,,4,training_final,6203326510.9187031,-34784532553.081299,34784532553.081299,-84.865453691463628,
133,2023,Mexico,Canada,1001,1,,4,training_final,7.2520309279841912,6.2520309279841912,6.2520309279841912,625.20309279841911,
134,2023,Mexico,Canada,8703,5210553432,,4,training_final,6276632398.4038744,1066078966.4038744,1066078966.4038744,20.459994899134436,
135,2023,Mexico,China,1001,1125,,4,training_final,6686.5050610633662,5561.5050610633662,5561.5050610633662,494.35600542785477,
136,2023,Mexico,China,8703,311060415,,4,training_final,6191854937.1441689,5880794522.1441689,5880794522.1441689,1890.5634528084099,
137,2023,Mexico,Germany,1001,0,,4,training_final,0,0,0,,
138,2023,Mexico,Germany,8703,5279964475,,4,training_final,6279135429.0125961,999170954.01259613,999170954.01259613,18.923819634460632,
139,2023,Mexico,Japan,1001,0,,4,training_final,0,0,0,,
140,2023,Mexico,Japan,8703,484522388,,4,training_final,6273078289.4557076,5788555901.4557076,5788555901.4557076,1194.6931751388354,
141,2023,Mexico,United Kingdom,1001,0,,4,training_final,0,0,0,,
142,2023,Mexico,United Kingdom,8703,1318964826,,4,training_final,6268973909.3484001,4950009083.3484001,4950009083.3484001,375.29500300324162,
143,2023,Mexico,United States,1001,2796415,,4,training_final,10331870.926738663,7535455.9267386626,7535455.9267386626,269.4684417991844,
144,2023,Mexico,United States,8703,42827067991,,4,training_final,6254638548.4086924,-36572429442.591309,36572429442.591309,-85.395594791305612,
145,2023,United Kingdom,Canada,1001,65412,,4,training_final,209877.97903916656,144465.97903916656,144465.97903916656,220.85546847545794,
146,2023,United Kingdom,Canada,8703,663987027,,4,training_final,6254323261.6964531,5590336234.6964531,5590336234.6964531,841.93455705821384,
147,2023,United Kingdom,China,1001,1531924,,4,training_final,1882806.9396394417,350882.93963944167,350882.93963944167,22.904722403947041,
148,2023,United Kingdom,China,8703,4409411353,,4,training_final,6172304695.3180599,1762893342.3180599,1762893342.3180599,39.980242286051464,
149,2023,United Kingdom,Germany,1001,14629,,4,training_final,53225.554175631965,38596.554175631965,38596.554175631965,263.83590249252831,
150,2023,United Kingdom,Germany,8703,3213860974,,4,training_final,5902087493.0368032,2688226519.0368032,2688226519.0368032,83.6447668640443,
151,2023,United Kingdom,Japan,1001,0,,4,training_final,33.200975772073576,33.200975772073576,33.200975772073576,,
152,2023,United Kingdom,Japan,8703,1032117423,,4,training_final,6273182551.689127,5241065128.689127,5241065128.689127,507.7973699402541,
153,2023,United Kingdom,Mexico,1001,0,,4,training_final,11.006052978673582,11.006052978673582,11.006052978673582,,
154,2023,United Kingdom,Mexico,8703,242065061,,4,training_final,6266760201.9664574,6024695140.9664574,6024695140.9664574,2488.8743200186404,
155,2023,United Kingdom,United States,1001,106493,,4,training_final,1252071.2102887426,1145578.2102887426,1145578.2102887426,1075.730996674657,
156,2023,United Kingdom,United States,8703,6571871801,,4,training_final,6132858624.5945969,-439013176.40540314,439013176.40540314,-6.6801847281713753,
157,2023,United States,Canada,1001,14387882,,4,training_final,5900641393.0862999,5886253511.0862999,5886253511.0862999,40911.188395111247,
158,2023,United States,Canada,8703,15798643484,,4,training_final,6264584356.2789431,-9534059127.7210579,9534059127.7210579,-60.347327524522157,
159,2023,United States,China,1001,392202704,,4,training_final,2505836806.2356215,2113634102.2356215,2113634102.2356215,538.91369964538069,
160,2023,United States,China,8703,6852481498,,4,training_final,6018104172.0108595,-834377325.98914051,834377325.98914051,-12.176279880984225,
161,2023,United States,Germany,1001,6245,,4,training_final,34487.942137564321,28242.942137564321,28242.942137564321,452.2488732996689,
162,2023,United States,Germany,8703,8996905361,,4,training_final,6193963187.937851,-2802942173.062149,2802942173.062149,-31.154514364599294,
163,2023,United States,Japan,1001,743044287,,4,training_final,1483835900.4679937,740791613.46799374,740791613.46799374,99.696831861651035,
164,2023,United States,Japan,8703,1261999920,,4,training_final,6174424552.3863945,4912424632.3863945,4912424632.3863945,389.25712708336738,
165,2023,United States,Mexico,1001,1075701859,,4,training_final,6126503896.0139408,5050802037.0139408,5050802037.0139408,469.53549394339581,
166,2023,United States,Mexico,8703,4442422862,,4,training_final,6261296553.2665939,1818873691.2665939,1818873691.2665939,40.943281352728505,
167,2023,United States,United Kingdom,1001,3670239,,4,training_final,1621988.8989955729,-2048250.1010044271,2048250.1010044271,-55.806995157656687,
168,2023,United States,United Kingdom,8703,1040548505,,4,training_final,6253284948.6321011,5212736443.6321011,5212736443.6321011,500.96044716647793,
169,2024,Canada,China,1001,573720099,,4,training_final,1766022815.1936724,1192302716.1936724,1192302716.1936724,207.8195828021135,
170,2024,Canada,China,8703,361534154,,4,training_final,6250416641.456871,5888882487.456871,5888882487.456871,1628.8592439476331,
171,2024,Canada,Germany,1001,927836,,4,training_final,2862240.4412375158,1934404.4412375158,1934404.4412375158,208.48559888143117,
172,2024,Canada,Germany,8703,108039258,,4,training_final,6245092478.851284,6137053220.851284,6137053220.851284,5680.3918635310174,
173,2024,Canada,Japan,1001,607223446,,4,training_final,1136913305.4149096,529689859.4149096,529689859.4149096,87.2314570368071,
174,2024,Canada,Japan,8703,11236402,,4,training_final,6273700614.0996075,6262464212.0996075,6262464212.0996075,55733.714511990642,
175,2024,Canada,Mexico,1001,172551233,,4,training_final,448669767.62783945,276118534.62783945,276118534.62783945,160.0211889693303,
176,2024,Canada,Mexico,8703,380444284,,4,training_final,6280532230.2172308,5900087946.2172308,5900087946.2172308,1550.8415277484444,
177,2024,Canada,United Kingdom,1001,173421644,,4,training_final,1480585706.6397467,1307164062.6397467,1307164062.6397467,753.74908949643373,
178,2024,Canada,United Kingdom,8703,5919442,,4,training_final,6277749834.5332146,6271830392.5332146,6271830392.5332146,105953.06774748725,
179,2024,Canada,United States,1001,685179327,,4,training_final,1970392857.4443948,1285213530.4443948,1285213530.4443948,187.57330815446434,
180,2024,Canada,United States,8703,28360982334,,4,training_final,6176688141.2236967,-22184294192.776302,22184294192.776302,-78.221177008319287,
181,2024,China,Canada,1001,0,,4,training_final,18.922510432822733,18.922510432822733,18.922510432822733,,
182,2024,China,Canada,8703,1486501326,,4,training_final,4330310102.3241529,2843808776.3241529,2843808776.3241529,191.3088623995047,
183,2024,China,Germany,1001,5,,4,training_final,25.335452495849793,20.335452495849793,20.335452495849793,406.70904991699587,
184,2024,China,Germany,8703,3293596023,,4,training_final,6223268762.2439661,2929672739.2439661,2929672739.2439661,88.950579208419398,
185,2024,China,Japan,1001,0,,4,training_final,0.71026088814364063,0.71026088814364063,0.71026088814364063,,
186,2024,China,Japan,8703,905237235,,4,training_final,6202762119.09587,5297524884.09587,5297524884.09587,585.20846019948237,
187,2024,China,Mexico,1001,0,,4,training_final,0,0,0,,
188,2024,China,Mexico,8703,4603755988,,4,training_final,5940139415.0385303,1336383427.0385303,1336383427.0385303,29.028111622811974,
189,2024,China,United Kingdom,1001,69452,,4,training_final,265446.65633119305,195994.65633119305,195994.65633119305,282.20160158266577,
190,2024,China,United Kingdom,8703,5102705740,,4,training_final,6084552470.0356779,981846730.03567791,981846730.03567791,19.241688234910406,
191,2024,China,United States,1001,0,,4,training_final,0,0,0,,
192,2024,China,United States,8703,3820671125,,4,training_final,6110414593.9804382,2289743468.9804382,2289743468.9804382,59.930399504889031,
193,2024,Germany,Canada,1001,166171,,4,training_final,334460.1946184939,168289.1946184939,168289.1946184939,101.27470775195064,
194,2024,Germany,Canada,8703,2832653765,,4,training_final,6180817288.7457047,3348163523.7457047,3348163523.7457047,118.19882701921759,
195,2024,Germany,China,1001,0,,4,training_final,0.87212826948796407,0.87212826948796407,0.87212826948796407,,
196,2024,Germany,China,8703,11304788932,,4,training_final,6050748473.9188633,-5254040458.0811367,5254040458.0811367,-46.476236661161721,
197,2024,Germany,Japan,1001,37305,,4,training_final,54663.488949480619,17358.488949480619,17358.488949480619,46.531266450825946,
198,2024,Germany,Japan,8703,3907415118,,4,training_final,6281601924.2670088,2374186806.2670088,2374186806.2670088,60.76105902672122,
199,2024,Germany,Mexico,1001,0,,4,training_final,0.37249004408214731,0.37249004408214731,0.37249004408214731,,
200,2024,Germany,Mexico,8703,1067908362,,4,training_final,6279546739.9816313,5211638377.9816313,5211638377.9816313,488.02299555190029,
201,2024,Germany,United Kingdom,1001,289517719,,4,training_final,789737021.24648261,500219302.24648261,500219302.24648261,172.77674885469881,
202,2024,Germany,United Kingdom,8703,14867362044,,4,training_final,6020848143.5508995,-8846513900.4491005,8846513900.4491005,-59.502915677090648,
203,2024,Germany,United States,1001,8332225,,4,training_final,27565973.993749566,19233748.993749566,19233748.993749566,230.83568907164133,
204,2024,Germany,United States,8703,26105847078,,4,training_final,6166070440.1059561,-19939776637.894043,19939776637.894043,-76.380500423208844,
205,2024,Japan,Canada,1001,0,,4,training_final,2.1577118108658859,2.1577118108658859,2.1577118108658859,,
206,2024,Japan,Canada,8703,5504542608,,4,training_final,6232882294.5247364,728339686.5247364,728339686.5247364,13.231611387042539,
207,2024,Japan,China,1001,0,,4,training_final,0,0,0,,
208,2024,Japan,China,8703,6641426201,,4,training_final,5744456699.9845819,-896969501.01541805,896969501.01541805,-13.505675947740883,
209,2024,Japan,Germany,1001,0,,4,training_final,2.2168809490145822,2.2168809490145822,2.2168809490145822,,
210,2024,Japan,Germany,8703,2207609523,,4,training_final,6264664205.1696234,4057054682.1696234,4057054682.1696234,183.77591869853623,
211,2024,Japan,Mexico,1001,0,,4,training_final,2.7431178567271313,2.7431178567271313,2.7431178567271313,,
212,2024,Japan,Mexico,8703,1523309798,,4,training_final,6262522340.382556,4739212542.382556,4739212542.382556,311.11285101722666,
213,2024,Japan,United Kingdom,1001,0,,4,training_final,0,0,0,,
214,2024,Japan,United Kingdom,8703,3096026636,,4,training_final,6213831689.4965973,3117805053.4965973,3117805053.4965973,100.70343120577071,
215,2024,Japan,United States,1001,0,,4,training_final,10.351617951164657,10.351617951164657,10.351617951164657,,
216,2024,Japan,United States,8703,40489527390,,4,training_final,6170678170.9821348,-34318849219.017864,34318849219.017864,-84.759816750772572,
217,2024,Mexico,Canada,1001,18,,4,training_final,129.86024956183545,111.86024956183545,111.86024956183545,621.44583089908576,
218,2024,Mexico,Canada,8703,5918119238,,4,training_final,6276637789.4307461,358518551.43074608,358518551.43074608,6.0579812101235344,
219,2024,Mexico,China,1001,2671,,4,training_final,5470.027197714282,2799.027197714282,2799.027197714282,104.79323091405024,
220,2024,Mexico,China,8703,255985743,,4,training_final,6213460878.2571278,5957475135.2571278,5957475135.2571278,2327.2683335560323,
221,2024,Mexico,Germany,1001,2,,4,training_final,4.2220026742342052,2.2220026742342052,2.2220026742342052,111.10013371171026,
222,2024,Mexico,Germany,8703,3979822545,,4,training_final,6278275055.342165,2298452510.342165,2298452510.342165,57.752638072513982,
223,2024,Mexico,Japan,1001,0,,4,training_final,2.5063906414393311,2.5063906414393311,2.5063906414393311,,
224,2024,Mexico,Japan,8703,418148376,,4,training_final,6275073673.0073051,5856925297.0073051,5856925297.0073051,1400.6811058396422,
225,2024,Mexico,United Kingdom,1001,0,,4,training_final,0.60925315706744254,0.60925315706744254,0.60925315706744254,,
226,2024,Mexico,United Kingdom,8703,1036234550,,4,training_final,6268523169.6895514,5232288619.6895514,5232288619.6895514,504.9328474609876,
227,2024,Mexico,United States,1001,323719,,4,training_final,1128637.7382157734,804918.73821577337,804918.73821577337,248.64735718810863,
228,2024,Mexico,United States,8703,49637259600,,4,training_final,6245211982.6255875,-43392047617.374413,43392047617.374413,-87.418298203904897,
229,2024,United Kingdom,Canada,1001,1943,,4,training_final,5530.2470655140942,3587.2470655140942,3587.2470655140942,184.62414130283554,
230,2024,United Kingdom,Canada,8703,592950008,,4,training_final,6251365634.3212605,5658415626.3212605,5658415626.3212605,954.28207268381743,
231,2024,United Kingdom,China,1001,29358,,4,training_final,210298.26285760305,180940.26285760305,180940.26285760305,616.32353313442013,
232,2024,United Kingdom,China,8703,4078424924,,4,training_final,6129920682.7432356,2051495758.7432356,2051495758.7432356,50.301177463656444,
233,2024,United Kingdom,Germany,1001,71283,,4,training_final,87346.099230462583,16063.099230462583,16063.099230462583,22.534263752174546,
234,2024,United Kingdom,Germany,8703,2443797094,,4,training_final,5850174012.9990396,3406376918.9990396,3406376918.9990396,139.38869668690424,
235,2024,United Kingdom,Japan,1001,3035,,4,training_final,31.509328097724698,-3003.4906719022752,3003.4906719022752,-98.961801380635094,
236,2024,United Kingdom,Japan,8703,1031790547,,4,training_final,6272358683.980648,5240568136.980648,5240568136.980648,507.91007459972866,
237,2024,United Kingdom,Mexico,1001,0,,4,training_final,0,0,0,,
238,2024,United Kingdom,Mexico,8703,221441018,,4,training_final,6266882480.3644085,6045441462.3644085,6045441462.3644085,2730.0459133386066,
239,2024,United Kingdom,United States,1001,461387,,4,training_final,599088.67046935135,137701.67046935135,137701.67046935135,29.84515612042631,
240,2024,United Kingdom,United States,8703,9760731714,,4,training_final,6101608083.9409771,-3659123630.0590229,3659123630.0590229,-37.488210282541353,
241,2024,United States,Canada,1001,24530233,,4,training_final,5839341960.3770237,5814811727.3770237,5814811727.3770237,23704.673850334093,
242,2024,United States,Canada,8703,15597579400,,4,training_final,6262757050.9756756,-9334822349.0243244,9334822349.0243244,-59.847891199222396,
243,2024,United States,China,1001,676649911,,4,training_final,2156956726.9899907,1480306815.9899907,1480306815.9899907,218.7699712843073,
244,2024,United States,China,8703,5586660835,,4,training_final,5919431040.1697035,332770205.16970348,332770205.16970348,5.9565134701738787,
245,2024,United States,Germany,1001,4749,,4,training_final,12429.69380062872,7680.6938006287201,7680.6938006287201,161.7328658797372,
246,2024,United States,Germany,8703,7595825735,,4,training_final,6146503431.1527214,-1449322303.8472786,1449322303.8472786,-19.080510196134437,
247,2024,United States,Japan,1001,633126270,,4,training_final,1314154587.8012359,681028317.80123591,681028317.80123591,107.56595486098466,
248,2024,United States,Japan,8703,929137299,,4,training_final,6146704384.296258,5217567085.296258,5217567085.296258,561.54963221385628,
249,2024,United States,Mexico,1001,1070869870,,4,training_final,6144267232.779007,5073397362.779007,5073397362.779007,473.76413371113028,
250,2024,United States,Mexico,8703,4561751943,,4,training_final,6266526876.2058887,1704774933.2058887,1704774933.2058887,37.371057315421602,
251,2024,United States,United Kingdom,1001,11505,,4,training_final,123290.86116001208,111785.86116001208,111785.86116001208,971.62851942644136,
252,2024,United States,United Kingdom,8703,1224546537,,4,training_final,6252199980.1602688,5027653443.1602688,5027653443.1602688,410.57267251577457,
169,2024,Canada,China,1001,573720099,,4,validation_2024_observed,2125959708.6382766,1552239609.6382766,1552239609.6382766,270.55695143744242,
170,2024,Canada,China,8703,361534154,,4,validation_2024_observed,6029265466.7613325,5667731312.7613325,5667731312.7613325,1567.6890412852483,
171,2024,Canada,Germany,1001,927836,,4,validation_2024_observed,28911958.110033832,27984122.110033832,27984122.110033832,3016.0634109943817,
172,2024,Canada,Germany,8703,108039258,,4,validation_2024_observed,4077075219.3015175,3969035961.3015175,3969035961.3015175,3673.6979083117335,
173,2024,Canada,Japan,1001,607223446,,4,validation_2024_observed,1258224209.4294107,651000763.4294107,651000763.4294107,107.20942475422972,
174,2024,Canada,Japan,8703,11236402,,4,validation_2024_observed,6022027425.3944302,6010791023.3944302,6010791023.3944302,53493.912227369845,
175,2024,Canada,Mexico,1001,172551233,,4,validation_2024_observed,1909476613.8755691,1736925380.8755691,1736925380.8755691,1006.6142969117868,
176,2024,Canada,Mexico,8703,380444284,,4,validation_2024_observed,5985251582.0500059,5604807298.0500059,5604807298.0500059,1473.2268386637152,
177,2024,Canada,United Kingdom,1001,173421644,,4,validation_2024_observed,2596839960.5782733,2423418316.5782733,2423418316.5782733,1397.4139909423725,
178,2024,Canada,United Kingdom,8703,5919442,,4,validation_2024_observed,5939028990.8410053,5933109548.8410053,5933109548.8410053,100230.89252062958,
179,2024,Canada,United States,1001,685179327,,4,validation_2024_observed,6038415850.7239294,5353236523.7239294,5353236523.7239294,781.28984818655067,
180,2024,Canada,United States,8703,28360982334,,4,validation_2024_observed,6042468111.3510389,-22318514222.64896,22318514222.64896,-78.694432935395369,
181,2024,China,Canada,1001,0,,4,validation_2024_observed,20999.978704750258,20999.978704750258,20999.978704750258,,
182,2024,China,Canada,8703,1486501326,,4,validation_2024_observed,5922745462.4843054,4436244136.4843054,4436244136.4843054,298.43526264599546,
183,2024,China,Germany,1001,5,,4,validation_2024_observed,0,-5,5,-100,
184,2024,China,Germany,8703,3293596023,,4,validation_2024_observed,6028415435.8890314,2734819412.8890314,2734819412.8890314,83.034452124398598,
185,2024,China,Japan,1001,0,,4,validation_2024_observed,0,0,0,,
186,2024,China,Japan,8703,905237235,,4,validation_2024_observed,6037534515.2098637,5132297280.2098637,5132297280.2098637,566.95605105217135,
187,2024,China,Mexico,1001,0,,4,validation_2024_observed,0,0,0,,
188,2024,China,Mexico,8703,4603755988,,4,validation_2024_observed,6038727452.3234472,1434971464.3234472,1434971464.3234472,31.169581273720784,
189,2024,China,United Kingdom,1001,69452,,4,validation_2024_observed,866106.17611731007,796654.17611731007,796654.17611731007,1147.0572137840668,
190,2024,China,United Kingdom,8703,5102705740,,4,validation_2024_observed,5982520241.7322369,879814501.73223686,879814501.73223686,17.242117154344019,
191,2024,China,United States,1001,0,,4,validation_2024_observed,5.7584116972185644,5.7584116972185644,5.7584116972185644,,
192,2024,China,United States,8703,3820671125,,4,validation_2024_observed,6043260277.7243233,2222589152.7243233,2222589152.7243233,58.172741908643687,
193,2024,Germany,Canada,1001,166171,,4,validation_2024_observed,468225.17614044057,302054.17614044057,302054.17614044057,181.77309888033446,
194,2024,Germany,Canada,8703,2832653765,,4,validation_2024_observed,5997398263.4648485,3164744498.4648485,3164744498.4648485,111.72366130898629,
195,2024,Germany,China,1001,0,,4,validation_2024_observed,3.8856188652012742,3.8856188652012742,3.8856188652012742,,
196,2024,Germany,China,8703,11304788932,,4,validation_2024_observed,6040229139.2279577,-5264559792.7720423,5264559792.7720423,-46.56928868322229,
197,2024,Germany,Japan,1001,37305,,4,validation_2024_observed,92895.371092931673,55590.371092931673,55590.371092931673,149.01587211615515,
198,2024,Germany,Japan,8703,3907415118,,4,validation_2024_observed,6042373918.303133,2134958800.303133,2134958800.303133,54.638648206794727,
199,2024,Germany,Mexico,1001,0,,4,validation_2024_observed,10.739543988916333,10.739543988916333,10.739543988916333,,
200,2024,Germany,Mexico,8703,1067908362,,4,validation_2024_observed,6039005483.259594,4971097121.259594,4971097121.259594,465.49847329124987,
201,2024,Germany,United Kingdom,1001,289517719,,4,validation_2024_observed,621059556.64771485,331541837.64771485,331541837.64771485,114.51521474846756,
202,2024,Germany,United Kingdom,8703,14867362044,,4,validation_2024_observed,5847767283.0747194,-9019594760.9252815,9019594760.9252815,-60.667082258653323,
203,2024,Germany,United States,1001,8332225,,4,validation_2024_observed,109244597.9309897,100912372.9309897,100912372.9309897,1211.1095527423911,
204,2024,Germany,United States,8703,26105847078,,4,validation_2024_observed,6043903997.5869522,-20061943080.413048,20061943080.413048,-76.848466247700159,
205,2024,Japan,Canada,1001,0,,4,validation_2024_observed,0.95024685548447296,0.95024685548447296,0.95024685548447296,,
206,2024,Japan,Canada,8703,5504542608,,4,validation_2024_observed,6009696777.2825031,505154169.28250313,505154169.28250313,9.1770416773291892,
207,2024,Japan,China,1001,0,,4,validation_2024_observed,1.3305895345775487,1.3305895345775487,1.3305895345775487,,
208,2024,Japan,China,8703,6641426201,,4,validation_2024_observed,6030420651.059679,-611005549.94032097,611005549.94032097,-9.1999147690344252,
209,2024,Japan,Germany,1001,0,,4,validation_2024_observed,0,0,0,,
210,2024,Japan,Germany,8703,2207609523,,4,validation_2024_observed,6038514988.7030764,3830905465.7030764,3830905465.7030764,173.53184183120939,
211,2024,Japan,Mexico,1001,0,,4,validation_2024_observed,21.884957229524147,21.884957229524147,21.884957229524147,,
212,2024,Japan,Mexico,8703,1523309798,,4,validation_2024_observed,6038464753.2772007,4515154955.2772007,4515154955.2772007,296.40424824978385,
213,2024,Japan,United Kingdom,1001,0,,4,validation_2024_observed,0,0,0,,
214,2024,Japan,United Kingdom,8703,3096026636,,4,validation_2024_observed,5991350011.4436646,2895323375.4436646,2895323375.4436646,93.517392317540271,
215,2024,Japan,United States,1001,0,,4,validation_2024_observed,9315.3924863798529,9315.3924863798529,9315.3924863798529,,
216,2024,Japan,United States,8703,40489527390,,4,validation_2024_observed,6043959443.3639927,-34445567946.636009,34445567946.636009,-85.072783425828007,
217,2024,Mexico,Canada,1001,18,,4,validation_2024_observed,7.7562855518838161,-10.243714448116183,10.243714448116183,-56.909524711756575,
218,2024,Mexico,Canada,8703,5918119238,,4,validation_2024_observed,5936402652.1763468,18283414.176346779,18283414.176346779,0.30893960464584302,
219,2024,Mexico,China,1001,2671,,4,validation_2024_observed,7636.3810747145753,4965.3810747145753,4965.3810747145753,185.89970328396012,
220,2024,Mexico,China,8703,255985743,,4,validation_2024_observed,6025579444.4837761,5769593701.4837761,5769593701.4837761,2253.8730610023763,
221,2024,Mexico,Germany,1001,2,,4,validation_2024_observed,0,-2,2,-100,
222,2024,Mexico,Germany,8703,3979822545,,4,validation_2024_observed,5998639571.6329536,2018817026.6329536,2018817026.6329536,50.726307613118806,
223,2024,Mexico,Japan,1001,0,,4,validation_2024_observed,2.3336073502812682,2.3336073502812682,2.3336073502812682,,
224,2024,Mexico,Japan,8703,418148376,,4,validation_2024_observed,6024965474.4388809,5606817098.4388809,5606817098.4388809,1340.8678402804273,
225,2024,Mexico,United Kingdom,1001,0,,4,validation_2024_observed,0.70849390033502468,0.70849390033502468,0.70849390033502468,,
226,2024,Mexico,United Kingdom,8703,1036234550,,4,validation_2024_observed,5989528576.8611765,4953294026.8611765,4953294026.8611765,478.00896301529195,
227,2024,Mexico,United States,1001,323719,,4,validation_2024_observed,21997502.61618894,21673783.61618894,21673783.61618894,6695.2460671721283,
228,2024,Mexico,United States,8703,49637259600,,4,validation_2024_observed,6042582668.5489645,-43594676931.451035,43594676931.451035,-87.826518391138251,
229,2024,United Kingdom,Canada,1001,1943,,4,validation_2024_observed,360481.14460967475,358538.14460967475,358538.14460967475,18452.81238341095,
230,2024,United Kingdom,Canada,8703,592950008,,4,validation_2024_observed,5903066327.1484995,5310116319.1484995,5310116319.1484995,895.54199300196308,
231,2024,United Kingdom,China,1001,29358,,4,validation_2024_observed,7949017.7301828619,7919659.7301828619,7919659.7301828619,26976.155494866347,
232,2024,United Kingdom,China,8703,4078424924,,4,validation_2024_observed,6044169889.1717291,1965744965.1717291,1965744965.1717291,48.198630643022454,
233,2024,United Kingdom,Germany,1001,71283,,4,validation_2024_observed,42272.946676358632,-29010.053323641368,29010.053323641368,-40.697015170014403,
234,2024,United Kingdom,Germany,8703,2443797094,,4,validation_2024_observed,5383308901.6868601,2939511807.6868601,2939511807.6868601,120.28461016276421,
235,2024,United Kingdom,Japan,1001,3035,,4,validation_2024_observed,0.28223265338573333,-3034.7177673466144,3034.7177673466144,-99.990700736297015,
236,2024,United Kingdom,Japan,8703,1031790547,,4,validation_2024_observed,6036623571.7705336,5004833024.7705336,5004833024.7705336,485.06288794003979,
237,2024,United Kingdom,Mexico,1001,0,,4,validation_2024_observed,0,0,0,,
238,2024,United Kingdom,Mexico,8703,221441018,,4,validation_2024_observed,6026862444.568779,5805421426.568779,5805421426.568779,2621.6558607803995,
239,2024,United Kingdom,United States,1001,461387,,4,validation_2024_observed,985803.16306930315,524416.16306930315,524416.16306930315,113.66080168476857,
240,2024,United Kingdom,United States,8703,9760731714,,4,validation_2024_observed,6043431815.6562357,-3717299898.3437643,3717299898.3437643,-38.084233920823493,
241,2024,United States,Canada,1001,24530233,,4,validation_2024_observed,71769756.380545467,47239523.380545467,47239523.380545467,192.57674144613898,
242,2024,United States,Canada,8703,15597579400,,4,validation_2024_observed,5983007579.3963318,-9614571820.6036682,9614571820.6036682,-61.641435340945712,
243,2024,United States,China,1001,676649911,,4,validation_2024_observed,1436266468.136405,759616557.13640499,759616557.13640499,112.26138432705787,
244,2024,United States,China,8703,5586660835,,4,validation_2024_observed,6040317145.5951166,453656310.59511662,453656310.59511662,8.1203481649180258,
245,2024,United States,Germany,1001,4749,,4,validation_2024_observed,38335.603750533017,33586.603750533017,33586.603750533017,707.23528638730295,
246,2024,United States,Germany,8703,7595825735,,4,validation_2024_observed,6002447139.522522,-1593378595.477478,1593378595.477478,-20.977029372007809,
247,2024,United States,Japan,1001,633126270,,4,validation_2024_observed,1754535146.823189,1121408876.823189,1121408876.823189,177.12246829107076,
248,2024,United States,Japan,8703,929137299,,4,validation_2024_observed,6042064609.2832422,5112927310.2832422,5112927310.2832422,550.28759643877368,
249,2024,United States,Mexico,1001,1070869870,,4,validation_2024_observed,5107250943.2849331,4036381073.2849331,4036381073.2849331,376.92544970799605,
250,2024,United States,Mexico,8703,4561751943,,4,validation_2024_observed,6041540398.8092289,1479788455.8092289,1479788455.8092289,32.439038209430954,
251,2024,United States,United Kingdom,1001,11505,,4,validation_2024_observed,11981671.201171916,11970166.201171916,11970166.201171916,104043.16559036868,
252,2024,United States,United Kingdom,8703,1224546537,,4,validation_2024_observed,6001451088.1036959,4776904551.1036959,4776904551.1036959,390.09579519995782,
253,2025,Canada,China,1001,,530862258.4581008,4,forecast_2025_unobserved,1766022815.1936724,,,,1235160556.7355716
254,2025,Canada,China,8703,,416554030.78198922,4,forecast_2025_unobserved,6250416641.456871,,,,5833862610.6748819
255,2025,Canada,Germany,1001,,894406.25562884973,4,forecast_2025_unobserved,2862240.4412375158,,,,1967834.1856086659
256,2025,Canada,Germany,8703,,92047862.460689306,4,forecast_2025_unobserved,6245092478.851284,,,,6153044616.3905945
257,2025,Canada,Japan,1001,,487208438.33307827,4,forecast_2025_unobserved,1136913305.4149096,,,,649704867.08183134
258,2025,Canada,Japan,8703,,12108816.551532555,4,forecast_2025_unobserved,6273700614.0996075,,,,6261591797.5480747
259,2025,Canada,Mexico,1001,,189363850.93000531,4,forecast_2025_unobserved,448669767.62783945,,,,259305916.69783413
260,2025,Canada,Mexico,8703,,394397077.67651242,4,forecast_2025_unobserved,6280532230.2172308,,,,5886135152.5407181
261,2025,Canada,United Kingdom,1001,,147767604.18687198,4,forecast_2025_unobserved,1480585706.6397467,,,,1332818102.4528747
262,2025,Canada,United Kingdom,8703,,6531988.7619951274,4,forecast_2025_unobserved,6277749834.5332146,,,,6271217845.7712193
263,2025,Canada,United States,1001,,651030223.20705056,4,forecast_2025_unobserved,1970392857.4443948,,,,1319362634.2373443
264,2025,Canada,United States,8703,,29447181933.073902,4,forecast_2025_unobserved,6176688141.2236967,,,,-23270493791.850204
265,2025,China,Canada,1001,,0,4,forecast_2025_unobserved,18.922510432822733,,,,18.922510432822733
266,2025,China,Canada,8703,,1422965934.9739506,4,forecast_2025_unobserved,4330310102.3241529,,,,2907344167.3502026
267,2025,China,Germany,1001,,4.7523657967247992,4,forecast_2025_unobserved,25.335452495849793,,,,20.583086699124994
268,2025,China,Germany,8703,,3546726622.2719927,4,forecast_2025_unobserved,6223268762.2439661,,,,2676542139.9719734
269,2025,China,Japan,1001,,0,4,forecast_2025_unobserved,0.71026088814364063,,,,0.71026088814364063
270,2025,China,Japan,8703,,925453881.90290022,4,forecast_2025_unobserved,6202762119.09587,,,,5277308237.1929703
271,2025,China,Mexico,1001,,0,4,forecast_2025_unobserved,0,,,,0
272,2025,China,Mexico,8703,,4805417606.5950432,4,forecast_2025_unobserved,5940139415.0385303,,,,1134721808.4434872
273,2025,China,United Kingdom,1001,,58717.620669989738,4,forecast_2025_unobserved,265446.65633119305,,,,206729.03566120332
274,2025,China,United Kingdom,8703,,6182433384.1456623,4,forecast_2025_unobserved,6084552470.0356779,,,,-97880914.109984398
275,2025,China,United States,1001,,0,4,forecast_2025_unobserved,0,,,,0
276,2025,China,United States,8703,,3808519439.895184,4,forecast_2025_unobserved,6110414593.9804382,,,,2301895154.0852542
277,2025,Germany,Canada,1001,,159353.01771488506,4,forecast_2025_unobserved,334460.1946184939,,,,175107.17690360884
278,2025,Germany,Canada,8703,,3185887126.3290038,4,forecast_2025_unobserved,6180817288.7457047,,,,2994930162.4167008
279,2025,Germany,China,1001,,0,4,forecast_2025_unobserved,0.87212826948796407,,,,0.87212826948796407
280,2025,Germany,China,8703,,13053502548.257113,4,forecast_2025_unobserved,6050748473.9188633,,,,-7002754074.3382492
281,2025,Germany,Japan,1001,,32814.676020545317,4,forecast_2025_unobserved,54663.488949480619,,,,21848.812928935302
282,2025,Germany,Japan,8703,,3985740064.5641351,4,forecast_2025_unobserved,6281601924.2670088,,,,2295861859.7028737
283,2025,Germany,Mexico,1001,,0,4,forecast_2025_unobserved,0.37249004408214731,,,,0.37249004408214731
284,2025,Germany,Mexico,8703,,881800888.08630931,4,forecast_2025_unobserved,6279546739.9816313,,,,5397745851.8953218
285,2025,Germany,United Kingdom,1001,,241909176.87338209,4,forecast_2025_unobserved,789737021.24648261,,,,547827844.37310052
286,2025,Germany,United Kingdom,8703,,16543983898.543367,4,forecast_2025_unobserved,6020848143.5508995,,,,-10523135754.992468
287,2025,Germany,United States,1001,,7436476.7670493107,4,forecast_2025_unobserved,27565973.993749566,,,,20129497.226700254
288,2025,Germany,United States,8703,,34318821578.050293,4,forecast_2025_unobserved,6166070440.1059561,,,,-28152751137.944336
289,2025,Japan,Canada,1001,,0,4,forecast_2025_unobserved,2.1577118108658859,,,,2.1577118108658859
290,2025,Japan,Canada,8703,,5664394860.395853,4,forecast_2025_unobserved,6232882294.5247364,,,,568487434.12888336
291,2025,Japan,China,1001,,0,4,forecast_2025_unobserved,0,,,,0
292,2025,Japan,China,8703,,6010737613.5248747,4,forecast_2025_unobserved,5744456699.9845819,,,,-266280913.54029274
293,2025,Japan,Germany,1001,,0,4,forecast_2025_unobserved,2.2168809490145822,,,,2.2168809490145822
294,2025,Japan,Germany,8703,,2741869777.702445,4,forecast_2025_unobserved,6264664205.1696234,,,,3522794427.4671783
295,2025,Japan,Mexico,1001,,0,4,forecast_2025_unobserved,2.7431178567271313,,,,2.7431178567271313
296,2025,Japan,Mexico,8703,,1525557831.0587449,4,forecast_2025_unobserved,6262522340.382556,,,,4736964509.3238106
297,2025,Japan,United Kingdom,1001,,0,4,forecast_2025_unobserved,0,,,,0
298,2025,Japan,United Kingdom,8703,,3696571751.6599798,4,forecast_2025_unobserved,6213831689.4965973,,,,2517259937.8366175
299,2025,Japan,United States,1001,,0,4,forecast_2025_unobserved,10.351617951164657,,,,10.351617951164657
300,2025,Japan,United States,8703,,35318692142.475571,4,forecast_2025_unobserved,6170678170.9821348,,,,-29148013971.493435
301,2025,Mexico,Canada,1001,,18.51114957409418,4,forecast_2025_unobserved,129.86024956183545,,,,111.34909998774127
302,2025,Mexico,Canada,8703,,6538395537.5853796,4,forecast_2025_unobserved,6276637789.4307461,,,,-261757748.15463352
303,2025,Mexico,China,1001,,2361.935663288386,4,forecast_2025_unobserved,5470.027197714282,,,,3108.091534425896
304,2025,Mexico,China,8703,,230724417.27443409,4,forecast_2025_unobserved,6213460878.2571278,,,,5982736460.9826937
305,2025,Mexico,Germany,1001,,2.0606212328124478,4,forecast_2025_unobserved,4.2220026742342052,,,,2.1613814414217574
306,2025,Mexico,Germany,8703,,4343634911.1942692,4,forecast_2025_unobserved,6278275055.342165,,,,1934640144.1478958
307,2025,Mexico,Japan,1001,,0,4,forecast_2025_unobserved,2.5063906414393311,,,,2.5063906414393311
308,2025,Mexico,Japan,8703,,467213585.10383087,4,forecast_2025_unobserved,6275073673.0073051,,,,5807860087.9034739
309,2025,Mexico,United Kingdom,1001,,0,4,forecast_2025_unobserved,0.60925315706744254,,,,0.60925315706744254
310,2025,Mexico,United Kingdom,8703,,1206198894.8819969,4,forecast_2025_unobserved,6268523169.6895514,,,,5062324274.8075542
311,2025,Mexico,United States,1001,,301853.76440170285,4,forecast_2025_unobserved,1128637.7382157734,,,,826783.97381407046
312,2025,Mexico,United States,8703,,52780466123.751282,4,forecast_2025_unobserved,6245211982.6255875,,,,-46535254141.125694
313,2025,United Kingdom,Canada,1001,,1713.0608292353788,4,forecast_2025_unobserved,5530.2470655140942,,,,3817.1862362787151
314,2025,United Kingdom,Canada,8703,,550904513.15275657,4,forecast_2025_unobserved,6251365634.3212605,,,,5700461121.1685038
315,2025,United Kingdom,China,1001,,30482.86627624328,4,forecast_2025_unobserved,210298.26285760305,,,,179815.39658135979
316,2025,United Kingdom,China,8703,,3762660597.360023,4,forecast_2025_unobserved,6129920682.7432356,,,,2367260085.3832126
317,2025,United Kingdom,Germany,1001,,70311.122944354356,4,forecast_2025_unobserved,87346.099230462583,,,,17034.976286108227
318,2025,United Kingdom,Germany,8703,,2710958224.364337,4,forecast_2025_unobserved,5850174012.9990396,,,,3139215788.6347027
319,2025,United Kingdom,Japan,1001,,2553.6291477024824,4,forecast_2025_unobserved,31.509328097724698,,,,-2522.1198196047576
320,2025,United Kingdom,Japan,8703,,1098153473.6068299,4,forecast_2025_unobserved,6272358683.980648,,,,5174205210.3738184
321,2025,United Kingdom,Mexico,1001,,0,4,forecast_2025_unobserved,0,,,,0
322,2025,United Kingdom,Mexico,8703,,223111631.07110319,4,forecast_2025_unobserved,6266882480.3644085,,,,6043770849.2933054
323,2025,United Kingdom,United States,1001,,419717.73669214168,4,forecast_2025_unobserved,599088.67046935135,,,,179370.93377720966
324,2025,United Kingdom,United States,8703,,11524374951.343082,4,forecast_2025_unobserved,6101608083.9409771,,,,-5422766867.4021053
325,2025,United States,Canada,1001,,20139638.853230141,4,forecast_2025_unobserved,5839341960.3770237,,,,5819202321.5237932
326,2025,United States,Canada,8703,,14836726276.380745,4,forecast_2025_unobserved,6262757050.9756756,,,,-8573969225.4050694
327,2025,United States,China,1001,,615204885.68975282,4,forecast_2025_unobserved,2156956726.9899907,,,,1541751841.3002379
328,2025,United States,China,8703,,5166890837.598218,4,forecast_2025_unobserved,5919431040.1697035,,,,752540202.57148552
329,2025,United States,Germany,1001,,4758.0761982454405,4,forecast_2025_unobserved,12429.69380062872,,,,7671.6176023832795
330,2025,United States,Germany,8703,,8934849485.0146999,4,forecast_2025_unobserved,6146503431.1527214,,,,-2788346053.8619785
331,2025,United States,Japan,1001,,533628343.01922303,4,forecast_2025_unobserved,1314154587.8012359,,,,780526244.78201294
332,2025,United States,Japan,8703,,973881597.47265792,4,forecast_2025_unobserved,6146704384.296258,,,,5172822786.8235998
333,2025,United States,Mexico,1001,,979168570.91317141,4,forecast_2025_unobserved,6144267232.779007,,,,5165098661.8658352
334,2025,United States,Mexico,8703,,4915308212.8533888,4,forecast_2025_unobserved,6266526876.2058887,,,,1351218663.3525
335,2025,United States,United Kingdom,1001,,10448.558931451713,4,forecast_2025_unobserved,123290.86116001208,,,,112842.30222856037
336,2025,United States,United Kingdom,8703,,1056748860.3139788,4,forecast_2025_unobserved,6252199980.1602688,,,,5195451119.8462896
1,2022,Canada,China,1001,1603329352,,5,training_final,1136411541.4361124,-466917810.5638876,466917810.5638876,-29.121765280567733,
2,2022,Canada,China,8703,493145059,,5,training_final,179984026.01465815,-313161032.98534185,313161032.98534185,-63.502822804383371,
3,2022,Canada,Germany,1001,8340064,,5,training_final,5994810.1586885974,-2345253.8413114026,2345253.8413114026,-28.120333864481168,
4,2022,Canada,Germany,8703,173024896,,5,training_final,69473352.108330876,-103551543.89166912,103551543.89166912,-59.847771208409867,
5,2022,Canada,Japan,1001,836132111,,5,training_final,557166462.89830244,-278965648.10169756,278965648.10169756,-33.363824260745034,
6,2022,Canada,Japan,8703,23671130,,5,training_final,27710658.576089524,4039528.5760895237,4039528.5760895237,17.065212248378188,
7,2022,Canada,Mexico,1001,194288498,,5,training_final,66258602.727615453,-128029895.27238455,128029895.27238455,-65.896796048309838,
8,2022,Canada,Mexico,8703,306103450,,5,training_final,172941725.30727443,-133161724.69272557,133161724.69272557,-43.502196624286846,
9,2022,Canada,United Kingdom,1001,240226916,,5,training_final,163149842.72965527,-77077073.270344734,77077073.270344734,-32.085111258034352,
10,2022,Canada,United Kingdom,8703,13653792,,5,training_final,44198000.168891586,30544208.168891586,30544208.168891586,223.70494708643275,
11,2022,Canada,United States,1001,714525689,,5,training_final,2262077862.6698179,1547552173.6698179,1547552173.6698179,216.58453957556981,
12,2022,Canada,United States,8703,26935101879,,5,training_final,14509590891.291965,-12425510987.708035,12425510987.708035,-46.131293816993526,
13,2022,China,Canada,1001,3205,,5,training_final,22.440875165189471,-3182.5591248348105,3182.5591248348105,-99.299816687513584,
14,2022,China,Canada,8703,492775572,,5,training_final,1418283313.9109962,925507741.9109962,925507741.9109962,187.815264087603,
15,2022,China,Germany,1001,4998,,5,training_final,64.274111484552407,-4933.7258885154479,4933.7258885154479,-98.714003371657611,
16,2022,China,Germany,8703,1566710844,,5,training_final,3845356099.3634734,2278645255.3634734,2278645255.3634734,145.44134063346493,
17,2022,China,Japan,1001,0,,5,training_final,7.3947439653530349,7.3947439653530349,7.3947439653530349,,
18,2022,China,Japan,8703,380371024,,5,training_final,1191771192.985709,811400168.98570895,811400168.98570895,213.31808097603906,
19,2022,China,Mexico,1001,0,,5,training_final,0,0,0,,
20,2022,China,Mexico,8703,2278387435,,5,training_final,1075243613.3914123,-1203143821.6085877,1203143821.6085877,-52.80681429006335,
21,2022,China,United Kingdom,1001,121638,,5,training_final,9188.69750445727,-112449.30249554272,112449.30249554272,-92.445866008601527,
22,2022,China,United Kingdom,8703,4397568921,,5,training_final,4254215707.4649544,-143353213.53504562,143353213.53504562,-3.2598286942242471,
23,2022,China,United States,1001,0,,5,training_final,8.1445061131116443,8.1445061131116443,8.1445061131116443,,
24,2022,China,United States,8703,2573291295,,5,training_final,5085698177.1880608,2512406882.1880608,2512406882.1880608,97.633986757339144,
25,2022,Germany,Canada,1001,1967,,5,training_final,42036.695104716891,40069.695104716891,40069.695104716891,2037.096853315551,
26,2022,Germany,Canada,8703,2570897378,,5,training_final,1797500076.1847408,-773397301.81525922,773397301.81525922,-30.082776093416641,
27,2022,Germany,China,1001,0,,5,training_final,61.347763755208078,61.347763755208078,61.347763755208078,,
28,2022,Germany,China,8703,20603317479,,5,training_final,5808430694.8258324,-14794886784.174168,14794886784.174168,-71.808274561870462,
29,2022,Germany,Japan,1001,66536,,5,training_final,4681.6568772630762,-61854.343122736922,61854.343122736922,-92.96372358232675,
30,2022,Germany,Japan,8703,3689267263,,5,training_final,2919225050.3403111,-770042212.65968895,770042212.65968895,-20.872497375902068,
31,2022,Germany,Mexico,1001,0,,5,training_final,36.831741661625543,36.831741661625543,36.831741661625543,,
32,2022,Germany,Mexico,8703,649594929,,5,training_final,522140973.48391515,-127453955.51608485,127453955.51608485,-19.620528090065317,
33,2022,Germany,United Kingdom,1001,116225023,,5,training_final,8799218.3890658841,-107425804.61093411,107425804.61093411,-92.429153239173033,
34,2022,Germany,United Kingdom,8703,12394393676,,5,training_final,13818304486.216961,1423910810.2169609,1423910810.2169609,11.488345839572323,
35,2022,Germany,United States,1001,18600,,5,training_final,28722.391661908609,10122.391661908609,10122.391661908609,54.421460547895741,
36,2022,Germany,United States,8703,23266770397,,5,training_final,15823119758.944502,-7443650638.0554981,7443650638.0554981,-31.992625151857247,
37,2022,Japan,Canada,1001,0,,5,training_final,1.7802725150924823,1.7802725150924823,1.7802725150924823,,
38,2022,Japan,Canada,8703,3077310774,,5,training_final,2065306849.6693201,-1012003924.3306799,1012003924.3306799,-32.885983855807993,
39,2022,Japan,China,1001,52,,5,training_final,3.5593632491142446,-48.440636750885758,48.440636750885758,-93.155070674780305,
40,2022,Japan,China,8703,9215455168,,5,training_final,5898503433.4041967,-3316951734.5958033,3316951734.5958033,-35.993357616384245,
41,2022,Japan,Germany,1001,0,,5,training_final,0.33204809299060062,0.33204809299060062,0.33204809299060062,,
42,2022,Japan,Germany,8703,1881643344,,5,training_final,4648585160.7417355,2766941816.7417355,2766941816.7417355,147.04921767266302,
43,2022,Japan,Mexico,1001,0,,5,training_final,0,0,0,,
44,2022,Japan,Mexico,8703,1120275201,,5,training_final,2386192101.7244039,1265916900.7244039,1265916900.7244039,113.00052876243252,
45,2022,Japan,United Kingdom,1001,0,,5,training_final,2.4581318509203416,2.4581318509203416,2.4581318509203416,,
46,2022,Japan,United Kingdom,8703,1996552869,,5,training_final,2652412834.5246058,655859965.52460575,655859965.52460575,32.849616742335598,
47,2022,Japan,United States,1001,0,,5,training_final,3.8130277353942978,3.8130277353942978,3.8130277353942978,,
48,2022,Japan,United States,8703,33302118748,,5,training_final,21049406399.472034,-12252712348.527966,12252712348.527966,-36.792591009735133,
49,2022,Mexico,Canada,1001,199,,5,training_final,791.40222578594773,592.40222578594773,592.40222578594773,297.68956069645617,
50,2022,Mexico,Canada,8703,3879703672,,5,training_final,1085907134.8276503,-2793796537.1723499,2793796537.1723499,-72.010565068031042,
51,2022,Mexico,China,1001,829,,5,training_final,61.643774415432112,-767.35622558456794,767.35622558456794,-92.56408028764389,
52,2022,Mexico,China,8703,353283286,,5,training_final,1811210780.8671813,1457927494.8671813,1457927494.8671813,412.67944243113197,
53,2022,Mexico,Germany,1001,0,,5,training_final,1.2446477182566338,1.2446477182566338,1.2446477182566338,,
54,2022,Mexico,Germany,8703,4286460449,,5,training_final,1211265841.8606217,-3075194607.1393785,3075194607.1393785,-71.742050200341851,
55,2022,Mexico,Japan,1001,0,,5,training_final,4.5725499458821064,4.5725499458821064,4.5725499458821064,,
56,2022,Mexico,Japan,8703,400043639,,5,training_final,612981045.9977535,212937406.9977535,212937406.9977535,53.228544648288604,
57,2022,Mexico,United Kingdom,1001,0,,5,training_final,6.5928296687340087,6.5928296687340087,6.5928296687340087,,
58,2022,Mexico,United Kingdom,8703,1034444446,,5,training_final,748971860.51668501,-285472585.48331499,285472585.48331499,-27.596705322086962,
59,2022,Mexico,United States,1001,472138,,5,training_final,34551.467973981424,-437586.5320260186,437586.5320260186,-92.681913344407477,
60,2022,Mexico,United States,8703,36382813669,,5,training_final,71239924801.455826,34857111132.455826,34857111132.455826,95.806529559740596,
61,2022,United Kingdom,Canada,1001,60801,,5,training_final,12938.873465594083,-47862.126534405921,47862.126534405921,-78.719308127178692,
62,2022,United Kingdom,Canada,8703,528484630,,5,training_final,375395572.64130616,-153089057.35869384,153089057.35869384,-28.967551498838073,
63,2022,United Kingdom,China,1001,1418,,5,training_final,2813.6307451036123,1395.6307451036123,1395.6307451036123,98.4224784981391,
64,2022,United Kingdom,China,8703,4173646899,,5,training_final,3008921915.320693,-1164724983.679307,1164724983.679307,-27.906648834101741,
65,2022,United Kingdom,Germany,1001,11440,,5,training_final,13288.485627849566,1848.4856278495663,1848.4856278495663,16.158091152531174,
66,2022,United Kingdom,Germany,8703,2527077674,,5,training_final,2837962269.8605547,310884595.8605547,310884595.8605547,12.302138515927338,
67,2022,United Kingdom,Japan,1001,0,,5,training_final,36.974405875460874,36.974405875460874,36.974405875460874,,
68,2022,United Kingdom,Japan,8703,739699763,,5,training_final,528776457.96714151,-210923305.03285849,210923305.03285849,-28.514718482187551,
69,2022,United Kingdom,Mexico,1001,0,,5,training_final,0.21245267305687149,0.21245267305687149,0.21245267305687149,,
70,2022,United Kingdom,Mexico,8703,132403248,,5,training_final,182074713.79530996,49671465.795309961,49671465.795309961,37.515292521607904,
71,2022,United Kingdom,United States,1001,102660,,5,training_final,34413.724164178362,-68246.275835821638,68246.275835821638,-66.477962045413634,
72,2022,United Kingdom,United States,8703,6770953814,,5,training_final,5986875751.8147621,-784078062.18523788,784078062.18523788,-11.580023785777929,
73,2022,United States,Canada,1001,28785161,,5,training_final,105622616.44050743,76837455.440507427,76837455.440507427,266.93425630138887,
74,2022,United States,Canada,8703,17366950376,,5,training_final,7758610409.3173294,-9608339966.6826706,9608339966.6826706,-55.325429961271574,
75,2022,United States,China,1001,403969461,,5,training_final,198270934.58674023,-205698526.41325977,205698526.41325977,-50.919325907474914,
76,2022,United States,China,8703,5387508478,,5,training_final,7307611000.8722725,1920102522.8722725,1920102522.8722725,35.639897936366133,
77,2022,United States,Germany,1001,46138,,5,training_final,382658.52195253986,336520.52195253986,336520.52195253986,729.37821741848336,
78,2022,United States,Germany,8703,7207390139,,5,training_final,1592240092.6787846,-5615150046.3212156,5615150046.3212156,-77.908229442680039,
79,2022,United States,Japan,1001,1004152250,,5,training_final,183051356.48450467,-821100893.5154953,821100893.5154953,-81.770557553946162,
80,2022,United States,Japan,8703,853339451,,5,training_final,3454803708.1421623,2601464257.1421623,2601464257.1421623,304.85690707180987,
81,2022,United States,Mexico,1001,1301822725,,5,training_final,241988217.01694977,-1059834507.9830502,1059834507.9830502,-81.411584513786252,
82,2022,United States,Mexico,8703,3346538590,,5,training_final,5390683745.3850908,2044145155.3850908,2044145155.3850908,61.082372140973604,
83,2022,United States,United Kingdom,1001,4594397,,5,training_final,3681649.1593323825,-912747.84066761751,912747.84066761751,-19.866542675080485,
84,2022,United States,United Kingdom,8703,1267655554,,5,training_final,1257376924.4239116,-10278629.576088428,10278629.576088428,-0.81083773456085284,
85,2023,Canada,China,1001,762849818,,5,training_final,1331455193.3272264,568605375.3272264,568605375.3272264,74.537000850044961,
86,2023,Canada,China,8703,472711690,,5,training_final,186562591.41297668,-286149098.58702332,286149098.58702332,-60.533535480585073,
87,2023,Canada,Germany,1001,3222402,,5,training_final,2773654.305638066,-448747.69436193397,448747.69436193397,-13.925875615827385,
88,2023,Canada,Germany,8703,113517620,,5,training_final,82122029.15061748,-31395590.84938252,31395590.84938252,-27.65701998454735,
89,2023,Canada,Japan,1001,707985427,,5,training_final,414294198.43851084,-293691228.56148916,293691228.56148916,-41.482665795250782,
90,2023,Canada,Japan,8703,24174594,,5,training_final,23961143.436743934,-213450.56325606629,213450.56325606629,-0.88295407673058046,
91,2023,Canada,Mexico,1001,264496531,,5,training_final,306955033.18762505,42458502.187625051,42458502.187625051,16.052574310558747,
92,2023,Canada,Mexico,8703,374072438,,5,training_final,174273915.58151323,-199798522.41848677,199798522.41848677,-53.411719795962831,
93,2023,Canada,United Kingdom,1001,217501517,,5,training_final,199258536.14298078,-18242980.857019216,18242980.857019216,-8.3875189049919197,
94,2023,Canada,United Kingdom,8703,10056711,,5,training_final,35952730.280294813,25896019.280294813,25896019.280294813,257.49988520396789,
95,2023,Canada,United States,1001,759850744,,5,training_final,5467962232.3252344,4708111488.3252344,4708111488.3252344,619.61003861637789,
96,2023,Canada,United States,8703,35250840127,,5,training_final,15427758699.551958,-19823081427.448044,19823081427.448044,-56.234351737520065,
97,2023,China,Canada,1001,3865,,5,training_final,16.257350257540519,-3848.7426497424594,3848.7426497424594,-99.579369980399974,
98,2023,China,Canada,8703,1930453085,,5,training_final,3805757081.9887338,1875303996.9887338,1875303996.9887338,97.143204958473973,
99,2023,China,Germany,1001,0,,5,training_final,10.962265928914507,10.962265928914507,10.962265928914507,,
100,2023,China,Germany,8703,4544367308,,5,training_final,3926557221.2535138,-617810086.74648619,617810086.74648619,-13.595073744564624,
101,2023,China,Japan,1001,0,,5,training_final,4.4542476470191081,4.4542476470191081,4.4542476470191081,,
102,2023,China,Japan,8703,646578850,,5,training_final,1484083413.1718063,837504563.17180634,837504563.17180634,129.52860477446893,
103,2023,China,Mexico,1001,0,,5,training_final,0.44159794590977997,0.44159794590977997,0.44159794590977997,,
104,2023,China,Mexico,8703,4207681913,,5,training_final,1383130663.4992962,-2824551249.5007038,2824551249.5007038,-67.128440502453529,
105,2023,China,United Kingdom,1001,121819,,5,training_final,11113.505334362422,-110705.49466563758,110705.49466563758,-90.877034506634899,
106,2023,China,United Kingdom,8703,5745196353,,5,training_final,4960163035.7738504,-785033317.22614956,785033317.22614956,-13.664168620037234,
107,2023,China,United States,1001,1,,5,training_final,56.867137821973593,55.867137821973593,55.867137821973593,5586.7137821973593,
108,2023,China,United States,8703,2541657008,,5,training_final,8463171226.8492355,5921514218.8492355,5921514218.8492355,232.97849395929333,
109,2023,Germany,Canada,1001,102883,,5,training_final,116658.35684786878,13775.356847868781,13775.356847868781,13.389342114701924,
110,2023,Germany,Canada,8703,2930543685,,5,training_final,3418815141.3269777,488271456.32697773,488271456.32697773,16.66146315532497,
111,2023,Germany,China,1001,0,,5,training_final,108.98805082203086,108.98805082203086,108.98805082203086,,
112,2023,Germany,China,8703,16386440010,,5,training_final,4628042951.8680534,-11758397058.131947,11758397058.131947,-71.756873676993038,
113,2023,Germany,Japan,1001,49920,,5,training_final,1989.662584329923,-47930.337415670074,47930.337415670074,-96.014297707672426,
114,2023,Germany,Japan,8703,4106976598,,5,training_final,2783774481.8176975,-1323202116.1823025,1323202116.1823025,-32.218399219188896,
115,2023,Germany,Mexico,1001,0,,5,training_final,82.78997410231139,82.78997410231139,82.78997410231139,,
116,2023,Germany,Mexico,8703,1015361513,,5,training_final,738844126.62054992,-276517386.37945008,276517386.37945008,-27.233392524643591,
117,2023,Germany,United Kingdom,1001,135249865,,5,training_final,24087043.935860615,-111162821.06413938,111162821.06413938,-82.190707594524682,
118,2023,Germany,United Kingdom,8703,15409155974,,5,training_final,13026330344.030266,-2382825629.9697342,2382825629.9697342,-15.463699854750619,
119,2023,Germany,United States,1001,33460278,,5,training_final,749099.5679112603,-32711178.43208874,32711178.43208874,-97.761227303875785,
120,2023,Germany,United States,8703,24975391688,,5,training_final,22237448795.582668,-2737942892.4173317,2737942892.4173317,-10.96256237587993,
121,2023,Japan,Canada,1001,0,,5,training_final,0.55851376341911141,0.55851376341911141,0.55851376341911141,,
122,2023,Japan,Canada,8703,5116842624,,5,training_final,4148018976.8949008,-968823647.1050992,968823647.1050992,-18.934012989982065,
123,2023,Japan,China,1001,0,,5,training_final,3.6777096639980251,3.6777096639980251,3.6777096639980251,,
124,2023,Japan,China,8703,7745909548,,5,training_final,4341421427.6409349,-3404488120.3590651,3404488120.3590651,-43.952076889899992,
125,2023,Japan,Germany,1001,0,,5,training_final,0,0,0,,
126,2023,Japan,Germany,8703,2561672103,,5,training_final,4611193247.4756718,2049521144.4756718,2049521144.4756718,80.00716180948595,
127,2023,Japan,Mexico,1001,0,,5,training_final,0,0,0,,
128,2023,Japan,Mexico,8703,1791430445,,5,training_final,1943463180.79568,152032735.79568005,152032735.79568005,8.4866669660557239,
129,2023,Japan,United Kingdom,1001,0,,5,training_final,3.0482433146638894,3.0482433146638894,3.0482433146638894,,
130,2023,Japan,United Kingdom,8703,3165680922,,5,training_final,2529342218.1074195,-636338703.89258051,636338703.89258051,-20.101163685522582,
131,2023,Japan,United States,1001,1445,,5,training_final,48.851516161584662,-1396.1484838384154,1396.1484838384154,-96.619272237952629,
132,2023,Japan,United States,8703,40987859064,,5,training_final,24918805378.322868,-16069053685.677132,16069053685.677132,-39.204423096571844,
133,2023,Mexico,Canada,1001,1,,5,training_final,296.81546309019438,295.81546309019438,295.81546309019438,29581.546309019439,
134,2023,Mexico,Canada,8703,5210553432,,5,training_final,2732419259.5515862,-2478134172.4484138,2478134172.4484138,-47.559903276862009,
135,2023,Mexico,China,1001,1125,,5,training_final,79.983988483738159,-1045.0160115162619,1045.0160115162619,-92.890312134778839,
136,2023,Mexico,China,8703,311060415,,5,training_final,1650076030.8574767,1339015615.8574767,1339015615.8574767,430.4680220585048,
137,2023,Mexico,Germany,1001,0,,5,training_final,0,0,0,,
138,2023,Mexico,Germany,8703,5279964475,,5,training_final,1537545392.0868988,-3742419082.9131012,3742419082.9131012,-70.879626191293667,
139,2023,Mexico,Japan,1001,0,,5,training_final,3.7069562149964717,3.7069562149964717,3.7069562149964717,,
140,2023,Mexico,Japan,8703,484522388,,5,training_final,593567422.49563622,109045034.49563622,109045034.49563622,22.50567511353804,
141,2023,Mexico,United Kingdom,1001,0,,5,training_final,6.4367600876893754,6.4367600876893754,6.4367600876893754,,
142,2023,Mexico,United Kingdom,8703,1318964826,,5,training_final,1111950798.944977,-207014027.05502295,207014027.05502295,-15.69518936170804,
143,2023,Mexico,United States,1001,2796415,,5,training_final,269149.89578833402,-2527265.1042116662,2527265.1042116662,-90.375180515469495,
144,2023,Mexico,United States,8703,42827067991,,5,training_final,90726025565.099594,47898957574.099594,47898957574.099594,111.84271961873607,
145,2023,United Kingdom,Canada,1001,65412,,5,training_final,8675.4464026489095,-56736.553597351092,56736.553597351092,-86.737224969961304,
146,2023,United Kingdom,Canada,8703,663987027,,5,training_final,1128949207.4929168,464962180.49291682,464962180.49291682,70.025792912504713,
147,2023,United Kingdom,China,1001,1531924,,5,training_final,7961.4618344770579,-1523962.538165523,1523962.538165523,-99.480296552931023,
148,2023,United Kingdom,China,8703,4409411353,,5,training_final,5101779747.4454069,692368394.44540691,692368394.44540691,15.70205950448114,
149,2023,United Kingdom,Germany,1001,14629,,5,training_final,5051.1349236933693,-9577.8650763066307,9577.8650763066307,-65.471768926834585,
150,2023,United Kingdom,Germany,8703,3213860974,,5,training_final,7070923312.210206,3857062338.210206,3857062338.210206,120.01335370178356,
151,2023,United Kingdom,Japan,1001,0,,5,training_final,11.544515892508191,11.544515892508191,11.544515892508191,,
152,2023,United Kingdom,Japan,8703,1032117423,,5,training_final,729760574.86279702,-302356848.13720298,302356848.13720298,-29.294810977839969,
153,2023,United Kingdom,Mexico,1001,0,,5,training_final,2.0996936336806478,2.0996936336806478,2.0996936336806478,,
154,2023,United Kingdom,Mexico,8703,242065061,,5,training_final,388789758.04683411,146724697.04683411,146724697.04683411,60.613744272179005,
155,2023,United Kingdom,United States,1001,106493,,5,training_final,134293.31961471369,27800.319614713691,27800.319614713691,26.105302334156885,
156,2023,United Kingdom,United States,8703,6571871801,,5,training_final,12261419533.945606,5689547732.9456062,5689547732.9456062,86.574234939882189,
157,2023,United States,Canada,1001,14387882,,5,training_final,85057170.286943883,70669288.286943883,70669288.286943883,491.17228155571394,
158,2023,United States,Canada,8703,15798643484,,5,training_final,14360422692.391642,-1438220791.6083584,1438220791.6083584,-9.1034448183156336,
159,2023,United States,China,1001,392202704,,5,training_final,205529061.24362108,-186673642.75637892,186673642.75637892,-47.596215133789322,
160,2023,United States,China,8703,6852481498,,5,training_final,8858953530.0803661,2006472032.0803661,2006472032.0803661,29.280955120652063,
161,2023,United States,Germany,1001,6245,,5,training_final,94015.633318985056,87770.633318985056,87770.633318985056,1405.4544967011216,
162,2023,United States,Germany,8703,8996905361,,5,training_final,1859248205.8158286,-7137657155.1841717,7137657155.1841717,-79.334580822920046,
163,2023,United States,Japan,1001,743044287,,5,training_final,128028516.66161816,-615015770.33838189,615015770.33838189,-82.769732719630198,
164,2023,United States,Japan,8703,1261999920,,5,training_final,3752419955.8922415,2490420035.8922415,2490420035.8922415,197.33915956922101,
165,2023,United States,Mexico,1001,1075701859,,5,training_final,463347437.85927838,-612354421.14072156,612354421.14072156,-56.926035408173597,
166,2023,United States,Mexico,8703,4442422862,,5,training_final,8285045146.2176733,3842622284.2176733,3842622284.2176733,86.498345690750085,
167,2023,United States,United Kingdom,1001,3670239,,5,training_final,2259129.519045535,-1411109.480954465,1411109.480954465,-38.447345825557001,
168,2023,United States,United Kingdom,8703,1040548505,,5,training_final,1153478204.3625312,112929699.36253119,112929699.36253119,10.852901024785114,
169,2024,Canada,China,1001,573720099,,5,training_final,554385078.56857097,-19335020.431429029,19335020.431429029,-3.3701138351489108,
170,2024,Canada,China,8703,361534154,,5,training_final,329621806.39948457,-31912347.600515425,31912347.600515425,-8.8269247171915666,
171,2024,Canada,Germany,1001,927836,,5,training_final,5231692.7626555152,4303856.7626555152,4303856.7626555152,463.85964358523654,
172,2024,Canada,Germany,8703,108039258,,5,training_final,75891903.401574746,-32147354.598425254,32147354.598425254,-29.755253038136615,
173,2024,Canada,Japan,1001,607223446,,5,training_final,582474403.93372071,-24749042.066279292,24749042.066279292,-4.0757718150229811,
174,2024,Canada,Japan,8703,11236402,,5,training_final,29360362.438564982,18123960.438564982,18123960.438564982,161.2968318378515,
175,2024,Canada,Mexico,1001,172551233,,5,training_final,60761135.456690878,-111790097.54330912,111790097.54330912,-64.786611836792332,
176,2024,Canada,Mexico,8703,380444284,,5,training_final,174358917.58458284,-206085366.41541716,206085366.41541716,-54.169657708779553,
177,2024,Canada,United Kingdom,1001,173421644,,5,training_final,102924342.54808185,-70497301.451918155,70497301.451918155,-40.650809106571586,
178,2024,Canada,United Kingdom,8703,5919442,,5,training_final,33962801.575953819,28043359.575953819,28043359.575953819,473.75005238591439,
179,2024,Canada,United States,1001,685179327,,5,training_final,3484356617.5432224,2799177290.5432224,2799177290.5432224,408.53207039961126,
180,2024,Canada,United States,8703,28360982334,,5,training_final,14573855845.521107,-13787126488.478893,13787126488.478893,-48.613007568325557,
181,2024,China,Canada,1001,0,,5,training_final,3.9303695357450978,3.9303695357450978,3.9303695357450978,,
182,2024,China,Canada,8703,1486501326,,5,training_final,3637769012.9652104,2151267686.9652104,2151267686.9652104,144.72019966198204,
183,2024,China,Germany,1001,5,,5,training_final,7.3303032132590928,2.3303032132590928,2.3303032132590928,46.606064265181857,
184,2024,China,Germany,8703,3293596023,,5,training_final,5161984497.1982441,1868388474.1982441,1868388474.1982441,56.727918698918224,
185,2024,China,Japan,1001,0,,5,training_final,10.138878674448781,10.138878674448781,10.138878674448781,,
186,2024,China,Japan,8703,905237235,,5,training_final,1581029386.6890328,675792151.68903279,675792151.68903279,74.653596378968302,
187,2024,China,Mexico,1001,0,,5,training_final,0,0,0,,
188,2024,China,Mexico,8703,4603755988,,5,training_final,1796817796.3760505,-2806938191.6239495,2806938191.6239495,-60.970611799157538,
189,2024,China,United Kingdom,1001,69452,,5,training_final,989.69133925263816,-68462.308660747367,68462.308660747367,-98.574999511529356,
190,2024,China,United Kingdom,8703,5102705740,,5,training_final,5404453163.7616081,301747423.76160812,301747423.76160812,5.9134788313622826,
191,2024,China,United States,1001,0,,5,training_final,13.461338368969647,13.461338368969647,13.461338368969647,,
192,2024,China,United States,8703,3820671125,,5,training_final,8089602509.4108257,4268931384.4108257,4268931384.4108257,111.73250051483627,
193,2024,Germany,Canada,1001,166171,,5,training_final,90734.345245038552,-75436.654754961448,75436.654754961448,-45.397003541509321,
194,2024,Germany,Canada,8703,2832653765,,5,training_final,3391322531.2937713,558668766.29377127,558668766.29377127,19.722451546907333,
195,2024,Germany,China,1001,0,,5,training_final,163.33042821391311,163.33042821391311,163.33042821391311,,
196,2024,Germany,China,8703,11304788932,,5,training_final,6050064021.7864809,-5254724910.2135191,5254724910.2135191,-46.482291193771751,
197,2024,Germany,Japan,1001,37305,,5,training_final,22099.043881098831,-15205.956118901169,15205.956118901169,-40.761174424074973,
198,2024,Germany,Japan,8703,3907415118,,5,training_final,2797482412.747684,-1109932705.252316,1109932705.252316,-28.405804649198167,
199,2024,Germany,Mexico,1001,0,,5,training_final,101.57978428750842,101.57978428750842,101.57978428750842,,
200,2024,Germany,Mexico,8703,1067908362,,5,training_final,667337624.41385746,-400570737.58614254,400570737.58614254,-37.509841840356579,
201,2024,Germany,United Kingdom,1001,289517719,,5,training_final,26312630.532300409,-263205088.46769959,263205088.46769959,-90.911564714178894,
202,2024,Germany,United Kingdom,8703,14867362044,,5,training_final,12921578315.790146,-1945783728.2098541,1945783728.2098541,-13.087619191967624,
203,2024,Germany,United States,1001,8332225,,5,training_final,1042759.0295218402,-7289465.9704781603,7289465.9704781603,-87.48522718095299,
204,2024,Germany,United States,8703,26105847078,,5,training_final,22058624997.734344,-4047222080.2656555,4047222080.2656555,-15.503124905976879,
205,2024,Japan,Canada,1001,0,,5,training_final,0,0,0,,
206,2024,Japan,Canada,8703,5504542608,,5,training_final,2822180616.6073241,-2682361991.3926759,2682361991.3926759,-48.72997054277095,
207,2024,Japan,China,1001,0,,5,training_final,3.5613396970770981,3.5613396970770981,3.5613396970770981,,
208,2024,Japan,China,8703,6641426201,,5,training_final,5271602416.0973921,-1369823784.9026079,1369823784.9026079,-20.625446153363164,
209,2024,Japan,Germany,1001,0,,5,training_final,0.069197158201371012,0.069197158201371012,0.069197158201371012,,
210,2024,Japan,Germany,8703,2207609523,,5,training_final,3815045314.8229132,1607435791.8229132,1607435791.8229132,72.813410844437328,
211,2024,Japan,Mexico,1001,0,,5,training_final,0,0,0,,
212,2024,Japan,Mexico,8703,1523309798,,5,training_final,1636954693.5010059,113644895.50100589,113644895.50100589,7.4603928662583119,
213,2024,Japan,United Kingdom,1001,0,,5,training_final,3.7378486806272342,3.7378486806272342,3.7378486806272342,,
214,2024,Japan,United Kingdom,8703,3096026636,,5,training_final,2033227263.6489849,-1062799372.3510151,1062799372.3510151,-34.327849766955786,
215,2024,Japan,United States,1001,0,,5,training_final,9.7256635935898768,9.7256635935898768,9.7256635935898768,,
216,2024,Japan,United States,8703,40489527390,,5,training_final,16887561486.547827,-23601965903.452171,23601965903.452171,-58.291532217986138,
217,2024,Mexico,Canada,1001,18,,5,training_final,277.58882135768215,259.58882135768215,259.58882135768215,1442.1601186537896,
218,2024,Mexico,Canada,8703,5918119238,,5,training_final,1919515702.8279688,-3998603535.1720314,3998603535.1720314,-67.565443925109903,
219,2024,Mexico,China,1001,2671,,5,training_final,49.429346601362269,-2621.5706533986377,2621.5706533986377,-98.149406716534543,
220,2024,Mexico,China,8703,255985743,,5,training_final,2712160987.0429745,2456175244.0429745,2456175244.0429745,959.49689043540775,
221,2024,Mexico,Germany,1001,2,,5,training_final,1.6946869444952155,-0.30531305550478449,0.30531305550478449,-15.265652775239225,
222,2024,Mexico,Germany,8703,3979822545,,5,training_final,1226052286.0141485,-2753770258.9858513,2753770258.9858513,-69.193292611639578,
223,2024,Mexico,Japan,1001,0,,5,training_final,4.9137837196387171,4.9137837196387171,4.9137837196387171,,
224,2024,Mexico,Japan,8703,418148376,,5,training_final,598918388.58713436,180770012.58713436,180770012.58713436,43.231068912996179,
225,2024,Mexico,United Kingdom,1001,0,,5,training_final,15.975292498538813,15.975292498538813,15.975292498538813,,
226,2024,Mexico,United Kingdom,8703,1036234550,,5,training_final,781141843.94871545,-255092706.05128455,255092706.05128455,-24.617274732953515,
227,2024,Mexico,United States,1001,323719,,5,training_final,60442.906006431971,-263276.09399356804,263276.09399356804,-81.328588681408277,
228,2024,Mexico,United States,8703,49637259600,,5,training_final,102725374682.05408,53088115082.054077,53088115082.054077,106.95214745911171,
229,2024,United Kingdom,Canada,1001,1943,,5,training_final,8961.1109822663911,7018.1109822663911,7018.1109822663911,361.19974175328827,
230,2024,United Kingdom,Canada,8703,592950008,,5,training_final,1128949207.4929168,535999199.49291682,535999199.49291682,90.395344002241217,
231,2024,United Kingdom,China,1001,29358,,5,training_final,6431.123987535776,-22926.876012464225,22926.876012464225,-78.094134520281443,
232,2024,United Kingdom,China,8703,4078424924,,5,training_final,7147121130.2667131,3068696206.2667131,3068696206.2667131,75.242189410146736,
233,2024,United Kingdom,Germany,1001,71283,,5,training_final,16670.764751053448,-54612.235248946556,54612.235248946556,-76.613267187052386,
234,2024,United Kingdom,Germany,8703,2443797094,,5,training_final,7308873122.3387794,4865076028.3387794,4865076028.3387794,199.0785585384111,
235,2024,United Kingdom,Japan,1001,3035,,5,training_final,203.63252021586106,-2831.3674797841391,2831.3674797841391,-93.290526516775586,
236,2024,United Kingdom,Japan,8703,1031790547,,5,training_final,855746941.71826899,-176043605.28173101,176043605.28173101,-17.061951749179091,
237,2024,United Kingdom,Mexico,1001,0,,5,training_final,1.1728089335448515,1.1728089335448515,1.1728089335448515,,
238,2024,United Kingdom,Mexico,8703,221441018,,5,training_final,273895197.59870774,52454179.598707736,52454179.598707736,23.68765284429271,
239,2024,United Kingdom,United States,1001,461387,,5,training_final,155446.03891083051,-305940.96108916949,305940.96108916949,-66.308968629191867,
240,2024,United Kingdom,United States,8703,9760731714,,5,training_final,12261419533.945606,2500687819.9456062,2500687819.9456062,25.619880693563402,
241,2024,United States,Canada,1001,24530233,,5,training_final,22869985.645964645,-1660247.3540353552,1660247.3540353552,-6.768167893208985,
242,2024,United States,Canada,8703,15597579400,,5,training_final,14151546155.589628,-1446033244.4103718,1446033244.4103718,-9.2708824063455104,
243,2024,United States,China,1001,676649911,,5,training_final,44119622.162709922,-632530288.83729005,632530288.83729005,-93.479697337503978,
244,2024,United States,China,8703,5586660835,,5,training_final,14476540400.818062,8889879565.8180618,8889879565.8180618,159.12688864381477,
245,2024,United States,Germany,1001,4749,,5,training_final,60149.541349727951,55400.541349727951,55400.541349727951,1166.5727805796578,
246,2024,United States,Germany,8703,7595825735,,5,training_final,1804928481.5993824,-5790897253.4006176,5790897253.4006176,-76.237889801991585,
247,2024,United States,Japan,1001,633126270,,5,training_final,46044273.813914567,-587081996.18608546,587081996.18608546,-92.727473808042348,
248,2024,United States,Japan,8703,929137299,,5,training_final,3323942788.4177938,2394805489.4177938,2394805489.4177938,257.74506006757497,
249,2024,United States,Mexico,1001,1070869870,,5,training_final,95980214.574955821,-974889655.42504418,974889655.42504418,-91.037172931669488,
250,2024,United States,Mexico,8703,4561751943,,5,training_final,7500723349.6527977,2938971406.6527977,2938971406.6527977,64.426374852816011,
251,2024,United States,United Kingdom,1001,11505,,5,training_final,462831.10132349335,451326.10132349335,451326.10132349335,3922.8691988135015,
252,2024,United States,United Kingdom,8703,1224546537,,5,training_final,1136700527.4122078,-87846009.587792158,87846009.587792158,-7.1737583614425073,
169,2024,Canada,China,1001,573720099,,5,validation_2024_observed,2184400024.4348884,1610679925.4348884,1610679925.4348884,280.74315824777972,
170,2024,Canada,China,8703,361534154,,5,validation_2024_observed,275164073.18255842,-86370080.817441583,86370080.817441583,-23.88988145707572,
171,2024,Canada,Germany,1001,927836,,5,validation_2024_observed,7951684.625925241,7023848.625925241,7023848.625925241,757.01402251316404,
172,2024,Canada,Germany,8703,108039258,,5,validation_2024_observed,111481867.88417949,3442609.8841794878,3442609.8841794878,3.1864434724084165,
173,2024,Canada,Japan,1001,607223446,,5,validation_2024_observed,151318862.44552764,-455904583.55447233,455904583.55447233,-75.080200963530046,
174,2024,Canada,Japan,8703,11236402,,5,validation_2024_observed,51092925.354745254,39856523.354745254,39856523.354745254,354.70894824468951,
175,2024,Canada,Mexico,1001,172551233,,5,validation_2024_observed,351167694.19376892,178616461.19376892,178616461.19376892,103.51503034102858,
176,2024,Canada,Mexico,8703,380444284,,5,validation_2024_observed,177522896.03097621,-202921387.96902379,202921387.96902379,-53.338004144918045,
177,2024,Canada,United Kingdom,1001,173421644,,5,validation_2024_observed,138311269.01722312,-35110374.98277688,35110374.98277688,-20.245670709232165,
178,2024,Canada,United Kingdom,8703,5919442,,5,validation_2024_observed,62837571.349109016,56918129.349109016,56918129.349109016,961.54551981604038,
179,2024,Canada,United States,1001,685179327,,5,validation_2024_observed,2193152034.3616171,1507972707.3616171,1507972707.3616171,220.0843849104655,
180,2024,Canada,United States,8703,28360982334,,5,validation_2024_observed,7218902287.0281305,-21142080046.97187,21142080046.97187,-74.546360200034783,
181,2024,China,Canada,1001,0,,5,validation_2024_observed,105.82484091325645,105.82484091325645,105.82484091325645,,
182,2024,China,Canada,8703,1486501326,,5,validation_2024_observed,4212288409.3067102,2725787083.3067102,2725787083.3067102,183.36930049309018,
183,2024,China,Germany,1001,5,,5,validation_2024_observed,18.297877163302726,13.297877163302726,13.297877163302726,265.95754326605453,
184,2024,China,Germany,8703,3293596023,,5,validation_2024_observed,3388265191.4247551,94669168.424755096,94669168.424755096,2.8743406223367027,
185,2024,China,Japan,1001,0,,5,validation_2024_observed,15.346984471503314,15.346984471503314,15.346984471503314,,
186,2024,China,Japan,8703,905237235,,5,validation_2024_observed,2964036718.9778743,2058799483.9778743,2058799483.9778743,227.43203708118284,
187,2024,China,Mexico,1001,0,,5,validation_2024_observed,0,0,0,,
188,2024,China,Mexico,8703,4603755988,,5,validation_2024_observed,2115916391.4035888,-2487839596.5964112,2487839596.5964112,-54.039345331966608,
189,2024,China,United Kingdom,1001,69452,,5,validation_2024_observed,5805.64160454168,-63646.358395458323,63646.358395458323,-91.640785571989753,
190,2024,China,United Kingdom,8703,5102705740,,5,validation_2024_observed,5977914016.9052544,875208276.90525436,875208276.90525436,17.151846912208079,
191,2024,China,United States,1001,0,,5,validation_2024_observed,155.16649298336981,155.16649298336981,155.16649298336981,,
192,2024,China,United States,8703,3820671125,,5,validation_2024_observed,12252275473.721741,8431604348.7217407,8431604348.7217407,220.68385560721981,
193,2024,Germany,Canada,1001,166171,,5,validation_2024_observed,48245.582933306119,-117925.41706669389,117925.41706669389,-70.966304028196191,
194,2024,Germany,Canada,8703,2832653765,,5,validation_2024_observed,4888998595.0171804,2056344830.0171804,2056344830.0171804,72.594287922695713,
195,2024,Germany,China,1001,0,,5,validation_2024_observed,419.74224325066609,419.74224325066609,419.74224325066609,,
196,2024,Germany,China,8703,11304788932,,5,validation_2024_observed,3824376859.9323549,-7480412072.0676451,7480412072.0676451,-66.170293997202819,
197,2024,Germany,Japan,1001,37305,,5,validation_2024_observed,1425.7577539439869,-35879.242246056012,35879.242246056012,-96.178105471266619,
198,2024,Germany,Japan,8703,3907415118,,5,validation_2024_observed,2620468035.142221,-1286947082.857779,1286947082.857779,-32.936021487179474,
199,2024,Germany,Mexico,1001,0,,5,validation_2024_observed,90.959427786640475,90.959427786640475,90.959427786640475,,
200,2024,Germany,Mexico,8703,1067908362,,5,validation_2024_observed,1735305735.1666625,667397373.16666245,667397373.16666245,62.495753092217328,
201,2024,Germany,United Kingdom,1001,289517719,,5,validation_2024_observed,10739025.192222185,-278778693.80777782,278778693.80777782,-96.290719190067193,
202,2024,Germany,United Kingdom,8703,14867362044,,5,validation_2024_observed,22908260154.9744,8040898110.9743996,8040898110.9743996,54.084228844211495,
203,2024,Germany,United States,1001,8332225,,5,validation_2024_observed,1397418.254120945,-6934806.745879055,6934806.745879055,-83.228750374348451,
204,2024,Germany,United States,8703,26105847078,,5,validation_2024_observed,32655386243.591698,6549539165.5916977,6549539165.5916977,25.08839933836564,
205,2024,Japan,Canada,1001,0,,5,validation_2024_observed,1.5401399351998604,1.5401399351998604,1.5401399351998604,,
206,2024,Japan,Canada,8703,5504542608,,5,validation_2024_observed,2520519727.153513,-2984022880.846487,2984022880.846487,-54.210187718588493,
207,2024,Japan,China,1001,0,,5,validation_2024_observed,34.087691583591109,34.087691583591109,34.087691583591109,,
208,2024,Japan,China,8703,6641426201,,5,validation_2024_observed,9096293198.1361122,2454866997.1361122,2454866997.1361122,36.962949264820296,
209,2024,Japan,Germany,1001,0,,5,validation_2024_observed,0,0,0,,
210,2024,Japan,Germany,8703,2207609523,,5,validation_2024_observed,8655589296.4576721,6447979773.4576721,6447979773.4576721,292.07972271723492,
211,2024,Japan,Mexico,1001,0,,5,validation_2024_observed,0,0,0,,
212,2024,Japan,Mexico,8703,1523309798,,5,validation_2024_observed,1600417516.6695361,77107718.669536114,77107718.669536114,5.061854047730356,
213,2024,Japan,United Kingdom,1001,0,,5,validation_2024_observed,3.6950206063964632,3.6950206063964632,3.6950206063964632,,
214,2024,Japan,United Kingdom,8703,3096026636,,5,validation_2024_observed,2217517640.0334272,-878508995.96657276,878508995.96657276,-28.375369441316806,
215,2024,Japan,United States,1001,0,,5,validation_2024_observed,189.78270892298721,189.78270892298721,189.78270892298721,,
216,2024,Japan,United States,8703,40489527390,,5,validation_2024_observed,14350487506.984001,-26139039883.015999,26139039883.015999,-64.557532695409421,
217,2024,Mexico,Canada,1001,18,,5,validation_2024_observed,713.15898990644746,695.15898990644746,695.15898990644746,3861.9943883691531,
218,2024,Mexico,Canada,8703,5918119238,,5,validation_2024_observed,3335497465.9039292,-2582621772.0960708,2582621772.0960708,-43.639231793661111,
219,2024,Mexico,China,1001,2671,,5,validation_2024_observed,48.136370541082542,-2622.8636294589173,2622.8636294589173,-98.19781465589358,
220,2024,Mexico,China,8703,255985743,,5,validation_2024_observed,3808637225.7139778,3552651482.7139778,3552651482.7139778,1387.8317757383768,
221,2024,Mexico,Germany,1001,2,,5,validation_2024_observed,0.35543751042404381,-1.6445624895759563,1.6445624895759563,-82.22812447879781,
222,2024,Mexico,Germany,8703,3979822545,,5,validation_2024_observed,2221287256.4831448,-1758535288.5168552,1758535288.5168552,-44.18627385098285,
223,2024,Mexico,Japan,1001,0,,5,validation_2024_observed,4.152103753383682,4.152103753383682,4.152103753383682,,
224,2024,Mexico,Japan,8703,418148376,,5,validation_2024_observed,891715187.89923203,473566811.89923203,473566811.89923203,113.25329454328241,
225,2024,Mexico,United Kingdom,1001,0,,5,validation_2024_observed,8.3667658909495,8.3667658909495,8.3667658909495,,
226,2024,Mexico,United Kingdom,8703,1036234550,,5,validation_2024_observed,900455363.22595823,-135779186.77404177,135779186.77404177,-13.10313256530983,
227,2024,Mexico,United States,1001,323719,,5,validation_2024_observed,104306.51139707277,-219412.48860292725,219412.48860292725,-67.778687257444645,
228,2024,Mexico,United States,8703,49637259600,,5,validation_2024_observed,76041911018.579559,26404651418.579559,26404651418.579559,53.19522397360462,
229,2024,United Kingdom,Canada,1001,1943,,5,validation_2024_observed,9250.8480519274526,7307.8480519274526,7307.8480519274526,376.11158270342014,
230,2024,United Kingdom,Canada,8703,592950008,,5,validation_2024_observed,1254943428.2984049,661993420.29840493,661993420.29840493,111.64405284878669,
231,2024,United Kingdom,China,1001,29358,,5,validation_2024_observed,7716.5157521325464,-21641.484247867455,21641.484247867455,-73.715798923180927,
232,2024,United Kingdom,China,8703,4078424924,,5,validation_2024_observed,6965417675.4965811,2886992751.4965811,2886992751.4965811,70.786953426743551,
233,2024,United Kingdom,Germany,1001,71283,,5,validation_2024_observed,9847.7457908157521,-61435.254209184248,61435.254209184248,-86.185000924742567,
234,2024,United Kingdom,Germany,8703,2443797094,,5,validation_2024_observed,4538842351.7828922,2095045257.7828922,2095045257.7828922,85.729100133830187,
235,2024,United Kingdom,Japan,1001,3035,,5,validation_2024_observed,5.8844523756233267,-3029.1155476243766,3029.1155476243766,-99.806113595531357,
236,2024,United Kingdom,Japan,8703,1031790547,,5,validation_2024_observed,827281188.79729855,-204509358.20270145,204509358.20270145,-19.820821076266505,
237,2024,United Kingdom,Mexico,1001,0,,5,validation_2024_observed,2.2197337038112388,2.2197337038112388,2.2197337038112388,,
238,2024,United Kingdom,Mexico,8703,221441018,,5,validation_2024_observed,846673344.98512638,625232326.98512638,625232326.98512638,282.34711555793439,
239,2024,United Kingdom,United States,1001,461387,,5,validation_2024_observed,105829.10836340806,-355557.89163659193,355557.89163659193,-77.062832640839886,
240,2024,United Kingdom,United States,8703,9760731714,,5,validation_2024_observed,16804986100.75552,7044254386.7555199,7044254386.7555199,72.169326984490453,
241,2024,United States,Canada,1001,24530233,,5,validation_2024_observed,60157047.801047385,35626814.801047385,35626814.801047385,145.23634896190094,
242,2024,United States,Canada,8703,15597579400,,5,validation_2024_observed,14629156557.192904,-968422842.80709648,968422842.80709648,-6.2088021350742189,
243,2024,United States,China,1001,676649911,,5,validation_2024_observed,204718146.10338321,-471931764.89661682,471931764.89661682,-69.745337614714742,
244,2024,United States,China,8703,5586660835,,5,validation_2024_observed,6693492372.569293,1106831537.569293,1106831537.569293,19.812041043105367,
245,2024,United States,Germany,1001,4749,,5,validation_2024_observed,263872.61837590527,259123.61837590527,259123.61837590527,5456.3827832365814,
246,2024,United States,Germany,8703,7595825735,,5,validation_2024_observed,1976683260.6472993,-5619142474.3527012,5619142474.3527012,-73.976716559739529,
247,2024,United States,Japan,1001,633126270,,5,validation_2024_observed,111446256.80105589,-521680013.19894409,521680013.19894409,-82.397467601359224,
248,2024,United States,Japan,8703,929137299,,5,validation_2024_observed,2020461702.8092568,1091324403.8092568,1091324403.8092568,117.45566613070139,
249,2024,United States,Mexico,1001,1070869870,,5,validation_2024_observed,166583101.45496064,-904286768.54503942,904286768.54503942,-84.44413218433715,
250,2024,United States,Mexico,8703,4561751943,,5,validation_2024_observed,4670235330.4057093,108483387.40570927,108483387.40570927,2.3781079892381443,
251,2024,United States,United Kingdom,1001,11505,,5,validation_2024_observed,6766491.0589642413,6754986.0589642413,6754986.0589642413,58713.481607685717,
252,2024,United States,United Kingdom,8703,1224546537,,5,validation_2024_observed,2625722364.010561,1401175827.010561,1401175827.010561,114.42405696097778,
253,2025,Canada,China,1001,,530862258.4581008,5,forecast_2025_unobserved,554385078.56857097,,,,23522820.110470176
254,2025,Canada,China,8703,,416554030.78198922,5,forecast_2025_unobserved,329621806.39948457,,,,-86932224.382504642
255,2025,Canada,Germany,1001,,894406.25562884973,5,forecast_2025_unobserved,5231692.7626555152,,,,4337286.5070266658
256,2025,Canada,Germany,8703,,92047862.460689306,5,forecast_2025_unobserved,75891903.401574746,,,,-16155959.05911456
257,2025,Canada,Japan,1001,,487208438.33307827,5,forecast_2025_unobserved,582474403.93372071,,,,95265965.600642443
258,2025,Canada,Japan,8703,,12108816.551532555,5,forecast_2025_unobserved,29360362.438564982,,,,17251545.887032427
259,2025,Canada,Mexico,1001,,189363850.93000531,5,forecast_2025_unobserved,60761135.456690878,,,,-128602715.47331443
260,2025,Canada,Mexico,8703,,394397077.67651242,5,forecast_2025_unobserved,174358917.58458284,,,,-220038160.09192958
261,2025,Canada,United Kingdom,1001,,147767604.18687198,5,forecast_2025_unobserved,102924342.54808185,,,,-44843261.638790131
262,2025,Canada,United Kingdom,8703,,6531988.7619951274,5,forecast_2025_unobserved,33962801.575953819,,,,27430812.81395869
263,2025,Canada,United States,1001,,651030223.20705056,5,forecast_2025_unobserved,3484356617.5432224,,,,2833326394.3361721
264,2025,Canada,United States,8703,,29447181933.073902,5,forecast_2025_unobserved,14573855845.521107,,,,-14873326087.552795
265,2025,China,Canada,1001,,0,5,forecast_2025_unobserved,3.9303695357450978,,,,3.9303695357450978
266,2025,China,Canada,8703,,1422965934.9739506,5,forecast_2025_unobserved,3637769012.9652104,,,,2214803077.9912596
267,2025,China,Germany,1001,,4.7523657967247992,5,forecast_2025_unobserved,7.3303032132590928,,,,2.5779374165342936
268,2025,China,Germany,8703,,3546726622.2719927,5,forecast_2025_unobserved,5161984497.1982441,,,,1615257874.9262514
269,2025,China,Japan,1001,,0,5,forecast_2025_unobserved,10.138878674448781,,,,10.138878674448781
270,2025,China,Japan,8703,,925453881.90290022,5,forecast_2025_unobserved,1581029386.6890328,,,,655575504.78613257
271,2025,China,Mexico,1001,,0,5,forecast_2025_unobserved,0,,,,0
272,2025,China,Mexico,8703,,4805417606.5950432,5,forecast_2025_unobserved,1796817796.3760505,,,,-3008599810.2189927
273,2025,China,United Kingdom,1001,,58717.620669989738,5,forecast_2025_unobserved,989.69133925263816,,,,-57727.929330737097
274,2025,China,United Kingdom,8703,,6182433384.1456623,5,forecast_2025_unobserved,5404453163.7616081,,,,-777980220.38405418
275,2025,China,United States,1001,,0,5,forecast_2025_unobserved,13.461338368969647,,,,13.461338368969647
276,2025,China,United States,8703,,3808519439.895184,5,forecast_2025_unobserved,8089602509.4108257,,,,4281083069.5156417
277,2025,Germany,Canada,1001,,159353.01771488506,5,forecast_2025_unobserved,90734.345245038552,,,,-68618.672469846511
278,2025,Germany,Canada,8703,,3185887126.3290038,5,forecast_2025_unobserved,3391322531.2937713,,,,205435404.96476746
279,2025,Germany,China,1001,,0,5,forecast_2025_unobserved,163.33042821391311,,,,163.33042821391311
280,2025,Germany,China,8703,,13053502548.257113,5,forecast_2025_unobserved,6050064021.7864809,,,,-7003438526.4706316
281,2025,Germany,Japan,1001,,32814.676020545317,5,forecast_2025_unobserved,22099.043881098831,,,,-10715.632139446487
282,2025,Germany,Japan,8703,,3985740064.5641351,5,forecast_2025_unobserved,2797482412.747684,,,,-1188257651.8164511
283,2025,Germany,Mexico,1001,,0,5,forecast_2025_unobserved,101.57978428750842,,,,101.57978428750842
284,2025,Germany,Mexico,8703,,881800888.08630931,5,forecast_2025_unobserved,667337624.41385746,,,,-214463263.67245185
285,2025,Germany,United Kingdom,1001,,241909176.87338209,5,forecast_2025_unobserved,26312630.532300409,,,,-215596546.34108168
286,2025,Germany,United Kingdom,8703,,16543983898.543367,5,forecast_2025_unobserved,12921578315.790146,,,,-3622405582.7532215
287,2025,Germany,United States,1001,,7436476.7670493107,5,forecast_2025_unobserved,1042759.0295218402,,,,-6393717.737527471
288,2025,Germany,United States,8703,,34318821578.050293,5,forecast_2025_unobserved,22058624997.734344,,,,-12260196580.315948
289,2025,Japan,Canada,1001,,0,5,forecast_2025_unobserved,0,,,,0
290,2025,Japan,Canada,8703,,5664394860.395853,5,forecast_2025_unobserved,2822180616.6073241,,,,-2842214243.7885289
291,2025,Japan,China,1001,,0,5,forecast_2025_unobserved,3.5613396970770981,,,,3.5613396970770981
292,2025,Japan,China,8703,,6010737613.5248747,5,forecast_2025_unobserved,5271602416.0973921,,,,-739135197.4274826
293,2025,Japan,Germany,1001,,0,5,forecast_2025_unobserved,0.069197158201371012,,,,0.069197158201371012
294,2025,Japan,Germany,8703,,2741869777.702445,5,forecast_2025_unobserved,3815045314.8229132,,,,1073175537.1204681
295,2025,Japan,Mexico,1001,,0,5,forecast_2025_unobserved,0,,,,0
296,2025,Japan,Mexico,8703,,1525557831.0587449,5,forecast_2025_unobserved,1636954693.5010059,,,,111396862.44226098
297,2025,Japan,United Kingdom,1001,,0,5,forecast_2025_unobserved,3.7378486806272342,,,,3.7378486806272342
298,2025,Japan,United Kingdom,8703,,3696571751.6599798,5,forecast_2025_unobserved,2033227263.6489849,,,,-1663344488.0109949
299,2025,Japan,United States,1001,,0,5,forecast_2025_unobserved,9.7256635935898768,,,,9.7256635935898768
300,2025,Japan,United States,8703,,35318692142.475571,5,forecast_2025_unobserved,16887561486.547827,,,,-18431130655.927742
301,2025,Mexico,Canada,1001,,18.51114957409418,5,forecast_2025_unobserved,277.58882135768215,,,,259.07767178358796
302,2025,Mexico,Canada,8703,,6538395537.5853796,5,forecast_2025_unobserved,1919515702.8279688,,,,-4618879834.757411
303,2025,Mexico,China,1001,,2361.935663288386,5,forecast_2025_unobserved,49.429346601362269,,,,-2312.5063166870236
304,2025,Mexico,China,8703,,230724417.27443409,5,forecast_2025_unobserved,2712160987.0429745,,,,2481436569.7685404
305,2025,Mexico,Germany,1001,,2.0606212328124478,5,forecast_2025_unobserved,1.6946869444952155,,,,-0.36593428831723229
306,2025,Mexico,Germany,8703,,4343634911.1942692,5,forecast_2025_unobserved,1226052286.0141485,,,,-3117582625.1801205
307,2025,Mexico,Japan,1001,,0,5,forecast_2025_unobserved,4.9137837196387171,,,,4.9137837196387171
308,2025,Mexico,Japan,8703,,467213585.10383087,5,forecast_2025_unobserved,598918388.58713436,,,,131704803.48330349
309,2025,Mexico,United Kingdom,1001,,0,5,forecast_2025_unobserved,15.975292498538813,,,,15.975292498538813
310,2025,Mexico,United Kingdom,8703,,1206198894.8819969,5,forecast_2025_unobserved,781141843.94871545,,,,-425057050.93328142
311,2025,Mexico,United States,1001,,301853.76440170285,5,forecast_2025_unobserved,60442.906006431971,,,,-241410.85839527089
312,2025,Mexico,United States,8703,,52780466123.751282,5,forecast_2025_unobserved,102725374682.05408,,,,49944908558.302795
313,2025,United Kingdom,Canada,1001,,1713.0608292353788,5,forecast_2025_unobserved,8961.1109822663911,,,,7248.0501530310121
314,2025,United Kingdom,Canada,8703,,550904513.15275657,5,forecast_2025_unobserved,1128949207.4929168,,,,578044694.34016025
315,2025,United Kingdom,China,1001,,30482.86627624328,5,forecast_2025_unobserved,6431.123987535776,,,,-24051.742288707504
316,2025,United Kingdom,China,8703,,3762660597.360023,5,forecast_2025_unobserved,7147121130.2667131,,,,3384460532.9066901
317,2025,United Kingdom,Germany,1001,,70311.122944354356,5,forecast_2025_unobserved,16670.764751053448,,,,-53640.358193300912
318,2025,United Kingdom,Germany,8703,,2710958224.364337,5,forecast_2025_unobserved,7308873122.3387794,,,,4597914897.9744425
319,2025,United Kingdom,Japan,1001,,2553.6291477024824,5,forecast_2025_unobserved,203.63252021586106,,,,-2349.9966274866215
320,2025,United Kingdom,Japan,8703,,1098153473.6068299,5,forecast_2025_unobserved,855746941.71826899,,,,-242406531.88856089
321,2025,United Kingdom,Mexico,1001,,0,5,forecast_2025_unobserved,1.1728089335448515,,,,1.1728089335448515
322,2025,United Kingdom,Mexico,8703,,223111631.07110319,5,forecast_2025_unobserved,273895197.59870774,,,,50783566.52760455
323,2025,United Kingdom,United States,1001,,419717.73669214168,5,forecast_2025_unobserved,155446.03891083051,,,,-264271.69778131117
324,2025,United Kingdom,United States,8703,,11524374951.343082,5,forecast_2025_unobserved,12261419533.945606,,,,737044582.6025238
325,2025,United States,Canada,1001,,20139638.853230141,5,forecast_2025_unobserved,22869985.645964645,,,,2730346.7927345037
326,2025,United States,Canada,8703,,14836726276.380745,5,forecast_2025_unobserved,14151546155.589628,,,,-685180120.79111671
327,2025,United States,China,1001,,615204885.68975282,5,forecast_2025_unobserved,44119622.162709922,,,,-571085263.52704287
328,2025,United States,China,8703,,5166890837.598218,5,forecast_2025_unobserved,14476540400.818062,,,,9309649563.2198448
329,2025,United States,Germany,1001,,4758.0761982454405,5,forecast_2025_unobserved,60149.541349727951,,,,55391.465151482509
330,2025,United States,Germany,8703,,8934849485.0146999,5,forecast_2025_unobserved,1804928481.5993824,,,,-7129921003.4153175
331,2025,United States,Japan,1001,,533628343.01922303,5,forecast_2025_unobserved,46044273.813914567,,,,-487584069.20530844
332,2025,United States,Japan,8703,,973881597.47265792,5,forecast_2025_unobserved,3323942788.4177938,,,,2350061190.9451361
333,2025,United States,Mexico,1001,,979168570.91317141,5,forecast_2025_unobserved,95980214.574955821,,,,-883188356.33821559
334,2025,United States,Mexico,8703,,4915308212.8533888,5,forecast_2025_unobserved,7500723349.6527977,,,,2585415136.7994089
335,2025,United States,United Kingdom,1001,,10448.558931451713,5,forecast_2025_unobserved,462831.10132349335,,,,452382.54239204165
336,2025,United States,United Kingdom,8703,,1056748860.3139788,5,forecast_2025_unobserved,1136700527.4122078,,,,79951667.098229051
169,2024,Canada,China,1001,573720099,,6,training_structural_2024,159033410.05660957,-414686688.94339043,414686688.94339043,-72.280313983455272,
170,2024,Canada,China,8703,361534154,,6,training_structural_2024,57638830.401507087,-303895323.59849292,303895323.59849292,-84.057154832041931,
171,2024,Canada,Germany,1001,927836,,6,training_structural_2024,3939642.6068914174,3011806.6068914174,3011806.6068914174,324.60549136823937,
172,2024,Canada,Germany,8703,108039258,,6,training_structural_2024,22727490.058702379,-85311767.941297621,85311767.941297621,-78.96367442776922,
173,2024,Canada,Japan,1001,607223446,,6,training_structural_2024,42103352.186424024,-565120093.81357598,565120093.81357598,-93.066250576493047,
174,2024,Canada,Japan,8703,11236402,,6,training_structural_2024,9448948.8606286757,-1787453.1393713243,1787453.1393713243,-15.907700163907665,
175,2024,Canada,Mexico,1001,172551233,,6,training_structural_2024,228572025.9244546,56020792.9244546,56020792.9244546,32.466179435793777,
176,2024,Canada,Mexico,8703,380444284,,6,training_structural_2024,85560567.266481891,-294883716.73351812,294883716.73351812,-77.510355427897068,
177,2024,Canada,United Kingdom,1001,173421644,,6,training_structural_2024,22734107.280245796,-150687536.71975422,150687536.71975422,-86.890847788153948,
178,2024,Canada,United Kingdom,8703,5919442,,6,training_structural_2024,53196784.701781712,47277342.701781712,47277342.701781712,798.67904275068008,
179,2024,Canada,United States,1001,685179327,,6,training_structural_2024,454126397.30274653,-231052929.69725347,231052929.69725347,-33.721526700009946,
180,2024,Canada,United States,8703,28360982334,,6,training_structural_2024,307518620.99363601,-28053463713.006363,28053463713.006363,-98.915698273874753,
181,2024,China,Canada,1001,0,,6,training_structural_2024,492.911022577175,492.911022577175,492.911022577175,,
182,2024,China,Canada,8703,1486501326,,6,training_structural_2024,877838272.19261849,-608663053.80738151,608663053.80738151,-40.946014857936397,
183,2024,China,Germany,1001,5,,6,training_structural_2024,2849.3065932234076,2844.3065932234076,2844.3065932234076,56886.131864468145,
184,2024,China,Germany,8703,3293596023,,6,training_structural_2024,740052597.56826162,-2553543425.4317384,2553543425.4317384,-77.53055953431172,
185,2024,China,Japan,1001,0,,6,training_structural_2024,10605.057227711357,10605.057227711357,10605.057227711357,,
186,2024,China,Japan,8703,905237235,,6,training_structural_2024,1762858515.1824534,857621280.18245339,857621280.18245339,94.739947388758651,
187,2024,China,Mexico,1001,0,,6,training_structural_2024,2938.1917382440492,2938.1917382440492,2938.1917382440492,,
188,2024,China,Mexico,8703,4603755988,,6,training_structural_2024,621383499.96813595,-3982372488.0318642,3982372488.0318642,-86.502683861007966,
189,2024,China,United Kingdom,1001,69452,,6,training_structural_2024,9481.046262017202,-59970.953737982796,59970.953737982796,-86.348778635579677,
190,2024,China,United Kingdom,8703,5102705740,,6,training_structural_2024,1745454768.8908317,-3357250971.1091681,3357250971.1091681,-65.793544487422636,
191,2024,China,United States,1001,0,,6,training_structural_2024,13950.995135693913,13950.995135693913,13950.995135693913,,
192,2024,China,United States,8703,3820671125,,6,training_structural_2024,19468494903.99678,15647823778.99678,15647823778.99678,409.55694083710961,
193,2024,Germany,Canada,1001,166171,,6,training_structural_2024,45676.910293351713,-120494.08970664829,120494.08970664829,-72.512104823734759,
194,2024,Germany,Canada,8703,2832653765,,6,training_structural_2024,5452964298.8225775,2620310533.8225775,2620310533.8225775,92.503735055758838,
195,2024,Germany,China,1001,0,,6,training_structural_2024,128903.73303294585,128903.73303294585,128903.73303294585,,
196,2024,Germany,China,8703,11304788932,,6,training_structural_2024,20679097073.838482,9374308141.8384819,9374308141.8384819,82.923336280105275,
197,2024,Germany,Japan,1001,37305,,6,training_structural_2024,46938.025052650824,9633.0250526508244,9633.0250526508244,25.82234299062009,
198,2024,Germany,Japan,8703,3907415118,,6,training_structural_2024,4310973410.6880064,403558292.6880064,403558292.6880064,10.328011754598695,
199,2024,Germany,Mexico,1001,0,,6,training_structural_2024,50441.152723597384,50441.152723597384,50441.152723597384,,
200,2024,Germany,Mexico,8703,1067908362,,6,training_structural_2024,5489356388.1904659,4421448026.1904659,4421448026.1904659,414.02878594469377,
201,2024,Germany,United Kingdom,1001,289517719,,6,training_structural_2024,433067.40583062527,-289084651.59416938,289084651.59416938,-99.850417650661782,
202,2024,Germany,United Kingdom,8703,14867362044,,6,training_structural_2024,20890420309.127934,6023058265.1279335,6023058265.1279335,40.511949916216984,
203,2024,Germany,United States,1001,8332225,,6,training_structural_2024,608434.06882788579,-7723790.9311721139,7723790.9311721139,-92.697819984123242,
204,2024,Germany,United States,8703,26105847078,,6,training_structural_2024,88196719718.418045,62090872640.418045,62090872640.418045,237.84278079504824,
205,2024,Japan,Canada,1001,0,,6,training_structural_2024,547.91498119259791,547.91498119259791,547.91498119259791,,
206,2024,Japan,Canada,8703,5504542608,,6,training_structural_2024,1019389192.0566994,-4485153415.9433002,4485153415.9433002,-81.480946471825376,
207,2024,Japan,China,1001,0,,6,training_structural_2024,48365.637233112997,48365.637233112997,48365.637233112997,,
208,2024,Japan,China,8703,6641426201,,6,training_structural_2024,5245039104.681303,-1396387096.318697,1396387096.318697,-21.025410116104922,
209,2024,Japan,Germany,1001,0,,6,training_structural_2024,862.8264475731537,862.8264475731537,862.8264475731537,,
210,2024,Japan,Germany,8703,2207609523,,6,training_structural_2024,716342151.87301528,-1491267371.1269846,1491267371.1269846,-67.551229308906386,
211,2024,Japan,Mexico,1001,0,,6,training_structural_2024,3435.3102359616705,3435.3102359616705,3435.3102359616705,,
212,2024,Japan,Mexico,8703,1523309798,,6,training_structural_2024,721493998.74810791,-801815799.25189209,801815799.25189209,-52.636423681159314,
213,2024,Japan,United Kingdom,1001,0,,6,training_structural_2024,1480.0023607972712,1480.0023607972712,1480.0023607972712,,
214,2024,Japan,United Kingdom,8703,3096026636,,6,training_structural_2024,1922019440.78232,-1174007195.21768,1174007195.21768,-37.91980280681539,
215,2024,Japan,United States,1001,0,,6,training_structural_2024,16311.063544574483,16311.063544574483,16311.063544574483,,
216,2024,Japan,United States,8703,40489527390,,6,training_structural_2024,22653183340.011162,-17836344049.988838,17836344049.988838,-44.051746710172793,
217,2024,Mexico,Canada,1001,18,,6,training_structural_2024,7454.7773317266037,7436.7773317266037,7436.7773317266037,41315.429620703355,
218,2024,Mexico,Canada,8703,5918119238,,6,training_structural_2024,773726960.82016444,-5144392277.1798353,5144392277.1798353,-86.926134305437856,
219,2024,Mexico,China,1001,2671,,6,training_structural_2024,17204.847892867849,14533.847892867849,14533.847892867849,544.13507648325901,
220,2024,Mexico,China,8703,255985743,,6,training_structural_2024,1515132551.1427796,1259146808.1427796,1259146808.1427796,491.88161550964952,
221,2024,Mexico,Germany,1001,2,,6,training_structural_2024,2088.7079808517424,2086.7079808517424,2086.7079808517424,104335.39904258712,
222,2024,Mexico,Germany,8703,3979822545,,6,training_structural_2024,473324746.73522162,-3506497798.2647781,3506497798.2647781,-88.106888149325201,
223,2024,Mexico,Japan,1001,0,,6,training_structural_2024,2747.8624061597811,2747.8624061597811,2747.8624061597811,,
224,2024,Mexico,Japan,8703,418148376,,6,training_structural_2024,375269905.03768772,-42878470.962312281,42878470.962312281,-10.254367450254614,
225,2024,Mexico,United Kingdom,1001,0,,6,training_structural_2024,2123.8064385384,2123.8064385384,2123.8064385384,,
226,2024,Mexico,United Kingdom,8703,1036234550,,6,training_structural_2024,688452452.99575019,-347782097.00424981,347782097.00424981,-33.562102036093066,
227,2024,Mexico,United States,1001,323719,,6,training_structural_2024,194082.79301538377,-129636.20698461623,129636.20698461623,-40.045906166958453,
228,2024,Mexico,United States,8703,49637259600,,6,training_structural_2024,19587501020.068352,-30049758579.931648,30049758579.931648,-60.538713905816934,
229,2024,United Kingdom,Canada,1001,1943,,6,training_structural_2024,43486.291084400342,41543.291084400342,41543.291084400342,2138.1004160782472,
230,2024,United Kingdom,Canada,8703,592950008,,6,training_structural_2024,2457767530.156054,1864817522.156054,1864817522.156054,314.49827084850199,
231,2024,United Kingdom,China,1001,29358,,6,training_structural_2024,74948.608010462689,45590.608010462689,45590.608010462689,155.29194090354483,
232,2024,United Kingdom,China,8703,4078424924,,6,training_structural_2024,5790234151.3626204,1711809227.3626204,1711809227.3626204,41.972311842477851,
233,2024,United Kingdom,Germany,1001,71283,,6,training_structural_2024,43384.697318360406,-27898.302681639594,27898.302681639594,-39.137385746446689,
234,2024,United Kingdom,Germany,8703,2443797094,,6,training_structural_2024,2457696716.1708446,13899622.170844555,13899622.170844555,0.56877153201347386,
235,2024,United Kingdom,Japan,1001,3035,,6,training_structural_2024,21761.882347639927,18726.882347639927,18726.882347639927,617.03071985634028,
236,2024,United Kingdom,Japan,8703,1031790547,,6,training_structural_2024,1368018257.9318378,336227710.9318378,336227710.9318378,32.586818313992346,
237,2024,United Kingdom,Mexico,1001,0,,6,training_structural_2024,21729.522548303485,21729.522548303485,21729.522548303485,,
238,2024,United Kingdom,Mexico,8703,221441018,,6,training_structural_2024,825065558.36588311,603624540.36588311,603624540.36588311,272.5893087999998,
239,2024,United Kingdom,United States,1001,461387,,6,training_structural_2024,168713.01845427681,-292673.98154572316,292673.98154572316,-63.433512766012733,
240,2024,United Kingdom,United States,8703,9760731714,,6,training_structural_2024,20650920375.516937,10890188661.516937,10890188661.516937,111.57143727141825,
241,2024,United States,Canada,1001,24530233,,6,training_structural_2024,1778199.2653138612,-22752033.73468614,22752033.73468614,-92.750989094502856,
242,2024,United States,Canada,8703,15597579400,,6,training_structural_2024,4134946434.737596,-11462632965.262403,11462632965.262403,-73.489819614333243,
243,2024,United States,China,1001,676649911,,6,training_structural_2024,23766833.654241502,-652883077.34575844,652883077.34575844,-96.487573076139583,
244,2024,United States,China,8703,5586660835,,6,training_structural_2024,8082245988.7570868,2495585153.7570868,2495585153.7570868,44.670425276623881,
245,2024,United States,Germany,1001,4749,,6,training_structural_2024,441324.50631619594,436575.50631619594,436575.50631619594,9192.9986590060216,
246,2024,United States,Germany,8703,7595825735,,6,training_structural_2024,2130214783.5187402,-5465610951.4812603,5465610951.4812603,-71.955454774282813,
247,2024,United States,Japan,1001,633126270,,6,training_structural_2024,6363050.2867823299,-626763219.71321762,626763219.71321762,-98.994979265860763,
248,2024,United States,Japan,8703,929137299,,6,training_structural_2024,2004942167.2966859,1075804868.2966859,1075804868.2966859,115.78534942624081,
249,2024,United States,Mexico,1001,1070869870,,6,training_structural_2024,34614987.439893045,-1036254882.560107,1036254882.560107,-96.767582279638418,
250,2024,United States,Mexico,8703,4561751943,,6,training_structural_2024,6022145313.1345797,1460393370.1345797,1460393370.1345797,32.013870731738294,
251,2024,United States,United Kingdom,1001,11505,,6,training_structural_2024,755576.98481572827,744071.98481572827,744071.98481572827,6467.3792682809926,
252,2024,United States,United Kingdom,8703,1224546537,,6,training_structural_2024,3071990811.4037395,1847444274.4037395,1847444274.4037395,150.86762475599892,
169,2024,Canada,China,1001,573720099,,6,validation_2024_observed,794414371.4388243,220694272.4388243,220694272.4388243,38.467237390409835,
170,2024,Canada,China,8703,361534154,,6,validation_2024_observed,387468124.85078281,25933970.850782812,25933970.850782812,7.173311446194047,
171,2024,Canada,Germany,1001,927836,,6,validation_2024_observed,4007662.0441248836,3079826.0441248836,3079826.0441248836,331.9364676650705,
172,2024,Canada,Germany,8703,108039258,,6,validation_2024_observed,95637370.230944738,-12401887.769055262,12401887.769055262,-11.479056778652868,
173,2024,Canada,Japan,1001,607223446,,6,validation_2024_observed,739276529.25875866,132053083.25875866,132053083.25875866,21.74703301208805,
174,2024,Canada,Japan,8703,11236402,,6,validation_2024_observed,20060060.793575555,8823658.7935755551,8823658.7935755551,78.527439598330105,
175,2024,Canada,Mexico,1001,172551233,,6,validation_2024_observed,288112793.63636428,115561560.63636428,115561560.63636428,66.972318091963032,
176,2024,Canada,Mexico,8703,380444284,,6,validation_2024_observed,287827510.21742684,-92616773.782573164,92616773.782573164,-24.344372534342813,
177,2024,Canada,United Kingdom,1001,173421644,,6,validation_2024_observed,230220851.17282957,56799207.172829568,56799207.172829568,32.752086684652561,
178,2024,Canada,United Kingdom,8703,5919442,,6,validation_2024_observed,9386479.7161972597,3467037.7161972597,3467037.7161972597,58.570346938060368,
179,2024,Canada,United States,1001,685179327,,6,validation_2024_observed,774116383.76134956,88937056.761349559,88937056.761349559,12.980113855850407,
180,2024,Canada,United States,8703,28360982334,,6,validation_2024_observed,24311015005.923016,-4049967328.0769844,4049967328.0769844,-14.280067172503266,
181,2024,China,Canada,1001,0,,6,validation_2024_observed,4479.012629920323,4479.012629920323,4479.012629920323,,
182,2024,China,Canada,8703,1486501326,,6,validation_2024_observed,2006022463.0436211,519521137.04362106,519521137.04362106,34.949254868247664,
183,2024,China,Germany,1001,5,,6,validation_2024_observed,0.56297051415300081,-4.437029485846999,4.437029485846999,-88.740589716939979,
184,2024,China,Germany,8703,3293596023,,6,validation_2024_observed,4569626457.4147005,1276030434.4147005,1276030434.4147005,38.742773111937915,
185,2024,China,Japan,1001,0,,6,validation_2024_observed,0.79957905689888098,0.79957905689888098,0.79957905689888098,,
186,2024,China,Japan,8703,905237235,,6,validation_2024_observed,702841161.8717519,-202396073.1282481,202396073.1282481,-22.358346000675514,
187,2024,China,Mexico,1001,0,,6,validation_2024_observed,0.64589460782292085,0.64589460782292085,0.64589460782292085,,
188,2024,China,Mexico,8703,4603755988,,6,validation_2024_observed,4192741203.9096699,-411014784.09033012,411014784.09033012,-8.9278142708186063,
189,2024,China,United Kingdom,1001,69452,,6,validation_2024_observed,122710.01732507111,53258.017325071109,53258.017325071109,76.683201815744837,
190,2024,China,United Kingdom,8703,5102705740,,6,validation_2024_observed,5724935745.9090805,622230005.90908051,622230005.90908051,12.194118916782383,
191,2024,China,United States,1001,0,,6,validation_2024_observed,2.4214245581770131,2.4214245581770131,2.4214245581770131,,
192,2024,China,United States,8703,3820671125,,6,validation_2024_observed,2770962490.4802504,-1049708634.5197496,1049708634.5197496,-27.474456716547401,
193,2024,Germany,Canada,1001,166171,,6,validation_2024_observed,109068.04806061351,-57102.95193938649,57102.95193938649,-34.363969609249807,
194,2024,Germany,Canada,8703,2832653765,,6,validation_2024_observed,3091790493.7124586,259136728.71245861,259136728.71245861,9.1481963632240326,
195,2024,Germany,China,1001,0,,6,validation_2024_observed,0.74492237650893678,0.74492237650893678,0.74492237650893678,,
196,2024,Germany,China,8703,11304788932,,6,validation_2024_observed,17128010395.475319,5823221463.4753189,5823221463.4753189,51.511102936135018,
197,2024,Germany,Japan,1001,37305,,6,validation_2024_observed,57207.228235356211,19902.228235356211,19902.228235356211,53.350028777258309,
198,2024,Germany,Japan,8703,3907415118,,6,validation_2024_observed,4211054093.0515394,303638975.05153942,303638975.05153942,7.7708399512708093,
199,2024,Germany,Mexico,1001,0,,6,validation_2024_observed,0.7340050580648052,0.7340050580648052,0.7340050580648052,,
200,2024,Germany,Mexico,8703,1067908362,,6,validation_2024_observed,1098309375.2511473,30401013.25114727,30401013.25114727,2.8467810846814281,
201,2024,Germany,United Kingdom,1001,289517719,,6,validation_2024_observed,109937788.20828049,-179579930.7917195,179579930.7917195,-62.027267765162073,
202,2024,Germany,United Kingdom,8703,14867362044,,6,validation_2024_observed,15399397230.026947,532035186.02694702,532035186.02694702,3.5785446298569132,
203,2024,Germany,United States,1001,8332225,,6,validation_2024_observed,29183709.860933371,20851484.860933371,20851484.860933371,250.25110172773023,
204,2024,Germany,United States,8703,26105847078,,6,validation_2024_observed,24921681487.037975,-1184165590.9620247,1184165590.9620247,-4.536016729983638,
205,2024,Japan,Canada,1001,0,,6,validation_2024_observed,0.46610704591024843,0.46610704591024843,0.46610704591024843,,
206,2024,Japan,Canada,8703,5504542608,,6,validation_2024_observed,4827010509.2748976,-677532098.72510242,677532098.72510242,-12.308599405523983,
207,2024,Japan,China,1001,0,,6,validation_2024_observed,0.64656420377239887,0.64656420377239887,0.64656420377239887,,
208,2024,Japan,China,8703,6641426201,,6,validation_2024_observed,7917242944.9917574,1275816743.9917574,1275816743.9917574,19.209981491620844,
209,2024,Japan,Germany,1001,0,,6,validation_2024_observed,0.39891109345739345,0.39891109345739345,0.39891109345739345,,
210,2024,Japan,Germany,8703,2207609523,,6,validation_2024_observed,2511578032.8457556,303968509.84575558,303968509.84575558,13.769124778583208,
211,2024,Japan,Mexico,1001,0,,6,validation_2024_observed,0.46209458981246182,0.46209458981246182,0.46209458981246182,,
212,2024,Japan,Mexico,8703,1523309798,,6,validation_2024_observed,1745807024.7184258,222497226.71842575,222497226.71842575,14.606170524902364,
213,2024,Japan,United Kingdom,1001,0,,6,validation_2024_observed,0.46350131064050354,0.46350131064050354,0.46350131064050354,,
214,2024,Japan,United Kingdom,8703,3096026636,,6,validation_2024_observed,3096877777.1318908,851141.13189077377,851141.13189077377,0.027491402108556464,
215,2024,Japan,United States,1001,0,,6,validation_2024_observed,1669.0957958393381,1669.0957958393381,1669.0957958393381,,
216,2024,Japan,United States,8703,40489527390,,6,validation_2024_observed,37624651247.528915,-2864876142.4710846,2864876142.4710846,-7.0755978820801069,
217,2024,Mexico,Canada,1001,18,,6,validation_2024_observed,2.2354211189319355,-15.764578881068065,15.764578881068065,-87.580993783711463,
218,2024,Mexico,Canada,8703,5918119238,,6,validation_2024_observed,5293963361.0718803,-624155876.92811966,624155876.92811966,-10.546524188300237,
219,2024,Mexico,China,1001,2671,,6,validation_2024_observed,1538.7803923326665,-1132.2196076673335,1132.2196076673335,-42.389352589566961,
220,2024,Mexico,China,8703,255985743,,6,validation_2024_observed,359621488.85663044,103635745.85663044,103635745.85663044,40.484967890040046,
221,2024,Mexico,Germany,1001,2,,6,validation_2024_observed,0.45752684328513099,-1.5424731567148691,1.5424731567148691,-77.123657835743458,
222,2024,Mexico,Germany,8703,3979822545,,6,validation_2024_observed,5136870611.1682196,1157048066.1682196,1157048066.1682196,29.072855713676539,
223,2024,Mexico,Japan,1001,0,,6,validation_2024_observed,0.58195558734994135,0.58195558734994135,0.58195558734994135,,
224,2024,Mexico,Japan,8703,418148376,,6,validation_2024_observed,515865851.61109698,97717475.611096978,97717475.611096978,23.369091265129526,
225,2024,Mexico,United Kingdom,1001,0,,6,validation_2024_observed,0.56720684305747149,0.56720684305747149,0.56720684305747149,,
226,2024,Mexico,United Kingdom,8703,1036234550,,6,validation_2024_observed,1378225993.5165367,341991443.51653671,341991443.51653671,33.003285165171988,
227,2024,Mexico,United States,1001,323719,,6,validation_2024_observed,2641823.6900450047,2318104.6900450047,2318104.6900450047,716.08545993438906,
228,2024,Mexico,United States,8703,49637259600,,6,validation_2024_observed,39966061969.669914,-9671197630.3300858,9671197630.3300858,-19.483746097719877,
229,2024,United Kingdom,Canada,1001,1943,,6,validation_2024_observed,72536.313007505247,70593.313007505247,70593.313007505247,3633.2121980187981,
230,2024,United Kingdom,Canada,8703,592950008,,6,validation_2024_observed,763921865.35673022,170971857.35673022,170971857.35673022,28.834109967113825,
231,2024,United Kingdom,China,1001,29358,,6,validation_2024_observed,1548081.2965557687,1518723.2965557687,1518723.2965557687,5173.1156637228996,
232,2024,United Kingdom,China,8703,4078424924,,6,validation_2024_observed,4849588900.3500185,771163976.3500185,771163976.3500185,18.90837739373374,
233,2024,United Kingdom,Germany,1001,71283,,6,validation_2024_observed,16808.387024017109,-54474.612975982891,54474.612975982891,-76.420202539150836,
234,2024,United Kingdom,Germany,8703,2443797094,,6,validation_2024_observed,3480885788.9325352,1037088694.9325352,1037088694.9325352,42.437594245397491,
235,2024,United Kingdom,Japan,1001,3035,,6,validation_2024_observed,0.68225390663503083,-3034.3177460933648,3034.3177460933648,-99.977520464361277,
236,2024,United Kingdom,Japan,8703,1031790547,,6,validation_2024_observed,1126882198.9553368,95091651.955336809,95091651.955336809,9.216177860111447,
237,2024,United Kingdom,Mexico,1001,0,,6,validation_2024_observed,0.68798943567590287,0.68798943567590287,0.68798943567590287,,
238,2024,United Kingdom,Mexico,8703,221441018,,6,validation_2024_observed,280435938.20869374,58994920.208693743,58994920.208693743,26.641369671039783,
239,2024,United Kingdom,United States,1001,461387,,6,validation_2024_observed,119126.20341947782,-342260.7965805222,342260.7965805222,-74.180849607926149,
240,2024,United Kingdom,United States,8703,9760731714,,6,validation_2024_observed,7118902395.5361738,-2641829318.4638262,2641829318.4638262,-27.065894195970994,
241,2024,United States,Canada,1001,24530233,,6,validation_2024_observed,13977401.198963135,-10552831.801036865,10552831.801036865,-43.019696555825071,
242,2024,United States,Canada,8703,15597579400,,6,validation_2024_observed,14441207451.437939,-1156371948.5620613,1156371948.5620613,-7.4137910691582141,
243,2024,United States,China,1001,676649911,,6,validation_2024_observed,334708144.65516961,-341941766.34483039,341941766.34483039,-50.534517301492762,
244,2024,United States,China,8703,5586660835,,6,validation_2024_observed,6627347168.5903044,1040686333.5903044,1040686333.5903044,18.628056442418782,
245,2024,United States,Germany,1001,4749,,6,validation_2024_observed,8147.0895517882309,3398.0895517882309,3398.0895517882309,71.553791362144253,
246,2024,United States,Germany,8703,7595825735,,6,validation_2024_observed,8608614058.7579651,1012788323.7579651,1012788323.7579651,13.333485510222348,
247,2024,United States,Japan,1001,633126270,,6,validation_2024_observed,615978825.39183962,-17147444.608160377,17147444.608160377,-2.7083767363120752,
248,2024,United States,Japan,8703,929137299,,6,validation_2024_observed,1230223949.6584053,301086650.6584053,301086650.6584053,32.404968671740441,
249,2024,United States,Mexico,1001,1070869870,,6,validation_2024_observed,900092312.32305229,-170777557.67694771,170777557.67694771,-15.947554643305793,
250,2024,United States,Mexico,8703,4561751943,,6,validation_2024_observed,4222300172.7890792,-339451770.21092081,339451770.21092081,-7.441258850819561,
251,2024,United States,United Kingdom,1001,11505,,6,validation_2024_observed,3756978.1467034738,3745473.1467034738,3745473.1467034738,32555.177285558228,
252,2024,United States,United Kingdom,8703,1224546537,,6,validation_2024_observed,1081475192.9518213,-143071344.04817867,143071344.04817867,-11.683618362000944,
253,2025,Canada,China,1001,,530862258.4581008,6,forecast_2025_unobserved,546219315.08279157,,,,15357056.624690771
254,2025,Canada,China,8703,,416554030.78198922,6,forecast_2025_unobserved,336991799.49372071,,,,-79562231.288268507
255,2025,Canada,Germany,1001,,894406.25562884973,6,forecast_2025_unobserved,980649.56904761796,,,,86243.31341876823
256,2025,Canada,Germany,8703,,92047862.460689306,6,forecast_2025_unobserved,101779730.9953765,,,,9731868.5346871912
257,2025,Canada,Japan,1001,,487208438.33307827,6,forecast_2025_unobserved,548244977.01853204,,,,61036538.685453773
258,2025,Canada,Japan,8703,,12108816.551532555,6,forecast_2025_unobserved,11162116.188000826,,,,-946700.36353172921
259,2025,Canada,Mexico,1001,,189363850.93000531,6,forecast_2025_unobserved,174418638.7632969,,,,-14945212.16670841
260,2025,Canada,Mexico,8703,,394397077.67651242,6,forecast_2025_unobserved,359320114.14255053,,,,-35076963.533961892
261,2025,Canada,United Kingdom,1001,,147767604.18687198,6,forecast_2025_unobserved,160442487.6513043,,,,12674883.464432329
262,2025,Canada,United Kingdom,8703,,6531988.7619951274,6,forecast_2025_unobserved,6438575.644216367,,,,-93413.117778760381
263,2025,Canada,United States,1001,,651030223.20705056,6,forecast_2025_unobserved,674474360.88634098,,,,23444137.679290414
264,2025,Canada,United States,8703,,29447181933.073902,6,forecast_2025_unobserved,23850441494.303581,,,,-5596740438.7703209
265,2025,China,Canada,1001,,0,6,forecast_2025_unobserved,0.26802297615087922,,,,0.26802297615087922
266,2025,China,Canada,8703,,1422965934.9739506,6,forecast_2025_unobserved,1456825419.2278364,,,,33859484.253885746
267,2025,China,Germany,1001,,4.7523657967247992,6,forecast_2025_unobserved,6.5968059064828113,,,,1.8444401097580121
268,2025,China,Germany,8703,,3546726622.2719927,6,forecast_2025_unobserved,3110612056.863615,,,,-436114565.40837765
269,2025,China,Japan,1001,,0,6,forecast_2025_unobserved,0.42599992219389543,,,,0.42599992219389543
270,2025,China,Japan,8703,,925453881.90290022,6,forecast_2025_unobserved,928633357.55206895,,,,3179475.6491687298
271,2025,China,Mexico,1001,,0,6,forecast_2025_unobserved,0.35763214501719814,,,,0.35763214501719814
272,2025,China,Mexico,8703,,4805417606.5950432,6,forecast_2025_unobserved,4263964368.006566,,,,-541453238.58847713
273,2025,China,United Kingdom,1001,,58717.620669989738,6,forecast_2025_unobserved,64354.002892507793,,,,5636.3822225180556
274,2025,China,United Kingdom,8703,,6182433384.1456623,6,forecast_2025_unobserved,4897379024.7791233,,,,-1285054359.366539
275,2025,China,United States,1001,,0,6,forecast_2025_unobserved,0.44104852140921752,,,,0.44104852140921752
276,2025,China,United States,8703,,3808519439.895184,6,forecast_2025_unobserved,4066443427.5120778,,,,257923987.61689377
277,2025,Germany,Canada,1001,,159353.01771488506,6,forecast_2025_unobserved,158154.92987339414,,,,-1198.0878414909239
278,2025,Germany,Canada,8703,,3185887126.3290038,6,forecast_2025_unobserved,2904579914.1731648,,,,-281307212.15583897
279,2025,Germany,China,1001,,0,6,forecast_2025_unobserved,0.56909098222248122,,,,0.56909098222248122
280,2025,Germany,China,8703,,13053502548.257113,6,forecast_2025_unobserved,11569204752.666985,,,,-1484297795.5901279
281,2025,Germany,Japan,1001,,32814.676020545317,6,forecast_2025_unobserved,37634.513810949196,,,,4819.8377904038789
282,2025,Germany,Japan,8703,,3985740064.5641351,6,forecast_2025_unobserved,3922146310.3700066,,,,-63593754.194128513
283,2025,Germany,Mexico,1001,,0,6,forecast_2025_unobserved,0.51372790907987809,,,,0.51372790907987809
284,2025,Germany,Mexico,8703,,881800888.08630931,6,forecast_2025_unobserved,1136983985.5030205,,,,255183097.41671121
285,2025,Germany,United Kingdom,1001,,241909176.87338209,6,forecast_2025_unobserved,225691218.20803654,,,,-16217958.66534555
286,2025,Germany,United Kingdom,8703,,16543983898.543367,6,forecast_2025_unobserved,15062226094.276159,,,,-1481757804.2672081
287,2025,Germany,United States,1001,,7436476.7670493107,6,forecast_2025_unobserved,7537858.1287275255,,,,101381.36167821474
288,2025,Germany,United States,8703,,34318821578.050293,6,forecast_2025_unobserved,27351414002.576244,,,,-6967407575.4740486
289,2025,Japan,Canada,1001,,0,6,forecast_2025_unobserved,0.27315930111671005,,,,0.27315930111671005
290,2025,Japan,Canada,8703,,5664394860.395853,6,forecast_2025_unobserved,5160381510.0885534,,,,-504013350.30729961
291,2025,Japan,China,1001,,0,6,forecast_2025_unobserved,0.51129483809921772,,,,0.51129483809921772
292,2025,Japan,China,8703,,6010737613.5248747,6,forecast_2025_unobserved,6581677917.2728291,,,,570940303.74795437
293,2025,Japan,Germany,1001,,0,6,forecast_2025_unobserved,0.29545383372083112,,,,0.29545383372083112
294,2025,Japan,Germany,8703,,2741869777.702445,6,forecast_2025_unobserved,2114503176.5725605,,,,-627366601.12988448
295,2025,Japan,Mexico,1001,,0,6,forecast_2025_unobserved,0.36577865915109642,,,,0.36577865915109642
296,2025,Japan,Mexico,8703,,1525557831.0587449,6,forecast_2025_unobserved,1480343610.5021608,,,,-45214220.55658412
297,2025,Japan,United Kingdom,1001,,0,6,forecast_2025_unobserved,0.32246944609161898,,,,0.32246944609161898
298,2025,Japan,United Kingdom,8703,,3696571751.6599798,6,forecast_2025_unobserved,3040029775.1462479,,,,-656541976.51373196
299,2025,Japan,United States,1001,,0,6,forecast_2025_unobserved,0.44969661850330089,,,,0.44969661850330089
300,2025,Japan,United States,8703,,35318692142.475571,6,forecast_2025_unobserved,39599220928.314003,,,,4280528785.8384323
301,2025,Mexico,Canada,1001,,18.51114957409418,6,forecast_2025_unobserved,22.881173500736349,,,,4.370023926642169
302,2025,Mexico,Canada,8703,,6538395537.5853796,6,forecast_2025_unobserved,5474632642.0051823,,,,-1063762895.5801973
303,2025,Mexico,China,1001,,2361.935663288386,6,forecast_2025_unobserved,2868.4794151792025,,,,506.54375189081657
304,2025,Mexico,China,8703,,230724417.27443409,6,forecast_2025_unobserved,274019212.31241834,,,,43294795.037984252
305,2025,Mexico,Germany,1001,,2.0606212328124478,6,forecast_2025_unobserved,2.8544726619864615,,,,0.79385142917401375
306,2025,Mexico,Germany,8703,,4343634911.1942692,6,forecast_2025_unobserved,3668268596.5466595,,,,-675366314.64760971
307,2025,Mexico,Japan,1001,,0,6,forecast_2025_unobserved,0.35415684928904084,,,,0.35415684928904084
308,2025,Mexico,Japan,8703,,467213585.10383087,6,forecast_2025_unobserved,416419938.65902746,,,,-50793646.444803417
309,2025,Mexico,United Kingdom,1001,,0,6,forecast_2025_unobserved,0.34087220332596463,,,,0.34087220332596463
310,2025,Mexico,United Kingdom,8703,,1206198894.8819969,6,forecast_2025_unobserved,1020138666.3184525,,,,-186060228.56354439
311,2025,Mexico,United States,1001,,301853.76440170285,6,forecast_2025_unobserved,317440.20274559874,,,,15586.43834389589
312,2025,Mexico,United States,8703,,52780466123.751282,6,forecast_2025_unobserved,47901277425.696144,,,,-4879188698.0551376
313,2025,United Kingdom,Canada,1001,,1713.0608292353788,6,forecast_2025_unobserved,2188.6193316500176,,,,475.55850241463872
314,2025,United Kingdom,Canada,8703,,550904513.15275657,6,forecast_2025_unobserved,626123661.00354159,,,,75219147.850785017
315,2025,United Kingdom,China,1001,,30482.86627624328,6,forecast_2025_unobserved,30430.576267555432,,,,-52.290008687847148
316,2025,United Kingdom,China,8703,,3762660597.360023,6,forecast_2025_unobserved,4133516097.3664846,,,,370855500.00646162
317,2025,United Kingdom,Germany,1001,,70311.122944354356,6,forecast_2025_unobserved,69940.672255027821,,,,-370.45068932653521
318,2025,United Kingdom,Germany,8703,,2710958224.364337,6,forecast_2025_unobserved,2444327795.0364771,,,,-266630429.32785988
319,2025,United Kingdom,Japan,1001,,2553.6291477024824,6,forecast_2025_unobserved,3272.7956343502979,,,,719.16648664781542
320,2025,United Kingdom,Japan,8703,,1098153473.6068299,6,forecast_2025_unobserved,1042993269.8971301,,,,-55160203.70969975
321,2025,United Kingdom,Mexico,1001,,0,6,forecast_2025_unobserved,0.46570304493500886,,,,0.46570304493500886
322,2025,United Kingdom,Mexico,8703,,223111631.07110319,6,forecast_2025_unobserved,232877639.61314398,,,,9766008.5420407951
323,2025,United Kingdom,United States,1001,,419717.73669214168,6,forecast_2025_unobserved,443953.91931793216,,,,24236.182625790476
324,2025,United Kingdom,United States,8703,,11524374951.343082,6,forecast_2025_unobserved,10044830041.67063,,,,-1479544909.6724529
325,2025,United States,Canada,1001,,20139638.853230141,6,forecast_2025_unobserved,22185392.750210766,,,,2045753.8969806246
326,2025,United States,Canada,8703,,14836726276.380745,6,forecast_2025_unobserved,14824579804.193382,,,,-12146472.187362671
327,2025,United States,China,1001,,615204885.68975282,6,forecast_2025_unobserved,595226396.93214333,,,,-19978488.757609487
328,2025,United States,China,8703,,5166890837.598218,6,forecast_2025_unobserved,5666207724.5433216,,,,499316886.94510365
329,2025,United States,Germany,1001,,4758.0761982454405,6,forecast_2025_unobserved,5648.9104619758218,,,,890.83426373038128
330,2025,United States,Germany,8703,,8934849485.0146999,6,forecast_2025_unobserved,7234952902.6101131,,,,-1699896582.4045868
331,2025,United States,Japan,1001,,533628343.01922303,6,forecast_2025_unobserved,530888144.77059031,,,,-2740198.2486327291
332,2025,United States,Japan,8703,,973881597.47265792,6,forecast_2025_unobserved,956903233.46311092,,,,-16978364.009546995
333,2025,United States,Mexico,1001,,979168570.91317141,6,forecast_2025_unobserved,939017155.68824124,,,,-40151415.224930167
334,2025,United States,Mexico,8703,,4915308212.8533888,6,forecast_2025_unobserved,4610516926.2486372,,,,-304791286.60475159
335,2025,United States,United Kingdom,1001,,10448.558931451713,6,forecast_2025_unobserved,13504.240747448204,,,,3055.6818159964914
336,2025,United States,United Kingdom,8703,,1056748860.3139788,6,forecast_2025_unobserved,1268434797.1646838,,,,211685936.85070503
