year,exporter,destination,exporter_iso3,destination_iso3,hs4_code,hs4_description,observed_exports_usd,distance_km,common_language,contiguity,external_supply_usd,external_demand_usd,world_external_demand_usd,trade_status,data_source,macro_year,data_status,exporter_gdp,exporter_population,exporter_manufacturing,exporter_internet,destination_gdp,destination_population,destination_manufacturing,destination_internet,covariate_status
2022,Canada,China,CAN,CHN,1001,Wheat and meslin.,1603329352,10428.4,0,0,5152604570,2704766362,70937372946,observed_baci_reconciled,BACI HS2022 V202601 Y2022; WDI 2026-07-13; CEPII GeoDist; CBSA T2026-2 label,2022,observed,2200562785046.3198,38950132,9.3244669541047607,94,18316765021690.199,1412175000,25.980669504308398,75.611316029999998,observed
2022,Canada,China,CAN,CHN,8703,"Motor cars and other motor vehicles principally designed for the transport of persons (other than those of heading 87.02), including station wagons and racing cars.",493145059,10428.4,0,0,1483035101,9453507757,561120842635,observed_baci_reconciled,BACI HS2022 V202601 Y2022; WDI 2026-07-13; CEPII GeoDist; CBSA T2026-2 label,2022,observed,2200562785046.3198,38950132,9.3244669541047607,94,18316765021690.199,1412175000,25.980669504308398,75.611316029999998,observed
2022,Canada,Germany,CAN,DEU,1001,Wheat and meslin.,8340064,6541.7139999999999,0,0,5152604570,1693437269,70937372946,observed_baci_reconciled,BACI HS2022 V202601 Y2022; WDI 2026-07-13; CEPII GeoDist; CBSA T2026-2 label,2022,observed,2200562785046.3198,38950132,9.3244669541047607,94,4201021706478.6201,83177813,18.321773504219902,91.629843829999999,observed
2022,Canada,Germany,CAN,DEU,8703,"Motor cars and other motor vehicles principally designed for the transport of persons (other than those of heading 87.02), including station wagons and racing cars.",173024896,6541.7139999999999,0,0,1483035101,53690103063,561120842635,observed_baci_reconciled,BACI HS2022 V202601 Y2022; WDI 2026-07-13; CEPII GeoDist; CBSA T2026-2 label,2022,observed,2200562785046.3198,38950132,9.3244669541047607,94,4201021706478.6201,83177813,18.321773504219902,91.629843829999999,observed
2022,Canada,Japan,CAN,JPN,1001,Wheat and meslin.,836132111,9756.4339999999993,0,0,5152604570,522930229,70937372946,observed_baci_reconciled,BACI HS2022 V202601 Y2022; WDI 2026-07-13; CEPII GeoDist; CBSA T2026-2 label,2022,observed,2200562785046.3198,38950132,9.3244669541047607,94,4447976207314.7803,125124989,18.823745436404099,84.923431469999997,observed
2022,Canada,Japan,CAN,JPN,8703,"Motor cars and other motor vehicles principally designed for the transport of persons (other than those of heading 87.02), including station wagons and racing cars.",23671130,9756.4339999999993,0,0,1483035101,5179368248,561120842635,observed_baci_reconciled,BACI HS2022 V202601 Y2022; WDI 2026-07-13; CEPII GeoDist; CBSA T2026-2 label,2022,observed,2200562785046.3198,38950132,9.3244669541047607,94,4447976207314.7803,125124989,18.823745436404099,84.923431469999997,observed
2022,Canada,Mexico,CAN,MEX,1001,Wheat and meslin.,194288498,3442.7750000000001,0,0,5152604570,43204993,70937372946,observed_baci_reconciled,BACI HS2022 V202601 Y2022; WDI 2026-07-13; CEPII GeoDist; CBSA T2026-2 label,2022,observed,2200562785046.3198,38950132,9.3244669541047607,94,1466934724243.3799,128613117,21.486470195039999,78.632178940000003,observed
2022,Canada,Mexico,CAN,MEX,8703,"Motor cars and other motor vehicles principally designed for the transport of persons (other than those of heading 87.02), including station wagons and racing cars.",306103450,3442.7750000000001,0,0,1483035101,3789879043,561120842635,observed_baci_reconciled,BACI HS2022 V202601 Y2022; WDI 2026-07-13; CEPII GeoDist; CBSA T2026-2 label,2022,observed,2200562785046.3198,38950132,9.3244669541047607,94,1466934724243.3799,128613117,21.486470195039999,78.632178940000003,observed
2022,Canada,United Kingdom,CAN,GBR,1001,Wheat and meslin.,240226916,5849.7719999999999,1,0,5152604570,290780369,70937372946,observed_baci_reconciled,BACI HS2022 V202601 Y2022; WDI 2026-07-13; CEPII GeoDist; CBSA T2026-2 label,2022,observed,2200562785046.3198,38950132,9.3244669541047607,94,3181244350465.4102,67636000,7.9613351523025004,95.465301510000003,observed
2022,Canada,United Kingdom,CAN,GBR,8703,"Motor cars and other motor vehicles principally designed for the transport of persons (other than those of heading 87.02), including station wagons and racing cars.",13653792,5849.7719999999999,1,0,1483035101,22323434379,561120842635,observed_baci_reconciled,BACI HS2022 V202601 Y2022; WDI 2026-07-13; CEPII GeoDist; CBSA T2026-2 label,2022,observed,2200562785046.3198,38950132,9.3244669541047607,94,3181244350465.4102,67636000,7.9613351523025004,95.465301510000003,observed
2022,Canada,United States,CAN,USA,1001,Wheat and meslin.,714525689,2079.297,1,1,5152604570,11020639,70937372946,observed_baci_reconciled,BACI HS2022 V202601 Y2022; WDI 2026-07-13; CEPII GeoDist; CBSA T2026-2 label,2022,observed,2200562785046.3198,38950132,9.3244669541047607,94,26054614000000,333996304,,92.728500370000006,missing destination_manufacturing
2022,Canada,United States,CAN,USA,8703,"Motor cars and other motor vehicles principally designed for the transport of persons (other than those of heading 87.02), including station wagons and racing cars.",26935101879,2079.297,1,1,1483035101,41575795519,561120842635,observed_baci_reconciled,BACI HS2022 V202601 Y2022; WDI 2026-07-13; CEPII GeoDist; CBSA T2026-2 label,2022,observed,2200562785046.3198,38950132,9.3244669541047607,94,26054614000000,333996304,,92.728500370000006,missing destination_manufacturing
2022,China,Canada,CHN,CAN,1001,Wheat and meslin.,3205,10428.4,0,0,11077408,1675445,70937372946,observed_baci_reconciled,BACI HS2022 V202601 Y2022; WDI 2026-07-13; CEPII GeoDist; CBSA T2026-2 label,2022,observed,18316765021690.199,1412175000,25.980669504308398,75.611316029999998,2200562785046.3198,38950132,9.3244669541047607,94,observed
2022,China,Canada,CHN,CAN,8703,"Motor cars and other motor vehicles principally designed for the transport of persons (other than those of heading 87.02), including station wagons and racing cars.",492775572,10428.4,0,0,29577917152,4737270445,561120842635,observed_baci_reconciled,BACI HS2022 V202601 Y2022; WDI 2026-07-13; CEPII GeoDist; CBSA T2026-2 label,2022,observed,18316765021690.199,1412175000,25.980669504308398,75.611316029999998,2200562785046.3198,38950132,9.3244669541047607,94,observed
2022,China,Germany,CHN,DEU,1001,Wheat and meslin.,4998,8031.6670000000004,0,0,11077408,1693437269,70937372946,observed_baci_reconciled,BACI HS2022 V202601 Y2022; WDI 2026-07-13; CEPII GeoDist; CBSA T2026-2 label,2022,observed,18316765021690.199,1412175000,25.980669504308398,75.611316029999998,4201021706478.6201,83177813,18.321773504219902,91.629843829999999,observed
2022,China,Germany,CHN,DEU,8703,"Motor cars and other motor vehicles principally designed for the transport of persons (other than those of heading 87.02), including station wagons and racing cars.",1566710844,8031.6670000000004,0,0,29577917152,53690103063,561120842635,observed_baci_reconciled,BACI HS2022 V202601 Y2022; WDI 2026-07-13; CEPII GeoDist; CBSA T2026-2 label,2022,observed,18316765021690.199,1412175000,25.980669504308398,75.611316029999998,4201021706478.6201,83177813,18.321773504219902,91.629843829999999,observed
2022,China,Japan,CHN,JPN,1001,Wheat and meslin.,0,1974.9680000000001,0,0,11077408,522930229,70937372946,baci_grid_zero,BACI HS2022 V202601 Y2022; WDI 2026-07-13; CEPII GeoDist; CBSA T2026-2 label,2022,observed,18316765021690.199,1412175000,25.980669504308398,75.611316029999998,4447976207314.7803,125124989,18.823745436404099,84.923431469999997,observed
2022,China,Japan,CHN,JPN,8703,"Motor cars and other motor vehicles principally designed for the transport of persons (other than those of heading 87.02), including station wagons and racing cars.",380371024,1974.9680000000001,0,0,29577917152,5179368248,561120842635,observed_baci_reconciled,BACI HS2022 V202601 Y2022; WDI 2026-07-13; CEPII GeoDist; CBSA T2026-2 label,2022,observed,18316765021690.199,1412175000,25.980669504308398,75.611316029999998,4447976207314.7803,125124989,18.823745436404099,84.923431469999997,observed
2022,China,Mexico,CHN,MEX,1001,Wheat and meslin.,0,12411.549999999999,0,0,11077408,43204993,70937372946,baci_grid_zero,BACI HS2022 V202601 Y2022; WDI 2026-07-13; CEPII GeoDist; CBSA T2026-2 label,2022,observed,18316765021690.199,1412175000,25.980669504308398,75.611316029999998,1466934724243.3799,128613117,21.486470195039999,78.632178940000003,observed
2022,China,Mexico,CHN,MEX,8703,"Motor cars and other motor vehicles principally designed for the transport of persons (other than those of heading 87.02), including station wagons and racing cars.",2278387435,12411.549999999999,0,0,29577917152,3789879043,561120842635,observed_baci_reconciled,BACI HS2022 V202601 Y2022; WDI 2026-07-13; CEPII GeoDist; CBSA T2026-2 label,2022,observed,18316765021690.199,1412175000,25.980669504308398,75.611316029999998,1466934724243.3799,128613117,21.486470195039999,78.632178940000003,observed
2022,China,United Kingdom,CHN,GBR,1001,Wheat and meslin.,121638,8539.1499999999996,0,0,11077408,290780369,70937372946,observed_baci_reconciled,BACI HS2022 V202601 Y2022; WDI 2026-07-13; CEPII GeoDist; CBSA T2026-2 label,2022,observed,18316765021690.199,1412175000,25.980669504308398,75.611316029999998,3181244350465.4102,67636000,7.9613351523025004,95.465301510000003,observed
2022,China,United Kingdom,CHN,GBR,8703,"Motor cars and other motor vehicles principally designed for the transport of persons (other than those of heading 87.02), including station wagons and racing cars.",4397568921,8539.1499999999996,0,0,29577917152,22323434379,561120842635,observed_baci_reconciled,BACI HS2022 V202601 Y2022; WDI 2026-07-13; CEPII GeoDist; CBSA T2026-2 label,2022,observed,18316765021690.199,1412175000,25.980669504308398,75.611316029999998,3181244350465.4102,67636000,7.9613351523025004,95.465301510000003,observed
2022,China,United States,CHN,USA,1001,Wheat and meslin.,0,11183.43,0,0,11077408,11020639,70937372946,baci_grid_zero,BACI HS2022 V202601 Y2022; WDI 2026-07-13; CEPII GeoDist; CBSA T2026-2 label,2022,observed,18316765021690.199,1412175000,25.980669504308398,75.611316029999998,26054614000000,333996304,,92.728500370000006,missing destination_manufacturing
2022,China,United States,CHN,USA,8703,"Motor cars and other motor vehicles principally designed for the transport of persons (other than those of heading 87.02), including station wagons and racing cars.",2573291295,11183.43,0,0,29577917152,41575795519,561120842635,observed_baci_reconciled,BACI HS2022 V202601 Y2022; WDI 2026-07-13; CEPII GeoDist; CBSA T2026-2 label,2022,observed,18316765021690.199,1412175000,25.980669504308398,75.611316029999998,26054614000000,333996304,,92.728500370000006,missing destination_manufacturing
2022,Germany,Canada,DEU,CAN,1001,Wheat and meslin.,1967,6541.7139999999999,0,0,2437894638,1675445,70937372946,observed_baci_reconciled,BACI HS2022 V202601 Y2022; WDI 2026-07-13; CEPII GeoDist; CBSA T2026-2 label,2022,observed,4201021706478.6201,83177813,18.321773504219902,91.629843829999999,2200562785046.3198,38950132,9.3244669541047607,94,observed
2022,Germany,Canada,DEU,CAN,8703,"Motor cars and other motor vehicles principally designed for the transport of persons (other than those of heading 87.02), including station wagons and racing cars.",2570897378,6541.7139999999999,0,0,93063514490,4737270445,561120842635,observed_baci_reconciled,BACI HS2022 V202601 Y2022; WDI 2026-07-13; CEPII GeoDist; CBSA T2026-2 label,2022,observed,4201021706478.6201,83177813,18.321773504219902,91.629843829999999,2200562785046.3198,38950132,9.3244669541047607,94,observed
2022,Germany,China,DEU,CHN,1001,Wheat and meslin.,0,8031.6670000000004,0,0,2437894638,2704766362,70937372946,baci_grid_zero,BACI HS2022 V202601 Y2022; WDI 2026-07-13; CEPII GeoDist; CBSA T2026-2 label,2022,observed,4201021706478.6201,83177813,18.321773504219902,91.629843829999999,18316765021690.199,1412175000,25.980669504308398,75.611316029999998,observed
2022,Germany,China,DEU,CHN,8703,"Motor cars and other motor vehicles principally designed for the transport of persons (other than those of heading 87.02), including station wagons and racing cars.",20603317479,8031.6670000000004,0,0,93063514490,9453507757,561120842635,observed_baci_reconciled,BACI HS2022 V202601 Y2022; WDI 2026-07-13; CEPII GeoDist; CBSA T2026-2 label,2022,observed,4201021706478.6201,83177813,18.321773504219902,91.629843829999999,18316765021690.199,1412175000,25.980669504308398,75.611316029999998,observed
2022,Germany,Japan,DEU,JPN,1001,Wheat and meslin.,66536,9086.0370000000003,0,0,2437894638,522930229,70937372946,observed_baci_reconciled,BACI HS2022 V202601 Y2022; WDI 2026-07-13; CEPII GeoDist; CBSA T2026-2 label,2022,observed,4201021706478.6201,83177813,18.321773504219902,91.629843829999999,4447976207314.7803,125124989,18.823745436404099,84.923431469999997,observed
2022,Germany,Japan,DEU,JPN,8703,"Motor cars and other motor vehicles principally designed for the transport of persons (other than those of heading 87.02), including station wagons and racing cars.",3689267263,9086.0370000000003,0,0,93063514490,5179368248,561120842635,observed_baci_reconciled,BACI HS2022 V202601 Y2022; WDI 2026-07-13; CEPII GeoDist; CBSA T2026-2 label,2022,observed,4201021706478.6201,83177813,18.321773504219902,91.629843829999999,4447976207314.7803,125124989,18.823745436404099,84.923431469999997,observed
2022,Germany,Mexico,DEU,MEX,1001,Wheat and meslin.,0,9475.768,0,0,2437894638,43204993,70937372946,baci_grid_zero,BACI HS2022 V202601 Y2022; WDI 2026-07-13; CEPII GeoDist; CBSA T2026-2 label,2022,observed,4201021706478.6201,83177813,18.321773504219902,91.629843829999999,1466934724243.3799,128613117,21.486470195039999,78.632178940000003,observed
2022,Germany,Mexico,DEU,MEX,8703,"Motor cars and other motor vehicles principally designed for the transport of persons (other than those of heading 87.02), including station wagons and racing cars.",649594929,9475.768,0,0,93063514490,3789879043,561120842635,observed_baci_reconciled,BACI HS2022 V202601 Y2022; WDI 2026-07-13; CEPII GeoDist; CBSA T2026-2 label,2022,observed,4201021706478.6201,83177813,18.321773504219902,91.629843829999999,1466934724243.3799,128613117,21.486470195039999,78.632178940000003,observed
2022,Germany,United Kingdom,DEU,GBR,1001,Wheat and meslin.,116225023,808.64099999999996,0,0,2437894638,290780369,70937372946,observed_baci_reconciled,BACI HS2022 V202601 Y2022; WDI 2026-07-13; CEPII GeoDist; CBSA T2026-2 label,2022,observed,4201021706478.6201,83177813,18.321773504219902,91.629843829999999,3181244350465.4102,67636000,7.9613351523025004,95.465301510000003,observed
2022,Germany,United Kingdom,DEU,GBR,8703,"Motor cars and other motor vehicles principally designed for the transport of persons (other than those of heading 87.02), including station wagons and racing cars.",12394393676,808.64099999999996,0,0,93063514490,22323434379,561120842635,observed_baci_reconciled,BACI HS2022 V202601 Y2022; WDI 2026-07-13; CEPII GeoDist; CBSA T2026-2 label,2022,observed,4201021706478.6201,83177813,18.321773504219902,91.629843829999999,3181244350465.4102,67636000,7.9613351523025004,95.465301510000003,observed
2022,Germany,United States,DEU,USA,1001,Wheat and meslin.,18600,7595.4520000000002,0,0,2437894638,11020639,70937372946,observed_baci_reconciled,BACI HS2022 V202601 Y2022; WDI 2026-07-13; CEPII GeoDist; CBSA T2026-2 label,2022,observed,4201021706478.6201,83177813,18.321773504219902,91.629843829999999,26054614000000,333996304,,92.728500370000006,missing destination_manufacturing
2022,Germany,United States,DEU,USA,8703,"Motor cars and other motor vehicles principally designed for the transport of persons (other than those of heading 87.02), including station wagons and racing cars.",23266770397,7595.4520000000002,0,0,93063514490,41575795519,561120842635,observed_baci_reconciled,BACI HS2022 V202601 Y2022; WDI 2026-07-13; CEPII GeoDist; CBSA T2026-2 label,2022,observed,4201021706478.6201,83177813,18.321773504219902,91.629843829999999,26054614000000,333996304,,92.728500370000006,missing destination_manufacturing
2022,Japan,Canada,JPN,CAN,1001,Wheat and meslin.,0,9756.4339999999993,0,0,342163,1675445,70937372946,baci_grid_zero,BACI HS2022 V202601 Y2022; WDI 2026-07-13; CEPII GeoDist; CBSA T2026-2 label,2022,observed,4447976207314.7803,125124989,18.823745436404099,84.923431469999997,2200562785046.3198,38950132,9.3244669541047607,94,observed
2022,Japan,Canada,JPN,CAN,8703,"Motor cars and other motor vehicles principally designed for the transport of persons (other than those of heading 87.02), including station wagons and racing cars.",3077310774,9756.4339999999993,0,0,43323591476,4737270445,561120842635,observed_baci_reconciled,BACI HS2022 V202601 Y2022; WDI 2026-07-13; CEPII GeoDist; CBSA T2026-2 label,2022,observed,4447976207314.7803,125124989,18.823745436404099,84.923431469999997,2200562785046.3198,38950132,9.3244669541047607,94,observed
2022,Japan,China,JPN,CHN,1001,Wheat and meslin.,52,1974.9680000000001,0,0,342163,2704766362,70937372946,observed_baci_reconciled,BACI HS2022 V202601 Y2022; WDI 2026-07-13; CEPII GeoDist; CBSA T2026-2 label,2022,observed,4447976207314.7803,125124989,18.823745436404099,84.923431469999997,18316765021690.199,1412175000,25.980669504308398,75.611316029999998,observed
2022,Japan,China,JPN,CHN,8703,"Motor cars and other motor vehicles principally designed for the transport of persons (other than those of heading 87.02), including station wagons and racing cars.",9215455168,1974.9680000000001,0,0,43323591476,9453507757,561120842635,observed_baci_reconciled,BACI HS2022 V202601 Y2022; WDI 2026-07-13; CEPII GeoDist; CBSA T2026-2 label,2022,observed,4447976207314.7803,125124989,18.823745436404099,84.923431469999997,18316765021690.199,1412175000,25.980669504308398,75.611316029999998,observed
2022,Japan,Germany,JPN,DEU,1001,Wheat and meslin.,0,9086.0370000000003,0,0,342163,1693437269,70937372946,baci_grid_zero,BACI HS2022 V202601 Y2022; WDI 2026-07-13; CEPII GeoDist; CBSA T2026-2 label,2022,observed,4447976207314.7803,125124989,18.823745436404099,84.923431469999997,4201021706478.6201,83177813,18.321773504219902,91.629843829999999,observed
2022,Japan,Germany,JPN,DEU,8703,"Motor cars and other motor vehicles principally designed for the transport of persons (other than those of heading 87.02), including station wagons and racing cars.",1881643344,9086.0370000000003,0,0,43323591476,53690103063,561120842635,observed_baci_reconciled,BACI HS2022 V202601 Y2022; WDI 2026-07-13; CEPII GeoDist; CBSA T2026-2 label,2022,observed,4447976207314.7803,125124989,18.823745436404099,84.923431469999997,4201021706478.6201,83177813,18.321773504219902,91.629843829999999,observed
2022,Japan,Mexico,JPN,MEX,1001,Wheat and meslin.,0,11098.870000000001,0,0,342163,43204993,70937372946,baci_grid_zero,BACI HS2022 V202601 Y2022; WDI 2026-07-13; CEPII GeoDist; CBSA T2026-2 label,2022,observed,4447976207314.7803,125124989,18.823745436404099,84.923431469999997,1466934724243.3799,128613117,21.486470195039999,78.632178940000003,observed
2022,Japan,Mexico,JPN,MEX,8703,"Motor cars and other motor vehicles principally designed for the transport of persons (other than those of heading 87.02), including station wagons and racing cars.",1120275201,11098.870000000001,0,0,43323591476,3789879043,561120842635,observed_baci_reconciled,BACI HS2022 V202601 Y2022; WDI 2026-07-13; CEPII GeoDist; CBSA T2026-2 label,2022,observed,4447976207314.7803,125124989,18.823745436404099,84.923431469999997,1466934724243.3799,128613117,21.486470195039999,78.632178940000003,observed
2022,Japan,United Kingdom,JPN,GBR,1001,Wheat and meslin.,0,9436.2479999999996,0,0,342163,290780369,70937372946,baci_grid_zero,BACI HS2022 V202601 Y2022; WDI 2026-07-13; CEPII GeoDist; CBSA T2026-2 label,2022,observed,4447976207314.7803,125124989,18.823745436404099,84.923431469999997,3181244350465.4102,67636000,7.9613351523025004,95.465301510000003,observed
2022,Japan,United Kingdom,JPN,GBR,8703,"Motor cars and other motor vehicles principally designed for the transport of persons (other than those of heading 87.02), including station wagons and racing cars.",1996552869,9436.2479999999996,0,0,43323591476,22323434379,561120842635,observed_baci_reconciled,BACI HS2022 V202601 Y2022; WDI 2026-07-13; CEPII GeoDist; CBSA T2026-2 label,2022,observed,4447976207314.7803,125124989,18.823745436404099,84.923431469999997,3181244350465.4102,67636000,7.9613351523025004,95.465301510000003,observed
2022,Japan,United States,JPN,USA,1001,Wheat and meslin.,0,10286.190000000001,0,0,342163,11020639,70937372946,baci_grid_zero,BACI HS2022 V202601 Y2022; WDI 2026-07-13; CEPII GeoDist; CBSA T2026-2 label,2022,observed,4447976207314.7803,125124989,18.823745436404099,84.923431469999997,26054614000000,333996304,,92.728500370000006,missing destination_manufacturing
2022,Japan,United States,JPN,USA,8703,"Motor cars and other motor vehicles principally designed for the transport of persons (other than those of heading 87.02), including station wagons and racing cars.",33302118748,10286.190000000001,0,0,43323591476,41575795519,561120842635,observed_baci_reconciled,BACI HS2022 V202601 Y2022; WDI 2026-07-13; CEPII GeoDist; CBSA T2026-2 label,2022,observed,4447976207314.7803,125124989,18.823745436404099,84.923431469999997,26054614000000,333996304,,92.728500370000006,missing destination_manufacturing
2022,Mexico,Canada,MEX,CAN,1001,Wheat and meslin.,199,3442.7750000000001,0,0,80835004,1675445,70937372946,observed_baci_reconciled,BACI HS2022 V202601 Y2022; WDI 2026-07-13; CEPII GeoDist; CBSA T2026-2 label,2022,observed,1466934724243.3799,128613117,21.486470195039999,78.632178940000003,2200562785046.3198,38950132,9.3244669541047607,94,observed
2022,Mexico,Canada,MEX,CAN,8703,"Motor cars and other motor vehicles principally designed for the transport of persons (other than those of heading 87.02), including station wagons and racing cars.",3879703672,3442.7750000000001,0,0,6131055805,4737270445,561120842635,observed_baci_reconciled,BACI HS2022 V202601 Y2022; WDI 2026-07-13; CEPII GeoDist; CBSA T2026-2 label,2022,observed,1466934724243.3799,128613117,21.486470195039999,78.632178940000003,2200562785046.3198,38950132,9.3244669541047607,94,observed
2022,Mexico,China,MEX,CHN,1001,Wheat and meslin.,829,12411.549999999999,0,0,80835004,2704766362,70937372946,observed_baci_reconciled,BACI HS2022 V202601 Y2022; WDI 2026-07-13; CEPII GeoDist; CBSA T2026-2 label,2022,observed,1466934724243.3799,128613117,21.486470195039999,78.632178940000003,18316765021690.199,1412175000,25.980669504308398,75.611316029999998,observed
2022,Mexico,China,MEX,CHN,8703,"Motor cars and other motor vehicles principally designed for the transport of persons (other than those of heading 87.02), including station wagons and racing cars.",353283286,12411.549999999999,0,0,6131055805,9453507757,561120842635,observed_baci_reconciled,BACI HS2022 V202601 Y2022; WDI 2026-07-13; CEPII GeoDist; CBSA T2026-2 label,2022,observed,1466934724243.3799,128613117,21.486470195039999,78.632178940000003,18316765021690.199,1412175000,25.980669504308398,75.611316029999998,observed
2022,Mexico,Germany,MEX,DEU,1001,Wheat and meslin.,0,9475.768,0,0,80835004,1693437269,70937372946,baci_grid_zero,BACI HS2022 V202601 Y2022; WDI 2026-07-13; CEPII GeoDist; CBSA T2026-2 label,2022,observed,1466934724243.3799,128613117,21.486470195039999,78.632178940000003,4201021706478.6201,83177813,18.321773504219902,91.629843829999999,observed
2022,Mexico,Germany,MEX,DEU,8703,"Motor cars and other motor vehicles principally designed for the transport of persons (other than those of heading 87.02), including station wagons and racing cars.",4286460449,9475.768,0,0,6131055805,53690103063,561120842635,observed_baci_reconciled,BACI HS2022 V202601 Y2022; WDI 2026-07-13; CEPII GeoDist; CBSA T2026-2 label,2022,observed,1466934724243.3799,128613117,21.486470195039999,78.632178940000003,4201021706478.6201,83177813,18.321773504219902,91.629843829999999,observed
2022,Mexico,Japan,MEX,JPN,1001,Wheat and meslin.,0,11098.870000000001,0,0,80835004,522930229,70937372946,baci_grid_zero,BACI HS2022 V202601 Y2022; WDI 2026-07-13; CEPII GeoDist; CBSA T2026-2 label,2022,observed,1466934724243.3799,128613117,21.486470195039999,78.632178940000003,4447976207314.7803,125124989,18.823745436404099,84.923431469999997,observed
2022,Mexico,Japan,MEX,JPN,8703,"Motor cars and other motor vehicles principally designed for the transport of persons (other than those of heading 87.02), including station wagons and racing cars.",400043639,11098.870000000001,0,0,6131055805,5179368248,561120842635,observed_baci_reconciled,BACI HS2022 V202601 Y2022; WDI 2026-07-13; CEPII GeoDist; CBSA T2026-2 label,2022,observed,1466934724243.3799,128613117,21.486470195039999,78.632178940000003,4447976207314.7803,125124989,18.823745436404099,84.923431469999997,observed
2022,Mexico,United Kingdom,MEX,GBR,1001,Wheat and meslin.,0,8734.4879999999994,0,0,80835004,290780369,70937372946,baci_grid_zero,BACI HS2022 V202601 Y2022; WDI 2026-07-13; CEPII GeoDist; CBSA T2026-2 label,2022,observed,1466934724243.3799,128613117,21.486470195039999,78.632178940000003,3181244350465.4102,67636000,7.9613351523025004,95.465301510000003,observed
2022,Mexico,United Kingdom,MEX,GBR,8703,"Motor cars and other motor vehicles principally designed for the transport of persons (other than those of heading 87.02), including station wagons and racing cars.",1034444446,8734.4879999999994,0,0,6131055805,22323434379,561120842635,observed_baci_reconciled,BACI HS2022 V202601 Y2022; WDI 2026-07-13; CEPII GeoDist; CBSA T2026-2 label,2022,observed,1466934724243.3799,128613117,21.486470195039999,78.632178940000003,3181244350465.4102,67636000,7.9613351523025004,95.465301510000003,observed
2022,Mexico,United States,MEX,USA,1001,Wheat and meslin.,472138,2468.4050000000002,0,1,80835004,11020639,70937372946,observed_baci_reconciled,BACI HS2022 V202601 Y2022; WDI 2026-07-13; CEPII GeoDist; CBSA T2026-2 label,2022,observed,1466934724243.3799,128613117,21.486470195039999,78.632178940000003,26054614000000,333996304,,92.728500370000006,missing destination_manufacturing
2022,Mexico,United States,MEX,USA,8703,"Motor cars and other motor vehicles principally designed for the transport of persons (other than those of heading 87.02), including station wagons and racing cars.",36382813669,2468.4050000000002,0,1,6131055805,41575795519,561120842635,observed_baci_reconciled,BACI HS2022 V202601 Y2022; WDI 2026-07-13; CEPII GeoDist; CBSA T2026-2 label,2022,observed,1466934724243.3799,128613117,21.486470195039999,78.632178940000003,26054614000000,333996304,,92.728500370000006,missing destination_manufacturing
2022,United Kingdom,Canada,GBR,CAN,1001,Wheat and meslin.,60801,5849.7719999999999,1,0,414906903,1675445,70937372946,observed_baci_reconciled,BACI HS2022 V202601 Y2022; WDI 2026-07-13; CEPII GeoDist; CBSA T2026-2 label,2022,observed,3181244350465.4102,67636000,7.9613351523025004,95.465301510000003,2200562785046.3198,38950132,9.3244669541047607,94,observed
2022,United Kingdom,Canada,GBR,CAN,8703,"Motor cars and other motor vehicles principally designed for the transport of persons (other than those of heading 87.02), including station wagons and racing cars.",528484630,5849.7719999999999,1,0,14089846602,4737270445,561120842635,observed_baci_reconciled,BACI HS2022 V202601 Y2022; WDI 2026-07-13; CEPII GeoDist; CBSA T2026-2 label,2022,observed,3181244350465.4102,67636000,7.9613351523025004,95.465301510000003,2200562785046.3198,38950132,9.3244669541047607,94,observed
2022,United Kingdom,China,GBR,CHN,1001,Wheat and meslin.,1418,8539.1499999999996,0,0,414906903,2704766362,70937372946,observed_baci_reconciled,BACI HS2022 V202601 Y2022; WDI 2026-07-13; CEPII GeoDist; CBSA T2026-2 label,2022,observed,3181244350465.4102,67636000,7.9613351523025004,95.465301510000003,18316765021690.199,1412175000,25.980669504308398,75.611316029999998,observed
2022,United Kingdom,China,GBR,CHN,8703,"Motor cars and other motor vehicles principally designed for the transport of persons (other than those of heading 87.02), including station wagons and racing cars.",4173646899,8539.1499999999996,0,0,14089846602,9453507757,561120842635,observed_baci_reconciled,BACI HS2022 V202601 Y2022; WDI 2026-07-13; CEPII GeoDist; CBSA T2026-2 label,2022,observed,3181244350465.4102,67636000,7.9613351523025004,95.465301510000003,18316765021690.199,1412175000,25.980669504308398,75.611316029999998,observed
2022,United Kingdom,Germany,GBR,DEU,1001,Wheat and meslin.,11440,808.64099999999996,0,0,414906903,1693437269,70937372946,observed_baci_reconciled,BACI HS2022 V202601 Y2022; WDI 2026-07-13; CEPII GeoDist; CBSA T2026-2 label,2022,observed,3181244350465.4102,67636000,7.9613351523025004,95.465301510000003,4201021706478.6201,83177813,18.321773504219902,91.629843829999999,observed
2022,United Kingdom,Germany,GBR,DEU,8703,"Motor cars and other motor vehicles principally designed for the transport of persons (other than those of heading 87.02), including station wagons and racing cars.",2527077674,808.64099999999996,0,0,14089846602,53690103063,561120842635,observed_baci_reconciled,BACI HS2022 V202601 Y2022; WDI 2026-07-13; CEPII GeoDist; CBSA T2026-2 label,2022,observed,3181244350465.4102,67636000,7.9613351523025004,95.465301510000003,4201021706478.6201,83177813,18.321773504219902,91.629843829999999,observed
2022,United Kingdom,Japan,GBR,JPN,1001,Wheat and meslin.,0,9436.2479999999996,0,0,414906903,522930229,70937372946,baci_grid_zero,BACI HS2022 V202601 Y2022; WDI 2026-07-13; CEPII GeoDist; CBSA T2026-2 label,2022,observed,3181244350465.4102,67636000,7.9613351523025004,95.465301510000003,4447976207314.7803,125124989,18.823745436404099,84.923431469999997,observed
2022,United Kingdom,Japan,GBR,JPN,8703,"Motor cars and other motor vehicles principally designed for the transport of persons (other than those of heading 87.02), including station wagons and racing cars.",739699763,9436.2479999999996,0,0,14089846602,5179368248,561120842635,observed_baci_reconciled,BACI HS2022 V202601 Y2022; WDI 2026-07-13; CEPII GeoDist; CBSA T2026-2 label,2022,observed,3181244350465.4102,67636000,7.9613351523025004,95.465301510000003,4447976207314.7803,125124989,18.823745436404099,84.923431469999997,observed
2022,United Kingdom,Mexico,GBR,MEX,1001,Wheat and meslin.,0,8734.4889999999996,0,0,414906903,43204993,70937372946,baci_grid_zero,BACI HS2022 V202601 Y2022; WDI 2026-07-13; CEPII GeoDist; CBSA T2026-2 label,2022,observed,3181244350465.4102,67636000,7.9613351523025004,95.465301510000003,1466934724243.3799,128613117,21.486470195039999,78.632178940000003,observed
2022,United Kingdom,Mexico,GBR,MEX,8703,"Motor cars and other motor vehicles principally designed for the transport of persons (other than those of heading 87.02), including station wagons and racing cars.",132403248,8734.4889999999996,0,0,14089846602,3789879043,561120842635,observed_baci_reconciled,BACI HS2022 V202601 Y2022; WDI 2026-07-13; CEPII GeoDist; CBSA T2026-2 label,2022,observed,3181244350465.4102,67636000,7.9613351523025004,95.465301510000003,1466934724243.3799,128613117,21.486470195039999,78.632178940000003,observed
2022,United Kingdom,United States,GBR,USA,1001,Wheat and meslin.,102660,6878.4930000000004,1,0,414906903,11020639,70937372946,observed_baci_reconciled,BACI HS2022 V202601 Y2022; WDI 2026-07-13; CEPII GeoDist; CBSA T2026-2 label,2022,observed,3181244350465.4102,67636000,7.9613351523025004,95.465301510000003,26054614000000,333996304,,92.728500370000006,missing destination_manufacturing
2022,United Kingdom,United States,GBR,USA,8703,"Motor cars and other motor vehicles principally designed for the transport of persons (other than those of heading 87.02), including station wagons and racing cars.",6770953814,6878.4930000000004,1,0,14089846602,41575795519,561120842635,observed_baci_reconciled,BACI HS2022 V202601 Y2022; WDI 2026-07-13; CEPII GeoDist; CBSA T2026-2 label,2022,observed,3181244350465.4102,67636000,7.9613351523025004,95.465301510000003,26054614000000,333996304,,92.728500370000006,missing destination_manufacturing
2022,United States,Canada,USA,CAN,1001,Wheat and meslin.,28785161,2079.297,1,1,6273173560,1675445,70937372946,observed_baci_reconciled,BACI HS2022 V202601 Y2022; WDI 2026-07-13; CEPII GeoDist; CBSA T2026-2 label,2022,observed,26054614000000,333996304,,92.728500370000006,2200562785046.3198,38950132,9.3244669541047607,94,missing exporter_manufacturing
2022,United States,Canada,USA,CAN,8703,"Motor cars and other motor vehicles principally designed for the transport of persons (other than those of heading 87.02), including station wagons and racing cars.",17366950376,2079.297,1,1,23927540288,4737270445,561120842635,observed_baci_reconciled,BACI HS2022 V202601 Y2022; WDI 2026-07-13; CEPII GeoDist; CBSA T2026-2 label,2022,observed,26054614000000,333996304,,92.728500370000006,2200562785046.3198,38950132,9.3244669541047607,94,missing exporter_manufacturing
2022,United States,China,USA,CHN,1001,Wheat and meslin.,403969461,11183.43,0,0,6273173560,2704766362,70937372946,observed_baci_reconciled,BACI HS2022 V202601 Y2022; WDI 2026-07-13; CEPII GeoDist; CBSA T2026-2 label,2022,observed,26054614000000,333996304,,92.728500370000006,18316765021690.199,1412175000,25.980669504308398,75.611316029999998,missing exporter_manufacturing
2022,United States,China,USA,CHN,8703,"Motor cars and other motor vehicles principally designed for the transport of persons (other than those of heading 87.02), including station wagons and racing cars.",5387508478,11183.43,0,0,23927540288,9453507757,561120842635,observed_baci_reconciled,BACI HS2022 V202601 Y2022; WDI 2026-07-13; CEPII GeoDist; CBSA T2026-2 label,2022,observed,26054614000000,333996304,,92.728500370000006,18316765021690.199,1412175000,25.980669504308398,75.611316029999998,missing exporter_manufacturing
2022,United States,Germany,USA,DEU,1001,Wheat and meslin.,46138,7595.4520000000002,0,0,6273173560,1693437269,70937372946,observed_baci_reconciled,BACI HS2022 V202601 Y2022; WDI 2026-07-13; CEPII GeoDist; CBSA T2026-2 label,2022,observed,26054614000000,333996304,,92.728500370000006,4201021706478.6201,83177813,18.321773504219902,91.629843829999999,missing exporter_manufacturing
2022,United States,Germany,USA,DEU,8703,"Motor cars and other motor vehicles principally designed for the transport of persons (other than those of heading 87.02), including station wagons and racing cars.",7207390139,7595.4520000000002,0,0,23927540288,53690103063,561120842635,observed_baci_reconciled,BACI HS2022 V202601 Y2022; WDI 2026-07-13; CEPII GeoDist; CBSA T2026-2 label,2022,observed,26054614000000,333996304,,92.728500370000006,4201021706478.6201,83177813,18.321773504219902,91.629843829999999,missing exporter_manufacturing
2022,United States,Japan,USA,JPN,1001,Wheat and meslin.,1004152250,10286.190000000001,0,0,6273173560,522930229,70937372946,observed_baci_reconciled,BACI HS2022 V202601 Y2022; WDI 2026-07-13; CEPII GeoDist; CBSA T2026-2 label,2022,observed,26054614000000,333996304,,92.728500370000006,4447976207314.7803,125124989,18.823745436404099,84.923431469999997,missing exporter_manufacturing
2022,United States,Japan,USA,JPN,8703,"Motor cars and other motor vehicles principally designed for the transport of persons (other than those of heading 87.02), including station wagons and racing cars.",853339451,10286.190000000001,0,0,23927540288,5179368248,561120842635,observed_baci_reconciled,BACI HS2022 V202601 Y2022; WDI 2026-07-13; CEPII GeoDist; CBSA T2026-2 label,2022,observed,26054614000000,333996304,,92.728500370000006,4447976207314.7803,125124989,18.823745436404099,84.923431469999997,missing exporter_manufacturing
2022,United States,Mexico,USA,MEX,1001,Wheat and meslin.,1301822725,2468.4050000000002,0,1,6273173560,43204993,70937372946,observed_baci_reconciled,BACI HS2022 V202601 Y2022; WDI 2026-07-13; CEPII GeoDist; CBSA T2026-2 label,2022,observed,26054614000000,333996304,,92.728500370000006,1466934724243.3799,128613117,21.486470195039999,78.632178940000003,missing exporter_manufacturing
2022,United States,Mexico,USA,MEX,8703,"Motor cars and other motor vehicles principally designed for the transport of persons (other than those of heading 87.02), including station wagons and racing cars.",3346538590,2468.4050000000002,0,1,23927540288,3789879043,561120842635,observed_baci_reconciled,BACI HS2022 V202601 Y2022; WDI 2026-07-13; CEPII GeoDist; CBSA T2026-2 label,2022,observed,26054614000000,333996304,,92.728500370000006,1466934724243.3799,128613117,21.486470195039999,78.632178940000003,missing exporter_manufacturing
2022,United States,United Kingdom,USA,GBR,1001,Wheat and meslin.,4594397,6878.4939999999997,1,0,6273173560,290780369,70937372946,observed_baci_reconciled,BACI HS2022 V202601 Y2022; WDI 2026-07-13; CEPII GeoDist; CBSA T2026-2 label,2022,observed,26054614000000,333996304,,92.728500370000006,3181244350465.4102,67636000,7.9613351523025004,95.465301510000003,missing exporter_manufacturing
2022,United States,United Kingdom,USA,GBR,8703,"Motor cars and other motor vehicles principally designed for the transport of persons (other than those of heading 87.02), including station wagons and racing cars.",1267655554,6878.4939999999997,1,0,23927540288,22323434379,561120842635,observed_baci_reconciled,BACI HS2022 V202601 Y2022; WDI 2026-07-13; CEPII GeoDist; CBSA T2026-2 label,2022,observed,26054614000000,333996304,,92.728500370000006,3181244350465.4102,67636000,7.9613351523025004,95.465301510000003,missing exporter_manufacturing
2023,Canada,China,CAN,CHN,1001,Wheat and meslin.,762849818,10428.4,0,0,6753205738,2833428973,62437551837,observed_baci_reconciled,BACI HS2022 V202601 Y2023; WDI 2026-07-13; CEPII GeoDist; CBSA T2026-2 label,2023,observed,2196593836347.4199,40049088,,94.14530182,18270356654533.199,1410710000,25.014426792998702,90.599999999999994,missing exporter_manufacturing
2023,Canada,China,CAN,CHN,8703,"Motor cars and other motor vehicles principally designed for the transport of persons (other than those of heading 87.02), including station wagons and racing cars.",472711690,10428.4,0,0,1656942002,8150181491,709738788867,observed_baci_reconciled,BACI HS2022 V202601 Y2023; WDI 2026-07-13; CEPII GeoDist; CBSA T2026-2 label,2023,observed,2196593836347.4199,40049088,,94.14530182,18270356654533.199,1410710000,25.014426792998702,90.599999999999994,missing exporter_manufacturing
2023,Canada,Germany,CAN,DEU,1001,Wheat and meslin.,3222402,6541.7139999999999,0,0,6753205738,1644854126,62437551837,observed_baci_reconciled,BACI HS2022 V202601 Y2023; WDI 2026-07-13; CEPII GeoDist; CBSA T2026-2 label,2023,observed,2196593836347.4199,40049088,,94.14530182,4562207532490.2803,83287273,18.940253264159299,92.476376299999998,missing exporter_manufacturing
2023,Canada,Germany,CAN,DEU,8703,"Motor cars and other motor vehicles principally designed for the transport of persons (other than those of heading 87.02), including station wagons and racing cars.",113517620,6541.7139999999999,0,0,1656942002,55535993621,709738788867,observed_baci_reconciled,BACI HS2022 V202601 Y2023; WDI 2026-07-13; CEPII GeoDist; CBSA T2026-2 label,2023,observed,2196593836347.4199,40049088,,94.14530182,4562207532490.2803,83287273,18.940253264159299,92.476376299999998,missing exporter_manufacturing
2023,Canada,Japan,CAN,JPN,1001,Wheat and meslin.,707985427,9756.4339999999993,0,0,6753205738,404968379,62437551837,observed_baci_reconciled,BACI HS2022 V202601 Y2023; WDI 2026-07-13; CEPII GeoDist; CBSA T2026-2 label,2023,observed,2196593836347.4199,40049088,,94.14530182,4384854269961.9302,124516650,19.488290400027299,85.009902949999997,missing exporter_manufacturing
2023,Canada,Japan,CAN,JPN,8703,"Motor cars and other motor vehicles principally designed for the transport of persons (other than those of heading 87.02), including station wagons and racing cars.",24174594,9756.4339999999993,0,0,1656942002,5504625226,709738788867,observed_baci_reconciled,BACI HS2022 V202601 Y2023; WDI 2026-07-13; CEPII GeoDist; CBSA T2026-2 label,2023,observed,2196593836347.4199,40049088,,94.14530182,4384854269961.9302,124516650,19.488290400027299,85.009902949999997,missing exporter_manufacturing
2023,Canada,Mexico,CAN,MEX,1001,Wheat and meslin.,264496531,3442.7750000000001,0,0,6753205738,349265147,62437551837,observed_baci_reconciled,BACI HS2022 V202601 Y2023; WDI 2026-07-13; CEPII GeoDist; CBSA T2026-2 label,2023,observed,2196593836347.4199,40049088,,94.14530182,1794410347718.25,129739759,20.465129053716399,81.18318755,missing exporter_manufacturing
2023,Canada,Mexico,CAN,MEX,8703,"Motor cars and other motor vehicles principally designed for the transport of persons (other than those of heading 87.02), including station wagons and racing cars.",374072438,3442.7750000000001,0,0,1656942002,5473004474,709738788867,observed_baci_reconciled,BACI HS2022 V202601 Y2023; WDI 2026-07-13; CEPII GeoDist; CBSA T2026-2 label,2023,observed,2196593836347.4199,40049088,,94.14530182,1794410347718.25,129739759,20.465129053716399,81.18318755,missing exporter_manufacturing
2023,Canada,United Kingdom,CAN,GBR,1001,Wheat and meslin.,217501517,5849.7719999999999,1,0,6753205738,181425769,62437551837,observed_baci_reconciled,BACI HS2022 V202601 Y2023; WDI 2026-07-13; CEPII GeoDist; CBSA T2026-2 label,2023,observed,2196593836347.4199,40049088,,94.14530182,3420796653789.0801,68526000,8.2239285158878594,95.447196959999999,missing exporter_manufacturing
2023,Canada,United Kingdom,CAN,GBR,8703,"Motor cars and other motor vehicles principally designed for the transport of persons (other than those of heading 87.02), including station wagons and racing cars.",10056711,5849.7719999999999,1,0,1656942002,28909247346,709738788867,observed_baci_reconciled,BACI HS2022 V202601 Y2023; WDI 2026-07-13; CEPII GeoDist; CBSA T2026-2 label,2023,observed,2196593836347.4199,40049088,,94.14530182,3420796653789.0801,68526000,8.2239285158878594,95.447196959999999,missing exporter_manufacturing
2023,Canada,United States,CAN,USA,1001,Wheat and meslin.,759850744,2079.297,1,1,6753205738,102677346,62437551837,observed_baci_reconciled,BACI HS2022 V202601 Y2023; WDI 2026-07-13; CEPII GeoDist; CBSA T2026-2 label,2023,observed,2196593836347.4199,40049088,,94.14530182,27811517000000,336755052,,93.525596620000002,"missing exporter_manufacturing,destination_manufacturing"
2023,Canada,United States,CAN,USA,8703,"Motor cars and other motor vehicles principally designed for the transport of persons (other than those of heading 87.02), including station wagons and racing cars.",35250840127,2079.297,1,1,1656942002,56124033616,709738788867,observed_baci_reconciled,BACI HS2022 V202601 Y2023; WDI 2026-07-13; CEPII GeoDist; CBSA T2026-2 label,2023,observed,2196593836347.4199,40049088,,94.14530182,27811517000000,336755052,,93.525596620000002,"missing exporter_manufacturing,destination_manufacturing"
2023,China,Canada,CHN,CAN,1001,Wheat and meslin.,3865,10428.4,0,0,15016525,17825567,62437551837,observed_baci_reconciled,BACI HS2022 V202601 Y2023; WDI 2026-07-13; CEPII GeoDist; CBSA T2026-2 label,2023,observed,18270356654533.199,1410710000,25.014426792998702,90.599999999999994,2196593836347.4199,40049088,,94.14530182,missing destination_manufacturing
2023,China,Canada,CHN,CAN,8703,"Motor cars and other motor vehicles principally designed for the transport of persons (other than those of heading 87.02), including station wagons and racing cars.",1930453085,10428.4,0,0,60965922684,6650453569,709738788867,observed_baci_reconciled,BACI HS2022 V202601 Y2023; WDI 2026-07-13; CEPII GeoDist; CBSA T2026-2 label,2023,observed,18270356654533.199,1410710000,25.014426792998702,90.599999999999994,2196593836347.4199,40049088,,94.14530182,missing destination_manufacturing
2023,China,Germany,CHN,DEU,1001,Wheat and meslin.,0,8031.6670000000004,0,0,15016525,1644854126,62437551837,baci_grid_zero,BACI HS2022 V202601 Y2023; WDI 2026-07-13; CEPII GeoDist; CBSA T2026-2 label,2023,observed,18270356654533.199,1410710000,25.014426792998702,90.599999999999994,4562207532490.2803,83287273,18.940253264159299,92.476376299999998,observed
2023,China,Germany,CHN,DEU,8703,"Motor cars and other motor vehicles principally designed for the transport of persons (other than those of heading 87.02), including station wagons and racing cars.",4544367308,8031.6670000000004,0,0,60965922684,55535993621,709738788867,observed_baci_reconciled,BACI HS2022 V202601 Y2023; WDI 2026-07-13; CEPII GeoDist; CBSA T2026-2 label,2023,observed,18270356654533.199,1410710000,25.014426792998702,90.599999999999994,4562207532490.2803,83287273,18.940253264159299,92.476376299999998,observed
2023,China,Japan,CHN,JPN,1001,Wheat and meslin.,0,1974.9680000000001,0,0,15016525,404968379,62437551837,baci_grid_zero,BACI HS2022 V202601 Y2023; WDI 2026-07-13; CEPII GeoDist; CBSA T2026-2 label,2023,observed,18270356654533.199,1410710000,25.014426792998702,90.599999999999994,4384854269961.9302,124516650,19.488290400027299,85.009902949999997,observed
2023,China,Japan,CHN,JPN,8703,"Motor cars and other motor vehicles principally designed for the transport of persons (other than those of heading 87.02), including station wagons and racing cars.",646578850,1974.9680000000001,0,0,60965922684,5504625226,709738788867,observed_baci_reconciled,BACI HS2022 V202601 Y2023; WDI 2026-07-13; CEPII GeoDist; CBSA T2026-2 label,2023,observed,18270356654533.199,1410710000,25.014426792998702,90.599999999999994,4384854269961.9302,124516650,19.488290400027299,85.009902949999997,observed
2023,China,Mexico,CHN,MEX,1001,Wheat and meslin.,0,12411.549999999999,0,0,15016525,349265147,62437551837,baci_grid_zero,BACI HS2022 V202601 Y2023; WDI 2026-07-13; CEPII GeoDist; CBSA T2026-2 label,2023,observed,18270356654533.199,1410710000,25.014426792998702,90.599999999999994,1794410347718.25,129739759,20.465129053716399,81.18318755,observed
2023,China,Mexico,CHN,MEX,8703,"Motor cars and other motor vehicles principally designed for the transport of persons (other than those of heading 87.02), including station wagons and racing cars.",4207681913,12411.549999999999,0,0,60965922684,5473004474,709738788867,observed_baci_reconciled,BACI HS2022 V202601 Y2023; WDI 2026-07-13; CEPII GeoDist; CBSA T2026-2 label,2023,observed,18270356654533.199,1410710000,25.014426792998702,90.599999999999994,1794410347718.25,129739759,20.465129053716399,81.18318755,observed
2023,China,United Kingdom,CHN,GBR,1001,Wheat and meslin.,121819,8539.1499999999996,0,0,15016525,181425769,62437551837,observed_baci_reconciled,BACI HS2022 V202601 Y2023; WDI 2026-07-13; CEPII GeoDist; CBSA T2026-2 label,2023,observed,18270356654533.199,1410710000,25.014426792998702,90.599999999999994,3420796653789.0801,68526000,8.2239285158878594,95.447196959999999,observed
2023,China,United Kingdom,CHN,GBR,8703,"Motor cars and other motor vehicles principally designed for the transport of persons (other than those of heading 87.02), including station wagons and racing cars.",5745196353,8539.1499999999996,0,0,60965922684,28909247346,709738788867,observed_baci_reconciled,BACI HS2022 V202601 Y2023; WDI 2026-07-13; CEPII GeoDist; CBSA T2026-2 label,2023,observed,18270356654533.199,1410710000,25.014426792998702,90.599999999999994,3420796653789.0801,68526000,8.2239285158878594,95.447196959999999,observed
2023,China,United States,CHN,USA,1001,Wheat and meslin.,1,11183.43,0,0,15016525,102677346,62437551837,observed_baci_reconciled,BACI HS2022 V202601 Y2023; WDI 2026-07-13; CEPII GeoDist; CBSA T2026-2 label,2023,observed,18270356654533.199,1410710000,25.014426792998702,90.599999999999994,27811517000000,336755052,,93.525596620000002,missing destination_manufacturing
2023,China,United States,CHN,USA,8703,"Motor cars and other motor vehicles principally designed for the transport of persons (other than those of heading 87.02), including station wagons and racing cars.",2541657008,11183.43,0,0,60965922684,56124033616,709738788867,observed_baci_reconciled,BACI HS2022 V202601 Y2023; WDI 2026-07-13; CEPII GeoDist; CBSA T2026-2 label,2023,observed,18270356654533.199,1410710000,25.014426792998702,90.599999999999994,27811517000000,336755052,,93.525596620000002,missing destination_manufacturing
2023,Germany,Canada,DEU,CAN,1001,Wheat and meslin.,102883,6541.7139999999999,0,0,1909955192,17825567,62437551837,observed_baci_reconciled,BACI HS2022 V202601 Y2023; WDI 2026-07-13; CEPII GeoDist; CBSA T2026-2 label,2023,observed,4562207532490.2803,83287273,18.940253264159299,92.476376299999998,2196593836347.4199,40049088,,94.14530182,missing destination_manufacturing
2023,Germany,Canada,DEU,CAN,8703,"Motor cars and other motor vehicles principally designed for the transport of persons (other than those of heading 87.02), including station wagons and racing cars.",2930543685,6541.7139999999999,0,0,113973551754,6650453569,709738788867,observed_baci_reconciled,BACI HS2022 V202601 Y2023; WDI 2026-07-13; CEPII GeoDist; CBSA T2026-2 label,2023,observed,4562207532490.2803,83287273,18.940253264159299,92.476376299999998,2196593836347.4199,40049088,,94.14530182,missing destination_manufacturing
2023,Germany,China,DEU,CHN,1001,Wheat and meslin.,0,8031.6670000000004,0,0,1909955192,2833428973,62437551837,baci_grid_zero,BACI HS2022 V202601 Y2023; WDI 2026-07-13; CEPII GeoDist; CBSA T2026-2 label,2023,observed,4562207532490.2803,83287273,18.940253264159299,92.476376299999998,18270356654533.199,1410710000,25.014426792998702,90.599999999999994,observed
2023,Germany,China,DEU,CHN,8703,"Motor cars and other motor vehicles principally designed for the transport of persons (other than those of heading 87.02), including station wagons and racing cars.",16386440010,8031.6670000000004,0,0,113973551754,8150181491,709738788867,observed_baci_reconciled,BACI HS2022 V202601 Y2023; WDI 2026-07-13; CEPII GeoDist; CBSA T2026-2 label,2023,observed,4562207532490.2803,83287273,18.940253264159299,92.476376299999998,18270356654533.199,1410710000,25.014426792998702,90.599999999999994,observed
2023,Germany,Japan,DEU,JPN,1001,Wheat and meslin.,49920,9086.0370000000003,0,0,1909955192,404968379,62437551837,observed_baci_reconciled,BACI HS2022 V202601 Y2023; WDI 2026-07-13; CEPII GeoDist; CBSA T2026-2 label,2023,observed,4562207532490.2803,83287273,18.940253264159299,92.476376299999998,4384854269961.9302,124516650,19.488290400027299,85.009902949999997,observed
2023,Germany,Japan,DEU,JPN,8703,"Motor cars and other motor vehicles principally designed for the transport of persons (other than those of heading 87.02), including station wagons and racing cars.",4106976598,9086.0370000000003,0,0,113973551754,5504625226,709738788867,observed_baci_reconciled,BACI HS2022 V202601 Y2023; WDI 2026-07-13; CEPII GeoDist; CBSA T2026-2 label,2023,observed,4562207532490.2803,83287273,18.940253264159299,92.476376299999998,4384854269961.9302,124516650,19.488290400027299,85.009902949999997,observed
2023,Germany,Mexico,DEU,MEX,1001,Wheat and meslin.,0,9475.768,0,0,1909955192,349265147,62437551837,baci_grid_zero,BACI HS2022 V202601 Y2023; WDI 2026-07-13; CEPII GeoDist; CBSA T2026-2 label,2023,observed,4562207532490.2803,83287273,18.940253264159299,92.476376299999998,1794410347718.25,129739759,20.465129053716399,81.18318755,observed
2023,Germany,Mexico,DEU,MEX,8703,"Motor cars and other motor vehicles principally designed for the transport of persons (other than those of heading 87.02), including station wagons and racing cars.",1015361513,9475.768,0,0,113973551754,5473004474,709738788867,observed_baci_reconciled,BACI HS2022 V202601 Y2023; WDI 2026-07-13; CEPII GeoDist; CBSA T2026-2 label,2023,observed,4562207532490.2803,83287273,18.940253264159299,92.476376299999998,1794410347718.25,129739759,20.465129053716399,81.18318755,observed
2023,Germany,United Kingdom,DEU,GBR,1001,Wheat and meslin.,135249865,808.64099999999996,0,0,1909955192,181425769,62437551837,observed_baci_reconciled,BACI HS2022 V202601 Y2023; WDI 2026-07-13; CEPII GeoDist; CBSA T2026-2 label,2023,observed,4562207532490.2803,83287273,18.940253264159299,92.476376299999998,3420796653789.0801,68526000,8.2239285158878594,95.447196959999999,observed
2023,Germany,United Kingdom,DEU,GBR,8703,"Motor cars and other motor vehicles principally designed for the transport of persons (other than those of heading 87.02), including station wagons and racing cars.",15409155974,808.64099999999996,0,0,113973551754,28909247346,709738788867,observed_baci_reconciled,BACI HS2022 V202601 Y2023; WDI 2026-07-13; CEPII GeoDist; CBSA T2026-2 label,2023,observed,4562207532490.2803,83287273,18.940253264159299,92.476376299999998,3420796653789.0801,68526000,8.2239285158878594,95.447196959999999,observed
2023,Germany,United States,DEU,USA,1001,Wheat and meslin.,33460278,7595.4520000000002,0,0,1909955192,102677346,62437551837,observed_baci_reconciled,BACI HS2022 V202601 Y2023; WDI 2026-07-13; CEPII GeoDist; CBSA T2026-2 label,2023,observed,4562207532490.2803,83287273,18.940253264159299,92.476376299999998,27811517000000,336755052,,93.525596620000002,missing destination_manufacturing
2023,Germany,United States,DEU,USA,8703,"Motor cars and other motor vehicles principally designed for the transport of persons (other than those of heading 87.02), including station wagons and racing cars.",24975391688,7595.4520000000002,0,0,113973551754,56124033616,709738788867,observed_baci_reconciled,BACI HS2022 V202601 Y2023; WDI 2026-07-13; CEPII GeoDist; CBSA T2026-2 label,2023,observed,4562207532490.2803,83287273,18.940253264159299,92.476376299999998,27811517000000,336755052,,93.525596620000002,missing destination_manufacturing
2023,Japan,Canada,JPN,CAN,1001,Wheat and meslin.,0,9756.4339999999993,0,0,82534,17825567,62437551837,baci_grid_zero,BACI HS2022 V202601 Y2023; WDI 2026-07-13; CEPII GeoDist; CBSA T2026-2 label,2023,observed,4384854269961.9302,124516650,19.488290400027299,85.009902949999997,2196593836347.4199,40049088,,94.14530182,missing destination_manufacturing
2023,Japan,Canada,JPN,CAN,8703,"Motor cars and other motor vehicles principally designed for the transport of persons (other than those of heading 87.02), including station wagons and racing cars.",5116842624,9756.4339999999993,0,0,57636613614,6650453569,709738788867,observed_baci_reconciled,BACI HS2022 V202601 Y2023; WDI 2026-07-13; CEPII GeoDist; CBSA T2026-2 label,2023,observed,4384854269961.9302,124516650,19.488290400027299,85.009902949999997,2196593836347.4199,40049088,,94.14530182,missing destination_manufacturing
2023,Japan,China,JPN,CHN,1001,Wheat and meslin.,0,1974.9680000000001,0,0,82534,2833428973,62437551837,baci_grid_zero,BACI HS2022 V202601 Y2023; WDI 2026-07-13; CEPII GeoDist; CBSA T2026-2 label,2023,observed,4384854269961.9302,124516650,19.488290400027299,85.009902949999997,18270356654533.199,1410710000,25.014426792998702,90.599999999999994,observed
2023,Japan,China,JPN,CHN,8703,"Motor cars and other motor vehicles principally designed for the transport of persons (other than those of heading 87.02), including station wagons and racing cars.",7745909548,1974.9680000000001,0,0,57636613614,8150181491,709738788867,observed_baci_reconciled,BACI HS2022 V202601 Y2023; WDI 2026-07-13; CEPII GeoDist; CBSA T2026-2 label,2023,observed,4384854269961.9302,124516650,19.488290400027299,85.009902949999997,18270356654533.199,1410710000,25.014426792998702,90.599999999999994,observed
2023,Japan,Germany,JPN,DEU,1001,Wheat and meslin.,0,9086.0370000000003,0,0,82534,1644854126,62437551837,baci_grid_zero,BACI HS2022 V202601 Y2023; WDI 2026-07-13; CEPII GeoDist; CBSA T2026-2 label,2023,observed,4384854269961.9302,124516650,19.488290400027299,85.009902949999997,4562207532490.2803,83287273,18.940253264159299,92.476376299999998,observed
2023,Japan,Germany,JPN,DEU,8703,"Motor cars and other motor vehicles principally designed for the transport of persons (other than those of heading 87.02), including station wagons and racing cars.",2561672103,9086.0370000000003,0,0,57636613614,55535993621,709738788867,observed_baci_reconciled,BACI HS2022 V202601 Y2023; WDI 2026-07-13; CEPII GeoDist; CBSA T2026-2 label,2023,observed,4384854269961.9302,124516650,19.488290400027299,85.009902949999997,4562207532490.2803,83287273,18.940253264159299,92.476376299999998,observed
2023,Japan,Mexico,JPN,MEX,1001,Wheat and meslin.,0,11098.870000000001,0,0,82534,349265147,62437551837,baci_grid_zero,BACI HS2022 V202601 Y2023; WDI 2026-07-13; CEPII GeoDist; CBSA T2026-2 label,2023,observed,4384854269961.9302,124516650,19.488290400027299,85.009902949999997,1794410347718.25,129739759,20.465129053716399,81.18318755,observed
2023,Japan,Mexico,JPN,MEX,8703,"Motor cars and other motor vehicles principally designed for the transport of persons (other than those of heading 87.02), including station wagons and racing cars.",1791430445,11098.870000000001,0,0,57636613614,5473004474,709738788867,observed_baci_reconciled,BACI HS2022 V202601 Y2023; WDI 2026-07-13; CEPII GeoDist; CBSA T2026-2 label,2023,observed,4384854269961.9302,124516650,19.488290400027299,85.009902949999997,1794410347718.25,129739759,20.465129053716399,81.18318755,observed
2023,Japan,United Kingdom,JPN,GBR,1001,Wheat and meslin.,0,9436.2479999999996,0,0,82534,181425769,62437551837,baci_grid_zero,BACI HS2022 V202601 Y2023; WDI 2026-07-13; CEPII GeoDist; CBSA T2026-2 label,2023,observed,4384854269961.9302,124516650,19.488290400027299,85.009902949999997,3420796653789.0801,68526000,8.2239285158878594,95.447196959999999,observed
2023,Japan,United Kingdom,JPN,GBR,8703,"Motor cars and other motor vehicles principally designed for the transport of persons (other than those of heading 87.02), including station wagons and racing cars.",3165680922,9436.2479999999996,0,0,57636613614,28909247346,709738788867,observed_baci_reconciled,BACI HS2022 V202601 Y2023; WDI 2026-07-13; CEPII GeoDist; CBSA T2026-2 label,2023,observed,4384854269961.9302,124516650,19.488290400027299,85.009902949999997,3420796653789.0801,68526000,8.2239285158878594,95.447196959999999,observed
2023,Japan,United States,JPN,USA,1001,Wheat and meslin.,1445,10286.190000000001,0,0,82534,102677346,62437551837,observed_baci_reconciled,BACI HS2022 V202601 Y2023; WDI 2026-07-13; CEPII GeoDist; CBSA T2026-2 label,2023,observed,4384854269961.9302,124516650,19.488290400027299,85.009902949999997,27811517000000,336755052,,93.525596620000002,missing destination_manufacturing
2023,Japan,United States,JPN,USA,8703,"Motor cars and other motor vehicles principally designed for the transport of persons (other than those of heading 87.02), including station wagons and racing cars.",40987859064,10286.190000000001,0,0,57636613614,56124033616,709738788867,observed_baci_reconciled,BACI HS2022 V202601 Y2023; WDI 2026-07-13; CEPII GeoDist; CBSA T2026-2 label,2023,observed,4384854269961.9302,124516650,19.488290400027299,85.009902949999997,27811517000000,336755052,,93.525596620000002,missing destination_manufacturing
2023,Mexico,Canada,MEX,CAN,1001,Wheat and meslin.,1,3442.7750000000001,0,0,229473707,17825567,62437551837,observed_baci_reconciled,BACI HS2022 V202601 Y2023; WDI 2026-07-13; CEPII GeoDist; CBSA T2026-2 label,2023,observed,1794410347718.25,129739759,20.465129053716399,81.18318755,2196593836347.4199,40049088,,94.14530182,missing destination_manufacturing
2023,Mexico,Canada,MEX,CAN,8703,"Motor cars and other motor vehicles principally designed for the transport of persons (other than those of heading 87.02), including station wagons and racing cars.",5210553432,3442.7750000000001,0,0,7780695072,6650453569,709738788867,observed_baci_reconciled,BACI HS2022 V202601 Y2023; WDI 2026-07-13; CEPII GeoDist; CBSA T2026-2 label,2023,observed,1794410347718.25,129739759,20.465129053716399,81.18318755,2196593836347.4199,40049088,,94.14530182,missing destination_manufacturing
2023,Mexico,China,MEX,CHN,1001,Wheat and meslin.,1125,12411.549999999999,0,0,229473707,2833428973,62437551837,observed_baci_reconciled,BACI HS2022 V202601 Y2023; WDI 2026-07-13; CEPII GeoDist; CBSA T2026-2 label,2023,observed,1794410347718.25,129739759,20.465129053716399,81.18318755,18270356654533.199,1410710000,25.014426792998702,90.599999999999994,observed
2023,Mexico,China,MEX,CHN,8703,"Motor cars and other motor vehicles principally designed for the transport of persons (other than those of heading 87.02), including station wagons and racing cars.",311060415,12411.549999999999,0,0,7780695072,8150181491,709738788867,observed_baci_reconciled,BACI HS2022 V202601 Y2023; WDI 2026-07-13; CEPII GeoDist; CBSA T2026-2 label,2023,observed,1794410347718.25,129739759,20.465129053716399,81.18318755,18270356654533.199,1410710000,25.014426792998702,90.599999999999994,observed
2023,Mexico,Germany,MEX,DEU,1001,Wheat and meslin.,0,9475.768,0,0,229473707,1644854126,62437551837,baci_grid_zero,BACI HS2022 V202601 Y2023; WDI 2026-07-13; CEPII GeoDist; CBSA T2026-2 label,2023,observed,1794410347718.25,129739759,20.465129053716399,81.18318755,4562207532490.2803,83287273,18.940253264159299,92.476376299999998,observed
2023,Mexico,Germany,MEX,DEU,8703,"Motor cars and other motor vehicles principally designed for the transport of persons (other than those of heading 87.02), including station wagons and racing cars.",5279964475,9475.768,0,0,7780695072,55535993621,709738788867,observed_baci_reconciled,BACI HS2022 V202601 Y2023; WDI 2026-07-13; CEPII GeoDist; CBSA T2026-2 label,2023,observed,1794410347718.25,129739759,20.465129053716399,81.18318755,4562207532490.2803,83287273,18.940253264159299,92.476376299999998,observed
2023,Mexico,Japan,MEX,JPN,1001,Wheat and meslin.,0,11098.870000000001,0,0,229473707,404968379,62437551837,baci_grid_zero,BACI HS2022 V202601 Y2023; WDI 2026-07-13; CEPII GeoDist; CBSA T2026-2 label,2023,observed,1794410347718.25,129739759,20.465129053716399,81.18318755,4384854269961.9302,124516650,19.488290400027299,85.009902949999997,observed
2023,Mexico,Japan,MEX,JPN,8703,"Motor cars and other motor vehicles principally designed for the transport of persons (other than those of heading 87.02), including station wagons and racing cars.",484522388,11098.870000000001,0,0,7780695072,5504625226,709738788867,observed_baci_reconciled,BACI HS2022 V202601 Y2023; WDI 2026-07-13; CEPII GeoDist; CBSA T2026-2 label,2023,observed,1794410347718.25,129739759,20.465129053716399,81.18318755,4384854269961.9302,124516650,19.488290400027299,85.009902949999997,observed
2023,Mexico,United Kingdom,MEX,GBR,1001,Wheat and meslin.,0,8734.4879999999994,0,0,229473707,181425769,62437551837,baci_grid_zero,BACI HS2022 V202601 Y2023; WDI 2026-07-13; CEPII GeoDist; CBSA T2026-2 label,2023,observed,1794410347718.25,129739759,20.465129053716399,81.18318755,3420796653789.0801,68526000,8.2239285158878594,95.447196959999999,observed
2023,Mexico,United Kingdom,MEX,GBR,8703,"Motor cars and other motor vehicles principally designed for the transport of persons (other than those of heading 87.02), including station wagons and racing cars.",1318964826,8734.4879999999994,0,0,7780695072,28909247346,709738788867,observed_baci_reconciled,BACI HS2022 V202601 Y2023; WDI 2026-07-13; CEPII GeoDist; CBSA T2026-2 label,2023,observed,1794410347718.25,129739759,20.465129053716399,81.18318755,3420796653789.0801,68526000,8.2239285158878594,95.447196959999999,observed
2023,Mexico,United States,MEX,USA,1001,Wheat and meslin.,2796415,2468.4050000000002,0,1,229473707,102677346,62437551837,observed_baci_reconciled,BACI HS2022 V202601 Y2023; WDI 2026-07-13; CEPII GeoDist; CBSA T2026-2 label,2023,observed,1794410347718.25,129739759,20.465129053716399,81.18318755,27811517000000,336755052,,93.525596620000002,missing destination_manufacturing
2023,Mexico,United States,MEX,USA,8703,"Motor cars and other motor vehicles principally designed for the transport of persons (other than those of heading 87.02), including station wagons and racing cars.",42827067991,2468.4050000000002,0,1,7780695072,56124033616,709738788867,observed_baci_reconciled,BACI HS2022 V202601 Y2023; WDI 2026-07-13; CEPII GeoDist; CBSA T2026-2 label,2023,observed,1794410347718.25,129739759,20.465129053716399,81.18318755,27811517000000,336755052,,93.525596620000002,missing destination_manufacturing
2023,United Kingdom,Canada,GBR,CAN,1001,Wheat and meslin.,65412,5849.7719999999999,1,0,342321270,17825567,62437551837,observed_baci_reconciled,BACI HS2022 V202601 Y2023; WDI 2026-07-13; CEPII GeoDist; CBSA T2026-2 label,2023,observed,3420796653789.0801,68526000,8.2239285158878594,95.447196959999999,2196593836347.4199,40049088,,94.14530182,missing destination_manufacturing
2023,United Kingdom,Canada,GBR,CAN,8703,"Motor cars and other motor vehicles principally designed for the transport of persons (other than those of heading 87.02), including station wagons and racing cars.",663987027,5849.7719999999999,1,0,21019835489,6650453569,709738788867,observed_baci_reconciled,BACI HS2022 V202601 Y2023; WDI 2026-07-13; CEPII GeoDist; CBSA T2026-2 label,2023,observed,3420796653789.0801,68526000,8.2239285158878594,95.447196959999999,2196593836347.4199,40049088,,94.14530182,missing destination_manufacturing
2023,United Kingdom,China,GBR,CHN,1001,Wheat and meslin.,1531924,8539.1499999999996,0,0,342321270,2833428973,62437551837,observed_baci_reconciled,BACI HS2022 V202601 Y2023; WDI 2026-07-13; CEPII GeoDist; CBSA T2026-2 label,2023,observed,3420796653789.0801,68526000,8.2239285158878594,95.447196959999999,18270356654533.199,1410710000,25.014426792998702,90.599999999999994,observed
2023,United Kingdom,China,GBR,CHN,8703,"Motor cars and other motor vehicles principally designed for the transport of persons (other than those of heading 87.02), including station wagons and racing cars.",4409411353,8539.1499999999996,0,0,21019835489,8150181491,709738788867,observed_baci_reconciled,BACI HS2022 V202601 Y2023; WDI 2026-07-13; CEPII GeoDist; CBSA T2026-2 label,2023,observed,3420796653789.0801,68526000,8.2239285158878594,95.447196959999999,18270356654533.199,1410710000,25.014426792998702,90.599999999999994,observed
2023,United Kingdom,Germany,GBR,DEU,1001,Wheat and meslin.,14629,808.64099999999996,0,0,342321270,1644854126,62437551837,observed_baci_reconciled,BACI HS2022 V202601 Y2023; WDI 2026-07-13; CEPII GeoDist; CBSA T2026-2 label,2023,observed,3420796653789.0801,68526000,8.2239285158878594,95.447196959999999,4562207532490.2803,83287273,18.940253264159299,92.476376299999998,observed
2023,United Kingdom,Germany,GBR,DEU,8703,"Motor cars and other motor vehicles principally designed for the transport of persons (other than those of heading 87.02), including station wagons and racing cars.",3213860974,808.64099999999996,0,0,21019835489,55535993621,709738788867,observed_baci_reconciled,BACI HS2022 V202601 Y2023; WDI 2026-07-13; CEPII GeoDist; CBSA T2026-2 label,2023,observed,3420796653789.0801,68526000,8.2239285158878594,95.447196959999999,4562207532490.2803,83287273,18.940253264159299,92.476376299999998,observed
2023,United Kingdom,Japan,GBR,JPN,1001,Wheat and meslin.,0,9436.2479999999996,0,0,342321270,404968379,62437551837,baci_grid_zero,BACI HS2022 V202601 Y2023; WDI 2026-07-13; CEPII GeoDist; CBSA T2026-2 label,2023,observed,3420796653789.0801,68526000,8.2239285158878594,95.447196959999999,4384854269961.9302,124516650,19.488290400027299,85.009902949999997,observed
2023,United Kingdom,Japan,GBR,JPN,8703,"Motor cars and other motor vehicles principally designed for the transport of persons (other than those of heading 87.02), including station wagons and racing cars.",1032117423,9436.2479999999996,0,0,21019835489,5504625226,709738788867,observed_baci_reconciled,BACI HS2022 V202601 Y2023; WDI 2026-07-13; CEPII GeoDist; CBSA T2026-2 label,2023,observed,3420796653789.0801,68526000,8.2239285158878594,95.447196959999999,4384854269961.9302,124516650,19.488290400027299,85.009902949999997,observed
2023,United Kingdom,Mexico,GBR,MEX,1001,Wheat and meslin.,0,8734.4889999999996,0,0,342321270,349265147,62437551837,baci_grid_zero,BACI HS2022 V202601 Y2023; WDI 2026-07-13; CEPII GeoDist; CBSA T2026-2 label,2023,observed,3420796653789.0801,68526000,8.2239285158878594,95.447196959999999,1794410347718.25,129739759,20.465129053716399,81.18318755,observed
2023,United Kingdom,Mexico,GBR,MEX,8703,"Motor cars and other motor vehicles principally designed for the transport of persons (other than those of heading 87.02), including station wagons and racing cars.",242065061,8734.4889999999996,0,0,21019835489,5473004474,709738788867,observed_baci_reconciled,BACI HS2022 V202601 Y2023; WDI 2026-07-13; CEPII GeoDist; CBSA T2026-2 label,2023,observed,3420796653789.0801,68526000,8.2239285158878594,95.447196959999999,1794410347718.25,129739759,20.465129053716399,81.18318755,observed
2023,United Kingdom,United States,GBR,USA,1001,Wheat and meslin.,106493,6878.4930000000004,1,0,342321270,102677346,62437551837,observed_baci_reconciled,BACI HS2022 V202601 Y2023; WDI 2026-07-13; CEPII GeoDist; CBSA T2026-2 label,2023,observed,3420796653789.0801,68526000,8.2239285158878594,95.447196959999999,27811517000000,336755052,,93.525596620000002,missing destination_manufacturing
2023,United Kingdom,United States,GBR,USA,8703,"Motor cars and other motor vehicles principally designed for the transport of persons (other than those of heading 87.02), including station wagons and racing cars.",6571871801,6878.4930000000004,1,0,21019835489,56124033616,709738788867,observed_baci_reconciled,BACI HS2022 V202601 Y2023; WDI 2026-07-13; CEPII GeoDist; CBSA T2026-2 label,2023,observed,3420796653789.0801,68526000,8.2239285158878594,95.447196959999999,27811517000000,336755052,,93.525596620000002,missing destination_manufacturing
2023,United States,Canada,USA,CAN,1001,Wheat and meslin.,14387882,2079.297,1,1,4549613238,17825567,62437551837,observed_baci_reconciled,BACI HS2022 V202601 Y2023; WDI 2026-07-13; CEPII GeoDist; CBSA T2026-2 label,2023,observed,27811517000000,336755052,,93.525596620000002,2196593836347.4199,40049088,,94.14530182,"missing exporter_manufacturing,destination_manufacturing"
2023,United States,Canada,USA,CAN,8703,"Motor cars and other motor vehicles principally designed for the transport of persons (other than those of heading 87.02), including station wagons and racing cars.",15798643484,2079.297,1,1,27328574069,6650453569,709738788867,observed_baci_reconciled,BACI HS2022 V202601 Y2023; WDI 2026-07-13; CEPII GeoDist; CBSA T2026-2 label,2023,observed,27811517000000,336755052,,93.525596620000002,2196593836347.4199,40049088,,94.14530182,"missing exporter_manufacturing,destination_manufacturing"
2023,United States,China,USA,CHN,1001,Wheat and meslin.,392202704,11183.43,0,0,4549613238,2833428973,62437551837,observed_baci_reconciled,BACI HS2022 V202601 Y2023; WDI 2026-07-13; CEPII GeoDist; CBSA T2026-2 label,2023,observed,27811517000000,336755052,,93.525596620000002,18270356654533.199,1410710000,25.014426792998702,90.599999999999994,missing exporter_manufacturing
2023,United States,China,USA,CHN,8703,"Motor cars and other motor vehicles principally designed for the transport of persons (other than those of heading 87.02), including station wagons and racing cars.",6852481498,11183.43,0,0,27328574069,8150181491,709738788867,observed_baci_reconciled,BACI HS2022 V202601 Y2023; WDI 2026-07-13; CEPII GeoDist; CBSA T2026-2 label,2023,observed,27811517000000,336755052,,93.525596620000002,18270356654533.199,1410710000,25.014426792998702,90.599999999999994,missing exporter_manufacturing
2023,United States,Germany,USA,DEU,1001,Wheat and meslin.,6245,7595.4520000000002,0,0,4549613238,1644854126,62437551837,observed_baci_reconciled,BACI HS2022 V202601 Y2023; WDI 2026-07-13; CEPII GeoDist; CBSA T2026-2 label,2023,observed,27811517000000,336755052,,93.525596620000002,4562207532490.2803,83287273,18.940253264159299,92.476376299999998,missing exporter_manufacturing
2023,United States,Germany,USA,DEU,8703,"Motor cars and other motor vehicles principally designed for the transport of persons (other than those of heading 87.02), including station wagons and racing cars.",8996905361,7595.4520000000002,0,0,27328574069,55535993621,709738788867,observed_baci_reconciled,BACI HS2022 V202601 Y2023; WDI 2026-07-13; CEPII GeoDist; CBSA T2026-2 label,2023,observed,27811517000000,336755052,,93.525596620000002,4562207532490.2803,83287273,18.940253264159299,92.476376299999998,missing exporter_manufacturing
2023,United States,Japan,USA,JPN,1001,Wheat and meslin.,743044287,10286.190000000001,0,0,4549613238,404968379,62437551837,observed_baci_reconciled,BACI HS2022 V202601 Y2023; WDI 2026-07-13; CEPII GeoDist; CBSA T2026-2 label,2023,observed,27811517000000,336755052,,93.525596620000002,4384854269961.9302,124516650,19.488290400027299,85.009902949999997,missing exporter_manufacturing
2023,United States,Japan,USA,JPN,8703,"Motor cars and other motor vehicles principally designed for the transport of persons (other than those of heading 87.02), including station wagons and racing cars.",1261999920,10286.190000000001,0,0,27328574069,5504625226,709738788867,observed_baci_reconciled,BACI HS2022 V202601 Y2023; WDI 2026-07-13; CEPII GeoDist; CBSA T2026-2 label,2023,observed,27811517000000,336755052,,93.525596620000002,4384854269961.9302,124516650,19.488290400027299,85.009902949999997,missing exporter_manufacturing
2023,United States,Mexico,USA,MEX,1001,Wheat and meslin.,1075701859,2468.4050000000002,0,1,4549613238,349265147,62437551837,observed_baci_reconciled,BACI HS2022 V202601 Y2023; WDI 2026-07-13; CEPII GeoDist; CBSA T2026-2 label,2023,observed,27811517000000,336755052,,93.525596620000002,1794410347718.25,129739759,20.465129053716399,81.18318755,missing exporter_manufacturing
2023,United States,Mexico,USA,MEX,8703,"Motor cars and other motor vehicles principally designed for the transport of persons (other than those of heading 87.02), including station wagons and racing cars.",4442422862,2468.4050000000002,0,1,27328574069,5473004474,709738788867,observed_baci_reconciled,BACI HS2022 V202601 Y2023; WDI 2026-07-13; CEPII GeoDist; CBSA T2026-2 label,2023,observed,27811517000000,336755052,,93.525596620000002,1794410347718.25,129739759,20.465129053716399,81.18318755,missing exporter_manufacturing
2023,United States,United Kingdom,USA,GBR,1001,Wheat and meslin.,3670239,6878.4939999999997,1,0,4549613238,181425769,62437551837,observed_baci_reconciled,BACI HS2022 V202601 Y2023; WDI 2026-07-13; CEPII GeoDist; CBSA T2026-2 label,2023,observed,27811517000000,336755052,,93.525596620000002,3420796653789.0801,68526000,8.2239285158878594,95.447196959999999,missing exporter_manufacturing
2023,United States,United Kingdom,USA,GBR,8703,"Motor cars and other motor vehicles principally designed for the transport of persons (other than those of heading 87.02), including station wagons and racing cars.",1040548505,6878.4939999999997,1,0,27328574069,28909247346,709738788867,observed_baci_reconciled,BACI HS2022 V202601 Y2023; WDI 2026-07-13; CEPII GeoDist; CBSA T2026-2 label,2023,observed,27811517000000,336755052,,93.525596620000002,3420796653789.0801,68526000,8.2239285158878594,95.447196959999999,missing exporter_manufacturing
2024,Canada,China,CAN,CHN,1001,Wheat and meslin.,573720099,10428.4,0,0,5609820299,1631713426,52597916506,observed_baci_reconciled,BACI HS2022 V202601 Y2024; WDI 2026-07-13; CEPII GeoDist; CBSA T2026-2 label,2024,observed,2270076189683.46,41262329,,94.353301999999999,18729668435848,1408975000,24.841584189263099,92,missing exporter_manufacturing
2024,Canada,China,CAN,CHN,8703,"Motor cars and other motor vehicles principally designed for the transport of persons (other than those of heading 87.02), including station wagons and racing cars.",361534154,10428.4,0,0,1727676408,6562419218,690236354586,observed_baci_reconciled,BACI HS2022 V202601 Y2024; WDI 2026-07-13; CEPII GeoDist; CBSA T2026-2 label,2024,observed,2270076189683.46,41262329,,94.353301999999999,18729668435848,1408975000,24.841584189263099,92,missing exporter_manufacturing
2024,Canada,Germany,CAN,DEU,1001,Wheat and meslin.,927836,6541.7139999999999,0,0,5609820299,1556529862,52597916506,observed_baci_reconciled,BACI HS2022 V202601 Y2024; WDI 2026-07-13; CEPII GeoDist; CBSA T2026-2 label,2024,observed,2270076189683.46,41262329,,94.353301999999999,4685592577804.6904,83516593,18.006708293196802,93.49999579,missing exporter_manufacturing
2024,Canada,Germany,CAN,DEU,8703,"Motor cars and other motor vehicles principally designed for the transport of persons (other than those of heading 87.02), including station wagons and racing cars.",108039258,6541.7139999999999,0,0,1727676408,50774580115,690236354586,observed_baci_reconciled,BACI HS2022 V202601 Y2024; WDI 2026-07-13; CEPII GeoDist; CBSA T2026-2 label,2024,observed,2270076189683.46,41262329,,94.353301999999999,4685592577804.6904,83516593,18.006708293196802,93.49999579,missing exporter_manufacturing
2024,Canada,Japan,CAN,JPN,1001,Wheat and meslin.,607223446,9756.4339999999993,0,0,5609820299,364070458,52597916506,observed_baci_reconciled,BACI HS2022 V202601 Y2024; WDI 2026-07-13; CEPII GeoDist; CBSA T2026-2 label,2024,observed,2270076189683.46,41262329,,94.353301999999999,4190008188358.5698,123975371,18.817440470747002,85.541530809999998,missing exporter_manufacturing
2024,Canada,Japan,CAN,JPN,8703,"Motor cars and other motor vehicles principally designed for the transport of persons (other than those of heading 87.02), including station wagons and racing cars.",11236402,9756.4339999999993,0,0,1727676408,4476090560,690236354586,observed_baci_reconciled,BACI HS2022 V202601 Y2024; WDI 2026-07-13; CEPII GeoDist; CBSA T2026-2 label,2024,observed,2270076189683.46,41262329,,94.353301999999999,4190008188358.5698,123975371,18.817440470747002,85.541530809999998,missing exporter_manufacturing
2024,Canada,Mexico,CAN,MEX,1001,Wheat and meslin.,172551233,3442.7750000000001,0,0,5609820299,9279720,52597916506,observed_baci_reconciled,BACI HS2022 V202601 Y2024; WDI 2026-07-13; CEPII GeoDist; CBSA T2026-2 label,2024,observed,2270076189683.46,41262329,,94.353301999999999,1830489311088.8899,130861007,20.130560879445,83.122337990000005,missing exporter_manufacturing
2024,Canada,Mexico,CAN,MEX,8703,"Motor cars and other motor vehicles principally designed for the transport of persons (other than those of heading 87.02), including station wagons and racing cars.",380444284,3442.7750000000001,0,0,1727676408,4457213078,690236354586,observed_baci_reconciled,BACI HS2022 V202601 Y2024; WDI 2026-07-13; CEPII GeoDist; CBSA T2026-2 label,2024,observed,2270076189683.46,41262329,,94.353301999999999,1830489311088.8899,130861007,20.130560879445,83.122337990000005,missing exporter_manufacturing
2024,Canada,United Kingdom,CAN,GBR,1001,Wheat and meslin.,173421644,5849.7719999999999,1,0,5609820299,376779299,52597916506,observed_baci_reconciled,BACI HS2022 V202601 Y2024; WDI 2026-07-13; CEPII GeoDist; CBSA T2026-2 label,2024,observed,2270076189683.46,41262329,,94.353301999999999,3695539513534.1499,69281000,7.9734900624048004,95.472099299999996,missing exporter_manufacturing
2024,Canada,United Kingdom,CAN,GBR,8703,"Motor cars and other motor vehicles principally designed for the transport of persons (other than those of heading 87.02), including station wagons and racing cars.",5919442,5849.7719999999999,1,0,1727676408,29509676815,690236354586,observed_baci_reconciled,BACI HS2022 V202601 Y2024; WDI 2026-07-13; CEPII GeoDist; CBSA T2026-2 label,2024,observed,2270076189683.46,41262329,,94.353301999999999,3695539513534.1499,69281000,7.9734900624048004,95.472099299999996,missing exporter_manufacturing
2024,Canada,United States,CAN,USA,1001,Wheat and meslin.,685179327,2079.297,1,1,5609820299,57470062,52597916506,observed_baci_reconciled,BACI HS2022 V202601 Y2024; WDI 2026-07-13; CEPII GeoDist; CBSA T2026-2 label,2024,observed,2270076189683.46,41262329,,94.353301999999999,29298013000000,340003797,,94.693801879999995,"missing exporter_manufacturing,destination_manufacturing"
2024,Canada,United States,CAN,USA,8703,"Motor cars and other motor vehicles principally designed for the transport of persons (other than those of heading 87.02), including station wagons and racing cars.",28360982334,2079.297,1,1,1727676408,57531437153,690236354586,observed_baci_reconciled,BACI HS2022 V202601 Y2024; WDI 2026-07-13; CEPII GeoDist; CBSA T2026-2 label,2024,observed,2270076189683.46,41262329,,94.353301999999999,29298013000000,340003797,,94.693801879999995,"missing exporter_manufacturing,destination_manufacturing"
2024,China,Canada,CHN,CAN,1001,Wheat and meslin.,0,10428.4,0,0,5328458,754166,52597916506,baci_grid_zero,BACI HS2022 V202601 Y2024; WDI 2026-07-13; CEPII GeoDist; CBSA T2026-2 label,2024,observed,18729668435848,1408975000,24.841584189263099,92,2270076189683.46,41262329,,94.353301999999999,missing destination_manufacturing
2024,China,Canada,CHN,CAN,8703,"Motor cars and other motor vehicles principally designed for the transport of persons (other than those of heading 87.02), including station wagons and racing cars.",1486501326,10428.4,0,0,72090220532,6773417935,690236354586,observed_baci_reconciled,BACI HS2022 V202601 Y2024; WDI 2026-07-13; CEPII GeoDist; CBSA T2026-2 label,2024,observed,18729668435848,1408975000,24.841584189263099,92,2270076189683.46,41262329,,94.353301999999999,missing destination_manufacturing
2024,China,Germany,CHN,DEU,1001,Wheat and meslin.,5,8031.6670000000004,0,0,5328458,1556529862,52597916506,observed_baci_reconciled,BACI HS2022 V202601 Y2024; WDI 2026-07-13; CEPII GeoDist; CBSA T2026-2 label,2024,observed,18729668435848,1408975000,24.841584189263099,92,4685592577804.6904,83516593,18.006708293196802,93.49999579,observed
2024,China,Germany,CHN,DEU,8703,"Motor cars and other motor vehicles principally designed for the transport of persons (other than those of heading 87.02), including station wagons and racing cars.",3293596023,8031.6670000000004,0,0,72090220532,50774580115,690236354586,observed_baci_reconciled,BACI HS2022 V202601 Y2024; WDI 2026-07-13; CEPII GeoDist; CBSA T2026-2 label,2024,observed,18729668435848,1408975000,24.841584189263099,92,4685592577804.6904,83516593,18.006708293196802,93.49999579,observed
2024,China,Japan,CHN,JPN,1001,Wheat and meslin.,0,1974.9680000000001,0,0,5328458,364070458,52597916506,baci_grid_zero,BACI HS2022 V202601 Y2024; WDI 2026-07-13; CEPII GeoDist; CBSA T2026-2 label,2024,observed,18729668435848,1408975000,24.841584189263099,92,4190008188358.5698,123975371,18.817440470747002,85.541530809999998,observed
2024,China,Japan,CHN,JPN,8703,"Motor cars and other motor vehicles principally designed for the transport of persons (other than those of heading 87.02), including station wagons and racing cars.",905237235,1974.9680000000001,0,0,72090220532,4476090560,690236354586,observed_baci_reconciled,BACI HS2022 V202601 Y2024; WDI 2026-07-13; CEPII GeoDist; CBSA T2026-2 label,2024,observed,18729668435848,1408975000,24.841584189263099,92,4190008188358.5698,123975371,18.817440470747002,85.541530809999998,observed
2024,China,Mexico,CHN,MEX,1001,Wheat and meslin.,0,12411.549999999999,0,0,5328458,9279720,52597916506,baci_grid_zero,BACI HS2022 V202601 Y2024; WDI 2026-07-13; CEPII GeoDist; CBSA T2026-2 label,2024,observed,18729668435848,1408975000,24.841584189263099,92,1830489311088.8899,130861007,20.130560879445,83.122337990000005,observed
2024,China,Mexico,CHN,MEX,8703,"Motor cars and other motor vehicles principally designed for the transport of persons (other than those of heading 87.02), including station wagons and racing cars.",4603755988,12411.549999999999,0,0,72090220532,4457213078,690236354586,observed_baci_reconciled,BACI HS2022 V202601 Y2024; WDI 2026-07-13; CEPII GeoDist; CBSA T2026-2 label,2024,observed,18729668435848,1408975000,24.841584189263099,92,1830489311088.8899,130861007,20.130560879445,83.122337990000005,observed
2024,China,United Kingdom,CHN,GBR,1001,Wheat and meslin.,69452,8539.1499999999996,0,0,5328458,376779299,52597916506,observed_baci_reconciled,BACI HS2022 V202601 Y2024; WDI 2026-07-13; CEPII GeoDist; CBSA T2026-2 label,2024,observed,18729668435848,1408975000,24.841584189263099,92,3695539513534.1499,69281000,7.9734900624048004,95.472099299999996,observed
2024,China,United Kingdom,CHN,GBR,8703,"Motor cars and other motor vehicles principally designed for the transport of persons (other than those of heading 87.02), including station wagons and racing cars.",5102705740,8539.1499999999996,0,0,72090220532,29509676815,690236354586,observed_baci_reconciled,BACI HS2022 V202601 Y2024; WDI 2026-07-13; CEPII GeoDist; CBSA T2026-2 label,2024,observed,18729668435848,1408975000,24.841584189263099,92,3695539513534.1499,69281000,7.9734900624048004,95.472099299999996,observed
2024,China,United States,CHN,USA,1001,Wheat and meslin.,0,11183.43,0,0,5328458,57470062,52597916506,baci_grid_zero,BACI HS2022 V202601 Y2024; WDI 2026-07-13; CEPII GeoDist; CBSA T2026-2 label,2024,observed,18729668435848,1408975000,24.841584189263099,92,29298013000000,340003797,,94.693801879999995,missing destination_manufacturing
2024,China,United States,CHN,USA,8703,"Motor cars and other motor vehicles principally designed for the transport of persons (other than those of heading 87.02), including station wagons and racing cars.",3820671125,11183.43,0,0,72090220532,57531437153,690236354586,observed_baci_reconciled,BACI HS2022 V202601 Y2024; WDI 2026-07-13; CEPII GeoDist; CBSA T2026-2 label,2024,observed,18729668435848,1408975000,24.841584189263099,92,29298013000000,340003797,,94.693801879999995,missing destination_manufacturing
2024,Germany,Canada,DEU,CAN,1001,Wheat and meslin.,166171,6541.7139999999999,0,0,1506726756,754166,52597916506,observed_baci_reconciled,BACI HS2022 V202601 Y2024; WDI 2026-07-13; CEPII GeoDist; CBSA T2026-2 label,2024,observed,4685592577804.6904,83516593,18.006708293196802,93.49999579,2270076189683.46,41262329,,94.353301999999999,missing destination_manufacturing
2024,Germany,Canada,DEU,CAN,8703,"Motor cars and other motor vehicles principally designed for the transport of persons (other than those of heading 87.02), including station wagons and racing cars.",2832653765,6541.7139999999999,0,0,108289064617,6773417935,690236354586,observed_baci_reconciled,BACI HS2022 V202601 Y2024; WDI 2026-07-13; CEPII GeoDist; CBSA T2026-2 label,2024,observed,4685592577804.6904,83516593,18.006708293196802,93.49999579,2270076189683.46,41262329,,94.353301999999999,missing destination_manufacturing
2024,Germany,China,DEU,CHN,1001,Wheat and meslin.,0,8031.6670000000004,0,0,1506726756,1631713426,52597916506,baci_grid_zero,BACI HS2022 V202601 Y2024; WDI 2026-07-13; CEPII GeoDist; CBSA T2026-2 label,2024,observed,4685592577804.6904,83516593,18.006708293196802,93.49999579,18729668435848,1408975000,24.841584189263099,92,observed
2024,Germany,China,DEU,CHN,8703,"Motor cars and other motor vehicles principally designed for the transport of persons (other than those of heading 87.02), including station wagons and racing cars.",11304788932,8031.6670000000004,0,0,108289064617,6562419218,690236354586,observed_baci_reconciled,BACI HS2022 V202601 Y2024; WDI 2026-07-13; CEPII GeoDist; CBSA T2026-2 label,2024,observed,4685592577804.6904,83516593,18.006708293196802,93.49999579,18729668435848,1408975000,24.841584189263099,92,observed
2024,Germany,Japan,DEU,JPN,1001,Wheat and meslin.,37305,9086.0370000000003,0,0,1506726756,364070458,52597916506,observed_baci_reconciled,BACI HS2022 V202601 Y2024; WDI 2026-07-13; CEPII GeoDist; CBSA T2026-2 label,2024,observed,4685592577804.6904,83516593,18.006708293196802,93.49999579,4190008188358.5698,123975371,18.817440470747002,85.541530809999998,observed
2024,Germany,Japan,DEU,JPN,8703,"Motor cars and other motor vehicles principally designed for the transport of persons (other than those of heading 87.02), including station wagons and racing cars.",3907415118,9086.0370000000003,0,0,108289064617,4476090560,690236354586,observed_baci_reconciled,BACI HS2022 V202601 Y2024; WDI 2026-07-13; CEPII GeoDist; CBSA T2026-2 label,2024,observed,4685592577804.6904,83516593,18.006708293196802,93.49999579,4190008188358.5698,123975371,18.817440470747002,85.541530809999998,observed
2024,Germany,Mexico,DEU,MEX,1001,Wheat and meslin.,0,9475.768,0,0,1506726756,9279720,52597916506,baci_grid_zero,BACI HS2022 V202601 Y2024; WDI 2026-07-13; CEPII GeoDist; CBSA T2026-2 label,2024,observed,4685592577804.6904,83516593,18.006708293196802,93.49999579,1830489311088.8899,130861007,20.130560879445,83.122337990000005,observed
2024,Germany,Mexico,DEU,MEX,8703,"Motor cars and other motor vehicles principally designed for the transport of persons (other than those of heading 87.02), including station wagons and racing cars.",1067908362,9475.768,0,0,108289064617,4457213078,690236354586,observed_baci_reconciled,BACI HS2022 V202601 Y2024; WDI 2026-07-13; CEPII GeoDist; CBSA T2026-2 label,2024,observed,4685592577804.6904,83516593,18.006708293196802,93.49999579,1830489311088.8899,130861007,20.130560879445,83.122337990000005,observed
2024,Germany,United Kingdom,DEU,GBR,1001,Wheat and meslin.,289517719,808.64099999999996,0,0,1506726756,376779299,52597916506,observed_baci_reconciled,BACI HS2022 V202601 Y2024; WDI 2026-07-13; CEPII GeoDist; CBSA T2026-2 label,2024,observed,4685592577804.6904,83516593,18.006708293196802,93.49999579,3695539513534.1499,69281000,7.9734900624048004,95.472099299999996,observed
2024,Germany,United Kingdom,DEU,GBR,8703,"Motor cars and other motor vehicles principally designed for the transport of persons (other than those of heading 87.02), including station wagons and racing cars.",14867362044,808.64099999999996,0,0,108289064617,29509676815,690236354586,observed_baci_reconciled,BACI HS2022 V202601 Y2024; WDI 2026-07-13; CEPII GeoDist; CBSA T2026-2 label,2024,observed,4685592577804.6904,83516593,18.006708293196802,93.49999579,3695539513534.1499,69281000,7.9734900624048004,95.472099299999996,observed
2024,Germany,United States,DEU,USA,1001,Wheat and meslin.,8332225,7595.4520000000002,0,0,1506726756,57470062,52597916506,observed_baci_reconciled,BACI HS2022 V202601 Y2024; WDI 2026-07-13; CEPII GeoDist; CBSA T2026-2 label,2024,observed,4685592577804.6904,83516593,18.006708293196802,93.49999579,29298013000000,340003797,,94.693801879999995,missing destination_manufacturing
2024,Germany,United States,DEU,USA,8703,"Motor cars and other motor vehicles principally designed for the transport of persons (other than those of heading 87.02), including station wagons and racing cars.",26105847078,7595.4520000000002,0,0,108289064617,57531437153,690236354586,observed_baci_reconciled,BACI HS2022 V202601 Y2024; WDI 2026-07-13; CEPII GeoDist; CBSA T2026-2 label,2024,observed,4685592577804.6904,83516593,18.006708293196802,93.49999579,29298013000000,340003797,,94.693801879999995,missing destination_manufacturing
2024,Japan,Canada,JPN,CAN,1001,Wheat and meslin.,0,9756.4339999999993,0,0,235778,754166,52597916506,baci_grid_zero,BACI HS2022 V202601 Y2024; WDI 2026-07-13; CEPII GeoDist; CBSA T2026-2 label,2024,observed,4190008188358.5698,123975371,18.817440470747002,85.541530809999998,2270076189683.46,41262329,,94.353301999999999,missing destination_manufacturing
2024,Japan,Canada,JPN,CAN,8703,"Motor cars and other motor vehicles principally designed for the transport of persons (other than those of heading 87.02), including station wagons and racing cars.",5504542608,9756.4339999999993,0,0,55812409639,6773417935,690236354586,observed_baci_reconciled,BACI HS2022 V202601 Y2024; WDI 2026-07-13; CEPII GeoDist; CBSA T2026-2 label,2024,observed,4190008188358.5698,123975371,18.817440470747002,85.541530809999998,2270076189683.46,41262329,,94.353301999999999,missing destination_manufacturing
2024,Japan,China,JPN,CHN,1001,Wheat and meslin.,0,1974.9680000000001,0,0,235778,1631713426,52597916506,baci_grid_zero,BACI HS2022 V202601 Y2024; WDI 2026-07-13; CEPII GeoDist; CBSA T2026-2 label,2024,observed,4190008188358.5698,123975371,18.817440470747002,85.541530809999998,18729668435848,1408975000,24.841584189263099,92,observed
2024,Japan,China,JPN,CHN,8703,"Motor cars and other motor vehicles principally designed for the transport of persons (other than those of heading 87.02), including station wagons and racing cars.",6641426201,1974.9680000000001,0,0,55812409639,6562419218,690236354586,observed_baci_reconciled,BACI HS2022 V202601 Y2024; WDI 2026-07-13; CEPII GeoDist; CBSA T2026-2 label,2024,observed,4190008188358.5698,123975371,18.817440470747002,85.541530809999998,18729668435848,1408975000,24.841584189263099,92,observed
2024,Japan,Germany,JPN,DEU,1001,Wheat and meslin.,0,9086.0370000000003,0,0,235778,1556529862,52597916506,baci_grid_zero,BACI HS2022 V202601 Y2024; WDI 2026-07-13; CEPII GeoDist; CBSA T2026-2 label,2024,observed,4190008188358.5698,123975371,18.817440470747002,85.541530809999998,4685592577804.6904,83516593,18.006708293196802,93.49999579,observed
2024,Japan,Germany,JPN,DEU,8703,"Motor cars and other motor vehicles principally designed for the transport of persons (other than those of heading 87.02), including station wagons and racing cars.",2207609523,9086.0370000000003,0,0,55812409639,50774580115,690236354586,observed_baci_reconciled,BACI HS2022 V202601 Y2024; WDI 2026-07-13; CEPII GeoDist; CBSA T2026-2 label,2024,observed,4190008188358.5698,123975371,18.817440470747002,85.541530809999998,4685592577804.6904,83516593,18.006708293196802,93.49999579,observed
2024,Japan,Mexico,JPN,MEX,1001,Wheat and meslin.,0,11098.870000000001,0,0,235778,9279720,52597916506,baci_grid_zero,BACI HS2022 V202601 Y2024; WDI 2026-07-13; CEPII GeoDist; CBSA T2026-2 label,2024,observed,4190008188358.5698,123975371,18.817440470747002,85.541530809999998,1830489311088.8899,130861007,20.130560879445,83.122337990000005,observed
2024,Japan,Mexico,JPN,MEX,8703,"Motor cars and other motor vehicles principally designed for the transport of persons (other than those of heading 87.02), including station wagons and racing cars.",1523309798,11098.870000000001,0,0,55812409639,4457213078,690236354586,observed_baci_reconciled,BACI HS2022 V202601 Y2024; WDI 2026-07-13; CEPII GeoDist; CBSA T2026-2 label,2024,observed,4190008188358.5698,123975371,18.817440470747002,85.541530809999998,1830489311088.8899,130861007,20.130560879445,83.122337990000005,observed
2024,Japan,United Kingdom,JPN,GBR,1001,Wheat and meslin.,0,9436.2479999999996,0,0,235778,376779299,52597916506,baci_grid_zero,BACI HS2022 V202601 Y2024; WDI 2026-07-13; CEPII GeoDist; CBSA T2026-2 label,2024,observed,4190008188358.5698,123975371,18.817440470747002,85.541530809999998,3695539513534.1499,69281000,7.9734900624048004,95.472099299999996,observed
2024,Japan,United Kingdom,JPN,GBR,8703,"Motor cars and other motor vehicles principally designed for the transport of persons (other than those of heading 87.02), including station wagons and racing cars.",3096026636,9436.2479999999996,0,0,55812409639,29509676815,690236354586,observed_baci_reconciled,BACI HS2022 V202601 Y2024; WDI 2026-07-13; CEPII GeoDist; CBSA T2026-2 label,2024,observed,4190008188358.5698,123975371,18.817440470747002,85.541530809999998,3695539513534.1499,69281000,7.9734900624048004,95.472099299999996,observed
2024,Japan,United States,JPN,USA,1001,Wheat and meslin.,0,10286.190000000001,0,0,235778,57470062,52597916506,baci_grid_zero,BACI HS2022 V202601 Y2024; WDI 2026-07-13; CEPII GeoDist; CBSA T2026-2 label,2024,observed,4190008188358.5698,123975371,18.817440470747002,85.541530809999998,29298013000000,340003797,,94.693801879999995,missing destination_manufacturing
2024,Japan,United States,JPN,USA,8703,"Motor cars and other motor vehicles principally designed for the transport of persons (other than those of heading 87.02), including station wagons and racing cars.",40489527390,10286.190000000001,0,0,55812409639,57531437153,690236354586,observed_baci_reconciled,BACI HS2022 V202601 Y2024; WDI 2026-07-13; CEPII GeoDist; CBSA T2026-2 label,2024,observed,4190008188358.5698,123975371,18.817440470747002,85.541530809999998,29298013000000,340003797,,94.693801879999995,missing destination_manufacturing
2024,Mexico,Canada,MEX,CAN,1001,Wheat and meslin.,18,3442.7750000000001,0,0,14411819,754166,52597916506,observed_baci_reconciled,BACI HS2022 V202601 Y2024; WDI 2026-07-13; CEPII GeoDist; CBSA T2026-2 label,2024,observed,1830489311088.8899,130861007,20.130560879445,83.122337990000005,2270076189683.46,41262329,,94.353301999999999,missing destination_manufacturing
2024,Mexico,Canada,MEX,CAN,8703,"Motor cars and other motor vehicles principally designed for the transport of persons (other than those of heading 87.02), including station wagons and racing cars.",5918119238,3442.7750000000001,0,0,6004558011,6773417935,690236354586,observed_baci_reconciled,BACI HS2022 V202601 Y2024; WDI 2026-07-13; CEPII GeoDist; CBSA T2026-2 label,2024,observed,1830489311088.8899,130861007,20.130560879445,83.122337990000005,2270076189683.46,41262329,,94.353301999999999,missing destination_manufacturing
2024,Mexico,China,MEX,CHN,1001,Wheat and meslin.,2671,12411.549999999999,0,0,14411819,1631713426,52597916506,observed_baci_reconciled,BACI HS2022 V202601 Y2024; WDI 2026-07-13; CEPII GeoDist; CBSA T2026-2 label,2024,observed,1830489311088.8899,130861007,20.130560879445,83.122337990000005,18729668435848,1408975000,24.841584189263099,92,observed
2024,Mexico,China,MEX,CHN,8703,"Motor cars and other motor vehicles principally designed for the transport of persons (other than those of heading 87.02), including station wagons and racing cars.",255985743,12411.549999999999,0,0,6004558011,6562419218,690236354586,observed_baci_reconciled,BACI HS2022 V202601 Y2024; WDI 2026-07-13; CEPII GeoDist; CBSA T2026-2 label,2024,observed,1830489311088.8899,130861007,20.130560879445,83.122337990000005,18729668435848,1408975000,24.841584189263099,92,observed
2024,Mexico,Germany,MEX,DEU,1001,Wheat and meslin.,2,9475.768,0,0,14411819,1556529862,52597916506,observed_baci_reconciled,BACI HS2022 V202601 Y2024; WDI 2026-07-13; CEPII GeoDist; CBSA T2026-2 label,2024,observed,1830489311088.8899,130861007,20.130560879445,83.122337990000005,4685592577804.6904,83516593,18.006708293196802,93.49999579,observed
2024,Mexico,Germany,MEX,DEU,8703,"Motor cars and other motor vehicles principally designed for the transport of persons (other than those of heading 87.02), including station wagons and racing cars.",3979822545,9475.768,0,0,6004558011,50774580115,690236354586,observed_baci_reconciled,BACI HS2022 V202601 Y2024; WDI 2026-07-13; CEPII GeoDist; CBSA T2026-2 label,2024,observed,1830489311088.8899,130861007,20.130560879445,83.122337990000005,4685592577804.6904,83516593,18.006708293196802,93.49999579,observed
2024,Mexico,Japan,MEX,JPN,1001,Wheat and meslin.,0,11098.870000000001,0,0,14411819,364070458,52597916506,baci_grid_zero,BACI HS2022 V202601 Y2024; WDI 2026-07-13; CEPII GeoDist; CBSA T2026-2 label,2024,observed,1830489311088.8899,130861007,20.130560879445,83.122337990000005,4190008188358.5698,123975371,18.817440470747002,85.541530809999998,observed
2024,Mexico,Japan,MEX,JPN,8703,"Motor cars and other motor vehicles principally designed for the transport of persons (other than those of heading 87.02), including station wagons and racing cars.",418148376,11098.870000000001,0,0,6004558011,4476090560,690236354586,observed_baci_reconciled,BACI HS2022 V202601 Y2024; WDI 2026-07-13; CEPII GeoDist; CBSA T2026-2 label,2024,observed,1830489311088.8899,130861007,20.130560879445,83.122337990000005,4190008188358.5698,123975371,18.817440470747002,85.541530809999998,observed
2024,Mexico,United Kingdom,MEX,GBR,1001,Wheat and meslin.,0,8734.4879999999994,0,0,14411819,376779299,52597916506,baci_grid_zero,BACI HS2022 V202601 Y2024; WDI 2026-07-13; CEPII GeoDist; CBSA T2026-2 label,2024,observed,1830489311088.8899,130861007,20.130560879445,83.122337990000005,3695539513534.1499,69281000,7.9734900624048004,95.472099299999996,observed
2024,Mexico,United Kingdom,MEX,GBR,8703,"Motor cars and other motor vehicles principally designed for the transport of persons (other than those of heading 87.02), including station wagons and racing cars.",1036234550,8734.4879999999994,0,0,6004558011,29509676815,690236354586,observed_baci_reconciled,BACI HS2022 V202601 Y2024; WDI 2026-07-13; CEPII GeoDist; CBSA T2026-2 label,2024,observed,1830489311088.8899,130861007,20.130560879445,83.122337990000005,3695539513534.1499,69281000,7.9734900624048004,95.472099299999996,observed
2024,Mexico,United States,MEX,USA,1001,Wheat and meslin.,323719,2468.4050000000002,0,1,14411819,57470062,52597916506,observed_baci_reconciled,BACI HS2022 V202601 Y2024; WDI 2026-07-13; CEPII GeoDist; CBSA T2026-2 label,2024,observed,1830489311088.8899,130861007,20.130560879445,83.122337990000005,29298013000000,340003797,,94.693801879999995,missing destination_manufacturing
2024,Mexico,United States,MEX,USA,8703,"Motor cars and other motor vehicles principally designed for the transport of persons (other than those of heading 87.02), including station wagons and racing cars.",49637259600,2468.4050000000002,0,1,6004558011,57531437153,690236354586,observed_baci_reconciled,BACI HS2022 V202601 Y2024; WDI 2026-07-13; CEPII GeoDist; CBSA T2026-2 label,2024,observed,1830489311088.8899,130861007,20.130560879445,83.122337990000005,29298013000000,340003797,,94.693801879999995,missing destination_manufacturing
2024,United Kingdom,Canada,GBR,CAN,1001,Wheat and meslin.,1943,5849.7719999999999,1,0,51385225,754166,52597916506,observed_baci_reconciled,BACI HS2022 V202601 Y2024; WDI 2026-07-13; CEPII GeoDist; CBSA T2026-2 label,2024,observed,3695539513534.1499,69281000,7.9734900624048004,95.472099299999996,2270076189683.46,41262329,,94.353301999999999,missing destination_manufacturing
2024,United Kingdom,Canada,GBR,CAN,8703,"Motor cars and other motor vehicles principally designed for the transport of persons (other than those of heading 87.02), including station wagons and racing cars.",592950008,5849.7719999999999,1,0,18042215586,6773417935,690236354586,observed_baci_reconciled,BACI HS2022 V202601 Y2024; WDI 2026-07-13; CEPII GeoDist; CBSA T2026-2 label,2024,observed,3695539513534.1499,69281000,7.9734900624048004,95.472099299999996,2270076189683.46,41262329,,94.353301999999999,missing destination_manufacturing
2024,United Kingdom,China,GBR,CHN,1001,Wheat and meslin.,29358,8539.1499999999996,0,0,51385225,1631713426,52597916506,observed_baci_reconciled,BACI HS2022 V202601 Y2024; WDI 2026-07-13; CEPII GeoDist; CBSA T2026-2 label,2024,observed,3695539513534.1499,69281000,7.9734900624048004,95.472099299999996,18729668435848,1408975000,24.841584189263099,92,observed
2024,United Kingdom,China,GBR,CHN,8703,"Motor cars and other motor vehicles principally designed for the transport of persons (other than those of heading 87.02), including station wagons and racing cars.",4078424924,8539.1499999999996,0,0,18042215586,6562419218,690236354586,observed_baci_reconciled,BACI HS2022 V202601 Y2024; WDI 2026-07-13; CEPII GeoDist; CBSA T2026-2 label,2024,observed,3695539513534.1499,69281000,7.9734900624048004,95.472099299999996,18729668435848,1408975000,24.841584189263099,92,observed
2024,United Kingdom,Germany,GBR,DEU,1001,Wheat and meslin.,71283,808.64099999999996,0,0,51385225,1556529862,52597916506,observed_baci_reconciled,BACI HS2022 V202601 Y2024; WDI 2026-07-13; CEPII GeoDist; CBSA T2026-2 label,2024,observed,3695539513534.1499,69281000,7.9734900624048004,95.472099299999996,4685592577804.6904,83516593,18.006708293196802,93.49999579,observed
2024,United Kingdom,Germany,GBR,DEU,8703,"Motor cars and other motor vehicles principally designed for the transport of persons (other than those of heading 87.02), including station wagons and racing cars.",2443797094,808.64099999999996,0,0,18042215586,50774580115,690236354586,observed_baci_reconciled,BACI HS2022 V202601 Y2024; WDI 2026-07-13; CEPII GeoDist; CBSA T2026-2 label,2024,observed,3695539513534.1499,69281000,7.9734900624048004,95.472099299999996,4685592577804.6904,83516593,18.006708293196802,93.49999579,observed
2024,United Kingdom,Japan,GBR,JPN,1001,Wheat and meslin.,3035,9436.2479999999996,0,0,51385225,364070458,52597916506,observed_baci_reconciled,BACI HS2022 V202601 Y2024; WDI 2026-07-13; CEPII GeoDist; CBSA T2026-2 label,2024,observed,3695539513534.1499,69281000,7.9734900624048004,95.472099299999996,4190008188358.5698,123975371,18.817440470747002,85.541530809999998,observed
2024,United Kingdom,Japan,GBR,JPN,8703,"Motor cars and other motor vehicles principally designed for the transport of persons (other than those of heading 87.02), including station wagons and racing cars.",1031790547,9436.2479999999996,0,0,18042215586,4476090560,690236354586,observed_baci_reconciled,BACI HS2022 V202601 Y2024; WDI 2026-07-13; CEPII GeoDist; CBSA T2026-2 label,2024,observed,3695539513534.1499,69281000,7.9734900624048004,95.472099299999996,4190008188358.5698,123975371,18.817440470747002,85.541530809999998,observed
2024,United Kingdom,Mexico,GBR,MEX,1001,Wheat and meslin.,0,8734.4889999999996,0,0,51385225,9279720,52597916506,baci_grid_zero,BACI HS2022 V202601 Y2024; WDI 2026-07-13; CEPII GeoDist; CBSA T2026-2 label,2024,observed,3695539513534.1499,69281000,7.9734900624048004,95.472099299999996,1830489311088.8899,130861007,20.130560879445,83.122337990000005,observed
2024,United Kingdom,Mexico,GBR,MEX,8703,"Motor cars and other motor vehicles principally designed for the transport of persons (other than those of heading 87.02), including station wagons and racing cars.",221441018,8734.4889999999996,0,0,18042215586,4457213078,690236354586,observed_baci_reconciled,BACI HS2022 V202601 Y2024; WDI 2026-07-13; CEPII GeoDist; CBSA T2026-2 label,2024,observed,3695539513534.1499,69281000,7.9734900624048004,95.472099299999996,1830489311088.8899,130861007,20.130560879445,83.122337990000005,observed
2024,United Kingdom,United States,GBR,USA,1001,Wheat and meslin.,461387,6878.4930000000004,1,0,51385225,57470062,52597916506,observed_baci_reconciled,BACI HS2022 V202601 Y2024; WDI 2026-07-13; CEPII GeoDist; CBSA T2026-2 label,2024,observed,3695539513534.1499,69281000,7.9734900624048004,95.472099299999996,29298013000000,340003797,,94.693801879999995,missing destination_manufacturing
2024,United Kingdom,United States,GBR,USA,8703,"Motor cars and other motor vehicles principally designed for the transport of persons (other than those of heading 87.02), including station wagons and racing cars.",9760731714,6878.4930000000004,1,0,18042215586,57531437153,690236354586,observed_baci_reconciled,BACI HS2022 V202601 Y2024; WDI 2026-07-13; CEPII GeoDist; CBSA T2026-2 label,2024,observed,3695539513534.1499,69281000,7.9734900624048004,95.472099299999996,29298013000000,340003797,,94.693801879999995,missing destination_manufacturing
2024,United States,Canada,USA,CAN,1001,Wheat and meslin.,24530233,2079.297,1,1,4313660921,754166,52597916506,observed_baci_reconciled,BACI HS2022 V202601 Y2024; WDI 2026-07-13; CEPII GeoDist; CBSA T2026-2 label,2024,observed,29298013000000,340003797,,94.693801879999995,2270076189683.46,41262329,,94.353301999999999,"missing exporter_manufacturing,destination_manufacturing"
2024,United States,Canada,USA,CAN,8703,"Motor cars and other motor vehicles principally designed for the transport of persons (other than those of heading 87.02), including station wagons and racing cars.",15597579400,2079.297,1,1,26489372354,6773417935,690236354586,observed_baci_reconciled,BACI HS2022 V202601 Y2024; WDI 2026-07-13; CEPII GeoDist; CBSA T2026-2 label,2024,observed,29298013000000,340003797,,94.693801879999995,2270076189683.46,41262329,,94.353301999999999,"missing exporter_manufacturing,destination_manufacturing"
2024,United States,China,USA,CHN,1001,Wheat and meslin.,676649911,11183.43,0,0,4313660921,1631713426,52597916506,observed_baci_reconciled,BACI HS2022 V202601 Y2024; WDI 2026-07-13; CEPII GeoDist; CBSA T2026-2 label,2024,observed,29298013000000,340003797,,94.693801879999995,18729668435848,1408975000,24.841584189263099,92,missing exporter_manufacturing
2024,United States,China,USA,CHN,8703,"Motor cars and other motor vehicles principally designed for the transport of persons (other than those of heading 87.02), including station wagons and racing cars.",5586660835,11183.43,0,0,26489372354,6562419218,690236354586,observed_baci_reconciled,BACI HS2022 V202601 Y2024; WDI 2026-07-13; CEPII GeoDist; CBSA T2026-2 label,2024,observed,29298013000000,340003797,,94.693801879999995,18729668435848,1408975000,24.841584189263099,92,missing exporter_manufacturing
2024,United States,Germany,USA,DEU,1001,Wheat and meslin.,4749,7595.4520000000002,0,0,4313660921,1556529862,52597916506,observed_baci_reconciled,BACI HS2022 V202601 Y2024; WDI 2026-07-13; CEPII GeoDist; CBSA T2026-2 label,2024,observed,29298013000000,340003797,,94.693801879999995,4685592577804.6904,83516593,18.006708293196802,93.49999579,missing exporter_manufacturing
2024,United States,Germany,USA,DEU,8703,"Motor cars and other motor vehicles principally designed for the transport of persons (other than those of heading 87.02), including station wagons and racing cars.",7595825735,7595.4520000000002,0,0,26489372354,50774580115,690236354586,observed_baci_reconciled,BACI HS2022 V202601 Y2024; WDI 2026-07-13; CEPII GeoDist; CBSA T2026-2 label,2024,observed,29298013000000,340003797,,94.693801879999995,4685592577804.6904,83516593,18.006708293196802,93.49999579,missing exporter_manufacturing
2024,United States,Japan,USA,JPN,1001,Wheat and meslin.,633126270,10286.190000000001,0,0,4313660921,364070458,52597916506,observed_baci_reconciled,BACI HS2022 V202601 Y2024; WDI 2026-07-13; CEPII GeoDist; CBSA T2026-2 label,2024,observed,29298013000000,340003797,,94.693801879999995,4190008188358.5698,123975371,18.817440470747002,85.541530809999998,missing exporter_manufacturing
2024,United States,Japan,USA,JPN,8703,"Motor cars and other motor vehicles principally designed for the transport of persons (other than those of heading 87.02), including station wagons and racing cars.",929137299,10286.190000000001,0,0,26489372354,4476090560,690236354586,observed_baci_reconciled,BACI HS2022 V202601 Y2024; WDI 2026-07-13; CEPII GeoDist; CBSA T2026-2 label,2024,observed,29298013000000,340003797,,94.693801879999995,4190008188358.5698,123975371,18.817440470747002,85.541530809999998,missing exporter_manufacturing
2024,United States,Mexico,USA,MEX,1001,Wheat and meslin.,1070869869.9999999,2468.4050000000002,0,1,4313660921,9279720,52597916506,observed_baci_reconciled,BACI HS2022 V202601 Y2024; WDI 2026-07-13; CEPII GeoDist; CBSA T2026-2 label,2024,observed,29298013000000,340003797,,94.693801879999995,1830489311088.8899,130861007,20.130560879445,83.122337990000005,missing exporter_manufacturing
2024,United States,Mexico,USA,MEX,8703,"Motor cars and other motor vehicles principally designed for the transport of persons (other than those of heading 87.02), including station wagons and racing cars.",4561751943,2468.4050000000002,0,1,26489372354,4457213078,690236354586,observed_baci_reconciled,BACI HS2022 V202601 Y2024; WDI 2026-07-13; CEPII GeoDist; CBSA T2026-2 label,2024,observed,29298013000000,340003797,,94.693801879999995,1830489311088.8899,130861007,20.130560879445,83.122337990000005,missing exporter_manufacturing
2024,United States,United Kingdom,USA,GBR,1001,Wheat and meslin.,11505,6878.4939999999997,1,0,4313660921,376779299,52597916506,observed_baci_reconciled,BACI HS2022 V202601 Y2024; WDI 2026-07-13; CEPII GeoDist; CBSA T2026-2 label,2024,observed,29298013000000,340003797,,94.693801879999995,3695539513534.1499,69281000,7.9734900624048004,95.472099299999996,missing exporter_manufacturing
2024,United States,United Kingdom,USA,GBR,8703,"Motor cars and other motor vehicles principally designed for the transport of persons (other than those of heading 87.02), including station wagons and racing cars.",1224546537,6878.4939999999997,1,0,26489372354,29509676815,690236354586,observed_baci_reconciled,BACI HS2022 V202601 Y2024; WDI 2026-07-13; CEPII GeoDist; CBSA T2026-2 label,2024,observed,29298013000000,340003797,,94.693801879999995,3695539513534.1499,69281000,7.9734900624048004,95.472099299999996,missing exporter_manufacturing
