Blender 4.5.13 LTS (hash daeeeca98fb0 built 2026-08-25 01:31:19)
Read blend: "/home/naresh/Documents/nareshpane.github.io/research/gpt-6-astra-blender/blender/city_master.blend"
Fra:1 Mem:35.76M (Peak 35.76M) | Time:00:00.03 | Mem:0.00M, Peak:0.00M | Scene, ViewLayer | Synchronizing object | City foundation
Fra:1 Mem:35.77M (Peak 35.77M) | Time:00:00.03 | Mem:0.00M, Peak:0.00M | Scene, ViewLayer | Synchronizing object | Park_5-1
Fra:1 Mem:35.78M (Peak 35.78M) | Time:00:00.03 | Mem:0.00M, Peak:0.00M | Scene, ViewLayer | Synchronizing object | Road_0-8
Fra:1 Mem:35.78M (Peak 35.78M) | Time:00:00.04 | Mem:0.00M, Peak:0.00M | Scene, ViewLayer | Synchronizing object | Road_0-1
Fra:1 Mem:35.78M (Peak 35.78M) | Time:00:00.04 | Mem:0.00M, Peak:0.00M | Scene, ViewLayer | Synchronizing object | Road_1-9
Fra:1 Mem:35.78M (Peak 35.78M) | Time:00:00.04 | Mem:0.00M, Peak:0.00M | Scene, ViewLayer | Synchronizing object | Road_1-2
Fra:1 Mem:35.78M (Peak 35.78M) | Time:00:00.04 | Mem:0.00M, Peak:0.00M | Scene, ViewLayer | Synchronizing object | Road_2-10
Fra:1 Mem:35.78M (Peak 35.78M) | Time:00:00.04 | Mem:0.00M, Peak:0.00M | Scene, ViewLayer | Synchronizing object | Road_2-3
Fra:1 Mem:35.79M (Peak 35.79M) | Time:00:00.04 | Mem:0.00M, Peak:0.00M | Scene, ViewLayer | Synchronizing object | Road_3-11
Fra:1 Mem:35.79M (Peak 35.79M) | Time:00:00.04 | Mem:0.00M, Peak:0.00M | Scene, ViewLayer | Synchronizing object | Road_4-12
Fra:1 Mem:35.79M (Peak 35.79M) | Time:00:00.04 | Mem:0.00M, Peak:0.00M | Scene, ViewLayer | Synchronizing object | Road_4-5
Fra:1 Mem:35.79M (Peak 35.79M) | Time:00:00.04 | Mem:0.00M, Peak:0.00M | Scene, ViewLayer | Synchronizing object | Road_5-13
Fra:1 Mem:35.79M (Peak 35.79M) | Time:00:00.04 | Mem:0.00M, Peak:0.00M | Scene, ViewLayer | Synchronizing object | Road_5-6
Fra:1 Mem:35.79M (Peak 35.79M) | Time:00:00.04 | Mem:0.00M, Peak:0.00M | Scene, ViewLayer | Synchronizing object | Road_6-14
Fra:1 Mem:35.79M (Peak 35.79M) | Time:00:00.04 | Mem:0.00M, Peak:0.00M | Scene, ViewLayer | Synchronizing object | Road_6-7
Fra:1 Mem:35.79M (Peak 35.79M) | Time:00:00.04 | Mem:0.00M, Peak:0.00M | Scene, ViewLayer | Synchronizing object | Road_7-15
Fra:1 Mem:35.79M (Peak 35.79M) | Time:00:00.04 | Mem:0.00M, Peak:0.00M | Scene, ViewLayer | Synchronizing object | Road_8-9
Fra:1 Mem:35.80M (Peak 35.80M) | Time:00:00.04 | Mem:0.00M, Peak:0.00M | Scene, ViewLayer | Synchronizing object | Road_9-17
Fra:1 Mem:35.80M (Peak 35.80M) | Time:00:00.04 | Mem:0.00M, Peak:0.00M | Scene, ViewLayer | Synchronizing object | Road_9-10
Fra:1 Mem:35.80M (Peak 35.80M) | Time:00:00.04 | Mem:0.00M, Peak:0.00M | Scene, ViewLayer | Synchronizing object | Road_10-18
Fra:1 Mem:35.80M (Peak 35.80M) | Time:00:00.04 | Mem:0.00M, Peak:0.00M | Scene, ViewLayer | Synchronizing object | Road_10-11
Fra:1 Mem:35.80M (Peak 35.80M) | Time:00:00.04 | Mem:0.00M, Peak:0.00M | Scene, ViewLayer | Synchronizing object | Road_11-12
Fra:1 Mem:35.80M (Peak 35.80M) | Time:00:00.04 | Mem:0.00M, Peak:0.00M | Scene, ViewLayer | Synchronizing object | BridgeRail_11-12
Fra:1 Mem:35.80M (Peak 35.80M) | Time:00:00.04 | Mem:0.00M, Peak:0.00M | Scene, ViewLayer | Synchronizing object | Road_12-20
Fra:1 Mem:35.81M (Peak 35.81M) | Time:00:00.04 | Mem:0.00M, Peak:0.00M | Scene, ViewLayer | Synchronizing object | Road_12-13
Fra:1 Mem:35.82M (Peak 35.82M) | Time:00:00.04 | Mem:0.00M, Peak:0.00M | Scene, ViewLayer | Synchronizing object | Road_13-14
Fra:1 Mem:35.82M (Peak 35.82M) | Time:00:00.04 | Mem:0.00M, Peak:0.00M | Scene, ViewLayer | Synchronizing object | Road_14-22
Fra:1 Mem:35.82M (Peak 35.82M) | Time:00:00.04 | Mem:0.00M, Peak:0.00M | Scene, ViewLayer | Synchronizing object | Road_14-15
Fra:1 Mem:35.83M (Peak 35.83M) | Time:00:00.04 | Mem:0.00M, Peak:0.00M | Scene, ViewLayer | Synchronizing object | Road_15-23
Fra:1 Mem:35.83M (Peak 35.83M) | Time:00:00.04 | Mem:0.00M, Peak:0.00M | Scene, ViewLayer | Synchronizing object | Road_16-17
Fra:1 Mem:35.83M (Peak 35.83M) | Time:00:00.04 | Mem:0.00M, Peak:0.00M | Scene, ViewLayer | Synchronizing object | Road_17-25
Fra:1 Mem:35.83M (Peak 35.83M) | Time:00:00.04 | Mem:0.00M, Peak:0.00M | Scene, ViewLayer | Synchronizing object | Road_17-18
Fra:1 Mem:35.83M (Peak 35.83M) | Time:00:00.04 | Mem:0.00M, Peak:0.00M | Scene, ViewLayer | Synchronizing object | Road_18-26
Fra:1 Mem:35.83M (Peak 35.83M) | Time:00:00.04 | Mem:0.00M, Peak:0.00M | Scene, ViewLayer | Synchronizing object | Road_18-19
Fra:1 Mem:35.83M (Peak 35.83M) | Time:00:00.04 | Mem:0.00M, Peak:0.00M | Scene, ViewLayer | Synchronizing object | Road_19-27
Fra:1 Mem:35.83M (Peak 35.83M) | Time:00:00.04 | Mem:0.00M, Peak:0.00M | Scene, ViewLayer | Synchronizing object | Road_20-28
Fra:1 Mem:35.84M (Peak 35.84M) | Time:00:00.04 | Mem:0.00M, Peak:0.00M | Scene, ViewLayer | Synchronizing object | Road_21-22
Fra:1 Mem:35.84M (Peak 35.84M) | Time:00:00.04 | Mem:0.00M, Peak:0.00M | Scene, ViewLayer | Synchronizing object | Road_22-30
Fra:1 Mem:35.84M (Peak 35.84M) | Time:00:00.04 | Mem:0.00M, Peak:0.00M | Scene, ViewLayer | Synchronizing object | Road_22-23
Fra:1 Mem:35.84M (Peak 35.84M) | Time:00:00.04 | Mem:0.00M, Peak:0.00M | Scene, ViewLayer | Synchronizing object | Road_23-31
Fra:1 Mem:35.84M (Peak 35.84M) | Time:00:00.04 | Mem:0.00M, Peak:0.00M | Scene, ViewLayer | Synchronizing object | Road_24-32
Fra:1 Mem:35.85M (Peak 35.85M) | Time:00:00.04 | Mem:0.00M, Peak:0.00M | Scene, ViewLayer | Synchronizing object | Road_24-25
Fra:1 Mem:35.85M (Peak 35.85M) | Time:00:00.04 | Mem:0.00M, Peak:0.00M | Scene, ViewLayer | Synchronizing object | Road_25-33
Fra:1 Mem:35.85M (Peak 35.85M) | Time:00:00.04 | Mem:0.00M, Peak:0.00M | Scene, ViewLayer | Synchronizing object | Road_25-26
Fra:1 Mem:35.85M (Peak 35.85M) | Time:00:00.04 | Mem:0.00M, Peak:0.00M | Scene, ViewLayer | Synchronizing object | Road_26-34
Fra:1 Mem:35.85M (Peak 35.85M) | Time:00:00.04 | Mem:0.00M, Peak:0.00M | Scene, ViewLayer | Synchronizing object | Road_26-27
Fra:1 Mem:35.85M (Peak 35.85M) | Time:00:00.04 | Mem:0.00M, Peak:0.00M | Scene, ViewLayer | Synchronizing object | Road_27-35
Fra:1 Mem:35.85M (Peak 35.85M) | Time:00:00.04 | Mem:0.00M, Peak:0.00M | Scene, ViewLayer | Synchronizing object | Road_28-36
Fra:1 Mem:35.85M (Peak 35.85M) | Time:00:00.04 | Mem:0.00M, Peak:0.00M | Scene, ViewLayer | Synchronizing object | Road_28-29
Fra:1 Mem:35.85M (Peak 35.85M) | Time:00:00.04 | Mem:0.00M, Peak:0.00M | Scene, ViewLayer | Synchronizing object | Road_29-30
Fra:1 Mem:35.86M (Peak 35.86M) | Time:00:00.04 | Mem:0.00M, Peak:0.00M | Scene, ViewLayer | Synchronizing object | Road_30-38
Fra:1 Mem:35.86M (Peak 35.86M) | Time:00:00.04 | Mem:0.00M, Peak:0.00M | Scene, ViewLayer | Synchronizing object | Road_30-31
Fra:1 Mem:35.86M (Peak 35.86M) | Time:00:00.04 | Mem:0.00M, Peak:0.00M | Scene, ViewLayer | Synchronizing object | Road_32-40
Fra:1 Mem:35.86M (Peak 35.86M) | Time:00:00.04 | Mem:0.00M, Peak:0.00M | Scene, ViewLayer | Synchronizing object | Road_33-41
Fra:1 Mem:35.86M (Peak 35.86M) | Time:00:00.04 | Mem:0.00M, Peak:0.00M | Scene, ViewLayer | Synchronizing object | Road_33-34
Fra:1 Mem:35.86M (Peak 35.86M) | Time:00:00.04 | Mem:0.00M, Peak:0.00M | Scene, ViewLayer | Synchronizing object | Road_34-42
Fra:1 Mem:35.87M (Peak 35.87M) | Time:00:00.04 | Mem:0.00M, Peak:0.00M | Scene, ViewLayer | Synchronizing object | Road_34-35
Fra:1 Mem:35.87M (Peak 35.87M) | Time:00:00.04 | Mem:0.00M, Peak:0.00M | Scene, ViewLayer | Synchronizing object | Road_35-43
Fra:1 Mem:35.87M (Peak 35.87M) | Time:00:00.04 | Mem:0.00M, Peak:0.00M | Scene, ViewLayer | Synchronizing object | Road_35-36
Fra:1 Mem:35.87M (Peak 35.87M) | Time:00:00.04 | Mem:0.00M, Peak:0.00M | Scene, ViewLayer | Synchronizing object | BridgeRail_35-36
Fra:1 Mem:35.87M (Peak 35.87M) | Time:00:00.04 | Mem:0.00M, Peak:0.00M | Scene, ViewLayer | Synchronizing object | Road_36-37
Fra:1 Mem:35.88M (Peak 35.88M) | Time:00:00.04 | Mem:0.00M, Peak:0.00M | Scene, ViewLayer | Synchronizing object | Road_37-38
Fra:1 Mem:35.89M (Peak 35.89M) | Time:00:00.04 | Mem:0.00M, Peak:0.00M | Scene, ViewLayer | Synchronizing object | Road_38-46
Fra:1 Mem:35.89M (Peak 35.89M) | Time:00:00.04 | Mem:0.00M, Peak:0.00M | Scene, ViewLayer | Synchronizing object | Road_38-39
Fra:1 Mem:35.89M (Peak 35.89M) | Time:00:00.04 | Mem:0.00M, Peak:0.00M | Scene, ViewLayer | Synchronizing object | Road_40-41
Fra:1 Mem:35.89M (Peak 35.89M) | Time:00:00.04 | Mem:0.00M, Peak:0.00M | Scene, ViewLayer | Synchronizing object | Road_41-49
Fra:1 Mem:35.89M (Peak 35.89M) | Time:00:00.04 | Mem:0.00M, Peak:0.00M | Scene, ViewLayer | Synchronizing object | Road_41-42
Fra:1 Mem:35.89M (Peak 35.89M) | Time:00:00.04 | Mem:0.00M, Peak:0.00M | Scene, ViewLayer | Synchronizing object | Road_42-43
Fra:1 Mem:35.90M (Peak 35.90M) | Time:00:00.04 | Mem:0.00M, Peak:0.00M | Scene, ViewLayer | Synchronizing object | Road_43-51
Fra:1 Mem:35.90M (Peak 35.90M) | Time:00:00.04 | Mem:0.00M, Peak:0.00M | Scene, ViewLayer | Synchronizing object | Road_44-45
Fra:1 Mem:35.90M (Peak 35.90M) | Time:00:00.04 | Mem:0.00M, Peak:0.00M | Scene, ViewLayer | Synchronizing object | Road_45-53
Fra:1 Mem:35.90M (Peak 35.90M) | Time:00:00.04 | Mem:0.00M, Peak:0.00M | Scene, ViewLayer | Synchronizing object | Road_45-46
Fra:1 Mem:35.90M (Peak 35.90M) | Time:00:00.04 | Mem:0.00M, Peak:0.00M | Scene, ViewLayer | Synchronizing object | Road_46-47
Fra:1 Mem:35.91M (Peak 35.91M) | Time:00:00.04 | Mem:0.00M, Peak:0.00M | Scene, ViewLayer | Synchronizing object | Road_47-55
Fra:1 Mem:35.91M (Peak 35.91M) | Time:00:00.04 | Mem:0.00M, Peak:0.00M | Scene, ViewLayer | Synchronizing object | Road_48-49
Fra:1 Mem:35.91M (Peak 35.91M) | Time:00:00.04 | Mem:0.00M, Peak:0.00M | Scene, ViewLayer | Synchronizing object | Road_49-50
Fra:1 Mem:35.91M (Peak 35.91M) | Time:00:00.04 | Mem:0.00M, Peak:0.00M | Scene, ViewLayer | Synchronizing object | Road_50-51
Fra:1 Mem:35.91M (Peak 35.91M) | Time:00:00.04 | Mem:0.00M, Peak:0.00M | Scene, ViewLayer | Synchronizing object | Road_53-54
Fra:1 Mem:35.91M (Peak 35.91M) | Time:00:00.04 | Mem:0.00M, Peak:0.00M | Scene, ViewLayer | Synchronizing object | All block sidewalks
Fra:1 Mem:35.92M (Peak 35.92M) | Time:00:00.04 | Mem:0.00M, Peak:0.00M | Scene, ViewLayer | Synchronizing object | All lane dashes and crossings
Fra:1 Mem:35.94M (Peak 35.94M) | Time:00:00.04 | Mem:0.00M, Peak:0.00M | Scene, ViewLayer | Synchronizing object | B001 • Old Quay
Fra:1 Mem:35.94M (Peak 35.94M) | Time:00:00.04 | Mem:0.00M, Peak:0.00M | Scene, ViewLayer | Synchronizing object | B002 • Old Quay
Fra:1 Mem:35.94M (Peak 35.94M) | Time:00:00.04 | Mem:0.00M, Peak:0.00M | Scene, ViewLayer | Synchronizing object | B003 • Old Quay
Fra:1 Mem:36.13M (Peak 36.13M) | Time:00:00.04 | Mem:0.00M, Peak:0.00M | Scene, ViewLayer | Synchronizing object | B004 • Old Quay
Fra:1 Mem:36.47M (Peak 36.47M) | Time:00:00.04 | Mem:0.00M, Peak:0.00M | Scene, ViewLayer | Synchronizing object | B005 • Old Quay
Fra:1 Mem:36.62M (Peak 36.62M) | Time:00:00.04 | Mem:0.00M, Peak:0.00M | Scene, ViewLayer | Synchronizing object | B006 • Old Quay
Fra:1 Mem:36.65M (Peak 36.65M) | Time:00:00.04 | Mem:0.00M, Peak:0.00M | Scene, ViewLayer | Synchronizing object | B007 • Old Quay
Fra:1 Mem:37.12M (Peak 37.12M) | Time:00:00.04 | Mem:0.00M, Peak:0.00M | Scene, ViewLayer | Synchronizing object | B008 • Old Quay
Fra:1 Mem:37.15M (Peak 37.15M) | Time:00:00.04 | Mem:0.00M, Peak:0.00M | Scene, ViewLayer | Synchronizing object | B009 • Old Quay
Fra:1 Mem:37.25M (Peak 37.25M) | Time:00:00.04 | Mem:0.00M, Peak:0.00M | Scene, ViewLayer | Synchronizing object | B010 • Old Quay
Fra:1 Mem:37.30M (Peak 37.30M) | Time:00:00.04 | Mem:0.00M, Peak:0.00M | Scene, ViewLayer | Synchronizing object | B011 • Old Quay
Fra:1 Mem:37.46M (Peak 37.46M) | Time:00:00.04 | Mem:0.00M, Peak:0.00M | Scene, ViewLayer | Synchronizing object | B012 • Old Quay
Fra:1 Mem:37.48M (Peak 37.48M) | Time:00:00.04 | Mem:0.00M, Peak:0.00M | Scene, ViewLayer | Synchronizing object | B014 • Old Quay
Fra:1 Mem:37.49M (Peak 37.49M) | Time:00:00.04 | Mem:0.00M, Peak:0.00M | Scene, ViewLayer | Synchronizing object | B015 • Old Quay
Fra:1 Mem:37.57M (Peak 37.57M) | Time:00:00.04 | Mem:0.00M, Peak:0.00M | Scene, ViewLayer | Synchronizing object | B016 • Old Quay
Fra:1 Mem:37.65M (Peak 37.65M) | Time:00:00.04 | Mem:0.00M, Peak:0.00M | Scene, ViewLayer | Synchronizing object | B017 • Old Quay
Fra:1 Mem:37.67M (Peak 37.67M) | Time:00:00.04 | Mem:0.00M, Peak:0.00M | Scene, ViewLayer | Synchronizing object | B018 • Old Quay
Fra:1 Mem:37.67M (Peak 37.67M) | Time:00:00.04 | Mem:0.00M, Peak:0.00M | Scene, ViewLayer | Synchronizing object | B019 • Civic Terrace
Fra:1 Mem:37.70M (Peak 37.70M) | Time:00:00.04 | Mem:0.00M, Peak:0.00M | Scene, ViewLayer | Synchronizing object | B020 • Civic Terrace
Fra:1 Mem:37.80M (Peak 37.80M) | Time:00:00.04 | Mem:0.00M, Peak:0.00M | Scene, ViewLayer | Synchronizing object | B021 • Civic Terrace
Fra:1 Mem:37.88M (Peak 37.88M) | Time:00:00.04 | Mem:0.00M, Peak:0.00M | Scene, ViewLayer | Synchronizing object | B022 • Civic Terrace
Fra:1 Mem:38.02M (Peak 38.02M) | Time:00:00.04 | Mem:0.00M, Peak:0.00M | Scene, ViewLayer | Synchronizing object | B023 • Civic Terrace
Fra:1 Mem:38.12M (Peak 38.12M) | Time:00:00.04 | Mem:0.00M, Peak:0.00M | Scene, ViewLayer | Synchronizing object | B024 • Civic Terrace
Fra:1 Mem:38.29M (Peak 38.29M) | Time:00:00.04 | Mem:0.00M, Peak:0.00M | Scene, ViewLayer | Synchronizing object | B025 • Civic Terrace
Fra:1 Mem:38.29M (Peak 38.29M) | Time:00:00.04 | Mem:0.00M, Peak:0.00M | Scene, ViewLayer | Synchronizing object | B026 • Civic Terrace
Fra:1 Mem:38.50M (Peak 38.50M) | Time:00:00.04 | Mem:0.00M, Peak:0.00M | Scene, ViewLayer | Synchronizing object | B027 • Civic Terrace
Fra:1 Mem:38.64M (Peak 38.64M) | Time:00:00.04 | Mem:0.00M, Peak:0.00M | Scene, ViewLayer | Synchronizing object | B028 • Civic Terrace
Fra:1 Mem:38.72M (Peak 38.72M) | Time:00:00.04 | Mem:0.00M, Peak:0.00M | Scene, ViewLayer | Synchronizing object | B029 • Civic Terrace
Fra:1 Mem:38.85M (Peak 38.85M) | Time:00:00.04 | Mem:0.00M, Peak:0.00M | Scene, ViewLayer | Synchronizing object | B030 • Civic Terrace
Fra:1 Mem:38.90M (Peak 38.90M) | Time:00:00.04 | Mem:0.00M, Peak:0.00M | Scene, ViewLayer | Synchronizing object | B031 • Civic Terrace
Fra:1 Mem:38.90M (Peak 38.90M) | Time:00:00.04 | Mem:0.00M, Peak:0.00M | Scene, ViewLayer | Synchronizing object | Afternoon sun
Fra:1 Mem:38.93M (Peak 38.93M) | Time:00:00.04 | Mem:0.00M, Peak:0.00M | Scene, ViewLayer | Synchronizing object | Sky fill
Fra:1 Mem:38.93M (Peak 38.93M) | Time:00:00.04 | Mem:0.00M, Peak:0.00M | Scene, ViewLayer | Synchronizing object | Warm softbox
Fra:1 Mem:38.95M (Peak 38.95M) | Time:00:00.04 | Mem:0.00M, Peak:0.00M | Scene, ViewLayer | Synchronizing object | Studio floor • excluded from GLB
Fra:1 Mem:38.96M (Peak 38.96M) | Time:00:00.04 | Mem:0.00M, Peak:0.00M | Scene, ViewLayer | Synchronizing object | Four station shelters • batched
Fra:1 Mem:38.96M (Peak 38.96M) | Time:00:00.04 | Mem:0.00M, Peak:0.00M | Scene, ViewLayer | Synchronizing object | B032 • Civic Terrace
Fra:1 Mem:39.14M (Peak 39.14M) | Time:00:00.04 | Mem:0.00M, Peak:0.00M | Scene, ViewLayer | Synchronizing object | Existing transit • corridor offset 2 m for visibility
Fra:1 Mem:39.20M (Peak 39.20M) | Time:00:00.04 | Mem:0.00M, Peak:0.00M | Scene, ViewLayer | Synchronizing object | Lamp_0
Fra:1 Mem:39.21M (Peak 39.21M) | Time:00:00.04 | Mem:0.00M, Peak:0.00M | Scene, ViewLayer | Synchronizing object | B033 • Civic Terrace
Fra:1 Mem:39.23M (Peak 39.23M) | Time:00:00.04 | Mem:0.00M, Peak:0.00M | Scene, ViewLayer | Synchronizing object | Tree_00_00
Fra:1 Mem:39.23M (Peak 39.23M) | Time:00:00.04 | Mem:0.00M, Peak:0.00M | Scene, ViewLayer | Synchronizing object | B035 • Civic Terrace
Fra:1 Mem:39.30M (Peak 39.30M) | Time:00:00.04 | Mem:0.00M, Peak:0.00M | Scene, ViewLayer | Synchronizing object | B204 • Innovation District
Fra:1 Mem:39.44M (Peak 39.44M) | Time:00:00.04 | Mem:0.00M, Peak:0.00M | Scene, ViewLayer | Synchronizing object | B036 • Civic Terrace
Fra:1 Mem:39.54M (Peak 39.54M) | Time:00:00.04 | Mem:0.00M, Peak:0.00M | Scene, ViewLayer | Synchronizing object | B037 • Old Quay
Fra:1 Mem:39.56M (Peak 39.56M) | Time:00:00.04 | Mem:0.00M, Peak:0.00M | Scene, ViewLayer | Synchronizing object | B203 • Innovation District
Fra:1 Mem:39.57M (Peak 39.57M) | Time:00:00.04 | Mem:0.00M, Peak:0.00M | Scene, ViewLayer | Synchronizing object | B038 • Old Quay
Fra:1 Mem:39.69M (Peak 39.69M) | Time:00:00.04 | Mem:0.00M, Peak:0.00M | Scene, ViewLayer | Synchronizing object | B039 • Old Quay
Fra:1 Mem:39.77M (Peak 39.77M) | Time:00:00.04 | Mem:0.00M, Peak:0.00M | Scene, ViewLayer | Synchronizing object | B040 • Old Quay
Fra:1 Mem:39.79M (Peak 39.79M) | Time:00:00.04 | Mem:0.00M, Peak:0.00M | Scene, ViewLayer | Synchronizing object | B041 • Old Quay
Fra:1 Mem:39.85M (Peak 39.85M) | Time:00:00.04 | Mem:0.00M, Peak:0.00M | Scene, ViewLayer | Synchronizing object | B042 • Old Quay
Fra:1 Mem:39.84M (Peak 39.85M) | Time:00:00.04 | Mem:0.00M, Peak:0.00M | Scene, ViewLayer | Synchronizing object | B202 • Innovation District
Fra:1 Mem:39.90M (Peak 39.91M) | Time:00:00.04 | Mem:0.00M, Peak:0.00M | Scene, ViewLayer | Synchronizing object | B043 • Old Quay
Fra:1 Mem:40.00M (Peak 40.00M) | Time:00:00.04 | Mem:0.00M, Peak:0.00M | Scene, ViewLayer | Synchronizing object | B044 • Old Quay
Fra:1 Mem:40.01M (Peak 40.01M) | Time:00:00.04 | Mem:0.00M, Peak:0.00M | Scene, ViewLayer | Synchronizing object | B045 • Old Quay
Fra:1 Mem:40.13M (Peak 40.13M) | Time:00:00.04 | Mem:0.00M, Peak:0.00M | Scene, ViewLayer | Synchronizing object | B046 • Old Quay
Fra:1 Mem:40.16M (Peak 40.16M) | Time:00:00.04 | Mem:0.00M, Peak:0.00M | Scene, ViewLayer | Synchronizing object | B047 • Old Quay
Fra:1 Mem:40.22M (Peak 40.22M) | Time:00:00.04 | Mem:0.00M, Peak:0.00M | Scene, ViewLayer | Synchronizing object | B048 • Old Quay
Fra:1 Mem:40.24M (Peak 40.24M) | Time:00:00.04 | Mem:0.00M, Peak:0.00M | Scene, ViewLayer | Synchronizing object | B049 • Old Quay
Fra:1 Mem:40.27M (Peak 40.27M) | Time:00:00.04 | Mem:0.00M, Peak:0.00M | Scene, ViewLayer | Synchronizing object | B050 • Old Quay
Fra:1 Mem:40.31M (Peak 40.31M) | Time:00:00.04 | Mem:0.00M, Peak:0.00M | Scene, ViewLayer | Synchronizing object | B051 • Old Quay
Fra:1 Mem:40.37M (Peak 40.37M) | Time:00:00.04 | Mem:0.00M, Peak:0.00M | Scene, ViewLayer | Synchronizing object | B052 • Old Quay
Fra:1 Mem:40.40M (Peak 40.40M) | Time:00:00.04 | Mem:0.00M, Peak:0.00M | Scene, ViewLayer | Synchronizing object | B053 • Old Quay
Fra:1 Mem:40.45M (Peak 40.45M) | Time:00:00.04 | Mem:0.00M, Peak:0.00M | Scene, ViewLayer | Synchronizing object | B054 • Old Quay
Fra:1 Mem:40.45M (Peak 40.45M) | Time:00:00.04 | Mem:0.00M, Peak:0.00M | Scene, ViewLayer | Synchronizing object | B055 • Civic Terrace
Fra:1 Mem:40.60M (Peak 40.60M) | Time:00:00.04 | Mem:0.00M, Peak:0.00M | Scene, ViewLayer | Synchronizing object | B056 • Civic Terrace
Fra:1 Mem:40.60M (Peak 40.60M) | Time:00:00.04 | Mem:0.00M, Peak:0.00M | Scene, ViewLayer | Synchronizing object | B057 • Civic Terrace
Fra:1 Mem:40.62M (Peak 40.62M) | Time:00:00.04 | Mem:0.00M, Peak:0.00M | Scene, ViewLayer | Synchronizing object | B200 • Innovation District
Fra:1 Mem:40.82M (Peak 40.82M) | Time:00:00.04 | Mem:0.00M, Peak:0.00M | Scene, ViewLayer | Synchronizing object | B058 • Civic Terrace
Fra:1 Mem:40.98M (Peak 40.98M) | Time:00:00.04 | Mem:0.00M, Peak:0.00M | Scene, ViewLayer | Synchronizing object | B059 • Civic Terrace
Fra:1 Mem:41.11M (Peak 41.11M) | Time:00:00.04 | Mem:0.00M, Peak:0.00M | Scene, ViewLayer | Synchronizing object | B060 • Civic Terrace
Fra:1 Mem:41.20M (Peak 41.20M) | Time:00:00.04 | Mem:0.00M, Peak:0.00M | Scene, ViewLayer | Synchronizing object | B061 • Civic Terrace
Fra:1 Mem:41.32M (Peak 41.32M) | Time:00:00.04 | Mem:0.00M, Peak:0.00M | Scene, ViewLayer | Synchronizing object | B062 • Civic Terrace
Fra:1 Mem:41.43M (Peak 41.43M) | Time:00:00.04 | Mem:0.00M, Peak:0.00M | Scene, ViewLayer | Synchronizing object | B063 • Civic Terrace
Fra:1 Mem:41.42M (Peak 41.43M) | Time:00:00.04 | Mem:0.00M, Peak:0.00M | Scene, ViewLayer | Synchronizing object | B064 • Civic Terrace
Fra:1 Mem:41.50M (Peak 41.50M) | Time:00:00.04 | Mem:0.00M, Peak:0.00M | Scene, ViewLayer | Synchronizing object | B065 • Civic Terrace
Fra:1 Mem:41.65M (Peak 41.65M) | Time:00:00.04 | Mem:0.00M, Peak:0.00M | Scene, ViewLayer | Synchronizing object | B066 • Civic Terrace
Fra:1 Mem:41.64M (Peak 41.65M) | Time:00:00.04 | Mem:0.00M, Peak:0.00M | Scene, ViewLayer | Synchronizing object | B069 • Old Quay
Fra:1 Mem:41.88M (Peak 41.88M) | Time:00:00.04 | Mem:0.00M, Peak:0.00M | Scene, ViewLayer | Synchronizing object | B070 • Old Quay
Fra:1 Mem:41.94M (Peak 41.94M) | Time:00:00.04 | Mem:0.00M, Peak:0.00M | Scene, ViewLayer | Synchronizing object | B071 • Old Quay
Fra:1 Mem:42.00M (Peak 42.00M) | Time:00:00.04 | Mem:0.00M, Peak:0.00M | Scene, ViewLayer | Synchronizing object | B072 • Old Quay
Fra:1 Mem:42.03M (Peak 42.03M) | Time:00:00.04 | Mem:0.00M, Peak:0.00M | Scene, ViewLayer | Synchronizing object | B073 • Old Quay
Fra:1 Mem:42.04M (Peak 42.04M) | Time:00:00.04 | Mem:0.00M, Peak:0.00M | Scene, ViewLayer | Synchronizing object | B074 • Old Quay
Fra:1 Mem:42.07M (Peak 42.07M) | Time:00:00.04 | Mem:0.00M, Peak:0.00M | Scene, ViewLayer | Synchronizing object | B075 • Old Quay
Fra:1 Mem:42.15M (Peak 42.15M) | Time:00:00.04 | Mem:0.00M, Peak:0.00M | Scene, ViewLayer | Synchronizing object | B076 • Old Quay
Fra:1 Mem:42.19M (Peak 42.19M) | Time:00:00.04 | Mem:0.00M, Peak:0.00M | Scene, ViewLayer | Synchronizing object | B078 • Old Quay
Fra:1 Mem:42.28M (Peak 42.28M) | Time:00:00.04 | Mem:0.00M, Peak:0.00M | Scene, ViewLayer | Synchronizing object | B079 • Old Quay
Fra:1 Mem:42.27M (Peak 42.28M) | Time:00:00.04 | Mem:0.00M, Peak:0.00M | Scene, ViewLayer | Synchronizing object | B080 • Old Quay
Fra:1 Mem:42.34M (Peak 42.34M) | Time:00:00.04 | Mem:0.00M, Peak:0.00M | Scene, ViewLayer | Synchronizing object | B081 • Old Quay
Fra:1 Mem:42.40M (Peak 42.40M) | Time:00:00.04 | Mem:0.00M, Peak:0.00M | Scene, ViewLayer | Synchronizing object | B082 • Old Quay
Fra:1 Mem:42.42M (Peak 42.42M) | Time:00:00.04 | Mem:0.00M, Peak:0.00M | Scene, ViewLayer | Synchronizing object | B083 • Old Quay
Fra:1 Mem:42.45M (Peak 42.45M) | Time:00:00.04 | Mem:0.00M, Peak:0.00M | Scene, ViewLayer | Synchronizing object | B084 • Old Quay
Fra:1 Mem:42.47M (Peak 42.47M) | Time:00:00.04 | Mem:0.00M, Peak:0.00M | Scene, ViewLayer | Synchronizing object | B085 • Civic Terrace
Fra:1 Mem:42.56M (Peak 42.56M) | Time:00:00.04 | Mem:0.00M, Peak:0.00M | Scene, ViewLayer | Synchronizing object | B086 • Civic Terrace
Fra:1 Mem:42.59M (Peak 42.59M) | Time:00:00.04 | Mem:0.00M, Peak:0.00M | Scene, ViewLayer | Synchronizing object | B087 • Civic Terrace
Fra:1 Mem:42.73M (Peak 42.73M) | Time:00:00.04 | Mem:0.00M, Peak:0.00M | Scene, ViewLayer | Synchronizing object | B088 • Civic Terrace
Fra:1 Mem:42.73M (Peak 42.73M) | Time:00:00.04 | Mem:0.00M, Peak:0.00M | Scene, ViewLayer | Synchronizing object | B089 • Civic Terrace
Fra:1 Mem:42.95M (Peak 42.95M) | Time:00:00.04 | Mem:0.00M, Peak:0.00M | Scene, ViewLayer | Synchronizing object | B090 • Civic Terrace
Fra:1 Mem:42.99M (Peak 42.99M) | Time:00:00.04 | Mem:0.00M, Peak:0.00M | Scene, ViewLayer | Synchronizing object | B091 • Civic Terrace
Fra:1 Mem:43.18M (Peak 43.18M) | Time:00:00.04 | Mem:0.00M, Peak:0.00M | Scene, ViewLayer | Synchronizing object | B092 • Civic Terrace
Fra:1 Mem:43.29M (Peak 43.29M) | Time:00:00.04 | Mem:0.00M, Peak:0.00M | Scene, ViewLayer | Synchronizing object | B093 • Civic Terrace
Fra:1 Mem:43.42M (Peak 43.42M) | Time:00:00.04 | Mem:0.00M, Peak:0.00M | Scene, ViewLayer | Synchronizing object | B094 • Civic Terrace
Fra:1 Mem:43.44M (Peak 43.44M) | Time:00:00.04 | Mem:0.00M, Peak:0.00M | Scene, ViewLayer | Synchronizing object | B095 • Civic Terrace
Fra:1 Mem:43.59M (Peak 43.59M) | Time:00:00.04 | Mem:0.00M, Peak:0.00M | Scene, ViewLayer | Synchronizing object | B096 • Civic Terrace
Fra:1 Mem:43.65M (Peak 43.65M) | Time:00:00.04 | Mem:0.00M, Peak:0.00M | Scene, ViewLayer | Synchronizing object | B097 • Civic Terrace
Fra:1 Mem:43.74M (Peak 43.74M) | Time:00:00.04 | Mem:0.00M, Peak:0.00M | Scene, ViewLayer | Synchronizing object | B098 • Civic Terrace
Fra:1 Mem:43.87M (Peak 43.87M) | Time:00:00.04 | Mem:0.00M, Peak:0.00M | Scene, ViewLayer | Synchronizing object | B099 • Civic Terrace
Fra:1 Mem:43.92M (Peak 43.92M) | Time:00:00.04 | Mem:0.00M, Peak:0.00M | Scene, ViewLayer | Synchronizing object | B100 • Civic Terrace
Fra:1 Mem:43.99M (Peak 43.99M) | Time:00:00.04 | Mem:0.00M, Peak:0.00M | Scene, ViewLayer | Synchronizing object | B101 • Civic Terrace
Fra:1 Mem:44.00M (Peak 44.00M) | Time:00:00.04 | Mem:0.00M, Peak:0.00M | Scene, ViewLayer | Synchronizing object | B102 • Civic Terrace
Fra:1 Mem:44.07M (Peak 44.07M) | Time:00:00.04 | Mem:0.00M, Peak:0.00M | Scene, ViewLayer | Synchronizing object | B103 • Garden Quarter
Fra:1 Mem:44.18M (Peak 44.18M) | Time:00:00.04 | Mem:0.00M, Peak:0.00M | Scene, ViewLayer | Synchronizing object | B104 • Garden Quarter
Fra:1 Mem:44.18M (Peak 44.18M) | Time:00:00.04 | Mem:0.00M, Peak:0.00M | Scene, ViewLayer | Synchronizing object | B105 • Garden Quarter
Fra:1 Mem:44.27M (Peak 44.27M) | Time:00:00.04 | Mem:0.00M, Peak:0.00M | Scene, ViewLayer | Synchronizing object | B106 • Garden Quarter
Fra:1 Mem:44.29M (Peak 44.29M) | Time:00:00.04 | Mem:0.00M, Peak:0.00M | Scene, ViewLayer | Synchronizing object | B107 • Garden Quarter
Fra:1 Mem:44.34M (Peak 44.34M) | Time:00:00.04 | Mem:0.00M, Peak:0.00M | Scene, ViewLayer | Synchronizing object | B108 • Garden Quarter
Fra:1 Mem:44.34M (Peak 44.34M) | Time:00:00.04 | Mem:0.00M, Peak:0.00M | Scene, ViewLayer | Synchronizing object | B109 • Garden Quarter
Fra:1 Mem:44.39M (Peak 44.39M) | Time:00:00.04 | Mem:0.00M, Peak:0.00M | Scene, ViewLayer | Synchronizing object | B110 • Garden Quarter
Fra:1 Mem:44.42M (Peak 44.42M) | Time:00:00.04 | Mem:0.00M, Peak:0.00M | Scene, ViewLayer | Synchronizing object | B111 • Garden Quarter
Fra:1 Mem:44.50M (Peak 44.50M) | Time:00:00.04 | Mem:0.00M, Peak:0.00M | Scene, ViewLayer | Synchronizing object | B112 • Garden Quarter
Fra:1 Mem:44.54M (Peak 44.54M) | Time:00:00.04 | Mem:0.00M, Peak:0.00M | Scene, ViewLayer | Synchronizing object | B113 • Garden Quarter
Fra:1 Mem:44.62M (Peak 44.62M) | Time:00:00.04 | Mem:0.00M, Peak:0.00M | Scene, ViewLayer | Synchronizing object | B114 • Garden Quarter
Fra:1 Mem:44.63M (Peak 44.63M) | Time:00:00.04 | Mem:0.00M, Peak:0.00M | Scene, ViewLayer | Synchronizing object | B115 • Garden Quarter
Fra:1 Mem:44.67M (Peak 44.67M) | Time:00:00.04 | Mem:0.00M, Peak:0.00M | Scene, ViewLayer | Synchronizing object | B116 • Garden Quarter
Fra:1 Mem:44.71M (Peak 44.71M) | Time:00:00.04 | Mem:0.00M, Peak:0.00M | Scene, ViewLayer | Synchronizing object | B117 • Garden Quarter
Fra:1 Mem:44.75M (Peak 44.75M) | Time:00:00.04 | Mem:0.00M, Peak:0.00M | Scene, ViewLayer | Synchronizing object | B118 • Garden Quarter
Fra:1 Mem:44.78M (Peak 44.78M) | Time:00:00.04 | Mem:0.00M, Peak:0.00M | Scene, ViewLayer | Synchronizing object | B119 • Garden Quarter
Fra:1 Mem:44.83M (Peak 44.83M) | Time:00:00.04 | Mem:0.00M, Peak:0.00M | Scene, ViewLayer | Synchronizing object | B120 • Garden Quarter
Fra:1 Mem:44.90M (Peak 44.90M) | Time:00:00.04 | Mem:0.00M, Peak:0.00M | Scene, ViewLayer | Synchronizing object | B121 • Innovation District
Fra:1 Mem:44.90M (Peak 44.90M) | Time:00:00.04 | Mem:0.00M, Peak:0.00M | Scene, ViewLayer | Synchronizing object | B122 • Innovation District
Fra:1 Mem:45.13M (Peak 45.13M) | Time:00:00.04 | Mem:0.00M, Peak:0.00M | Scene, ViewLayer | Synchronizing object | B123 • Innovation District
Fra:1 Mem:45.18M (Peak 45.18M) | Time:00:00.04 | Mem:0.00M, Peak:0.00M | Scene, ViewLayer | Synchronizing object | B124 • Innovation District
Fra:1 Mem:45.28M (Peak 45.28M) | Time:00:00.04 | Mem:0.00M, Peak:0.00M | Scene, ViewLayer | Synchronizing object | B125 • Innovation District
Fra:1 Mem:45.39M (Peak 45.39M) | Time:00:00.05 | Mem:0.00M, Peak:0.00M | Scene, ViewLayer | Synchronizing object | B126 • Innovation District
Fra:1 Mem:45.41M (Peak 45.41M) | Time:00:00.05 | Mem:0.00M, Peak:0.00M | Scene, ViewLayer | Synchronizing object | B127 • Innovation District
Fra:1 Mem:45.47M (Peak 45.47M) | Time:00:00.05 | Mem:0.00M, Peak:0.00M | Scene, ViewLayer | Synchronizing object | B128 • Innovation District
Fra:1 Mem:45.57M (Peak 45.57M) | Time:00:00.05 | Mem:0.00M, Peak:0.00M | Scene, ViewLayer | Synchronizing object | B129 • Innovation District
Fra:1 Mem:45.66M (Peak 45.66M) | Time:00:00.05 | Mem:0.00M, Peak:0.00M | Scene, ViewLayer | Synchronizing object | B130 • Innovation District
Fra:1 Mem:45.64M (Peak 45.66M) | Time:00:00.05 | Mem:0.00M, Peak:0.00M | Scene, ViewLayer | Synchronizing object | B132 • Innovation District
Fra:1 Mem:45.93M (Peak 45.93M) | Time:00:00.05 | Mem:0.00M, Peak:0.00M | Scene, ViewLayer | Synchronizing object | B133 • Innovation District
Fra:1 Mem:46.07M (Peak 46.07M) | Time:00:00.05 | Mem:0.00M, Peak:0.00M | Scene, ViewLayer | Synchronizing object | B134 • Innovation District
Fra:1 Mem:46.05M (Peak 46.07M) | Time:00:00.05 | Mem:0.00M, Peak:0.00M | Scene, ViewLayer | Synchronizing object | B135 • Innovation District
Fra:1 Mem:46.08M (Peak 46.08M) | Time:00:00.05 | Mem:0.00M, Peak:0.00M | Scene, ViewLayer | Synchronizing object | B136 • Innovation District
Fra:1 Mem:46.06M (Peak 46.08M) | Time:00:00.05 | Mem:0.00M, Peak:0.00M | Scene, ViewLayer | Synchronizing object | B137 • Innovation District
Fra:1 Mem:46.22M (Peak 46.22M) | Time:00:00.05 | Mem:0.00M, Peak:0.00M | Scene, ViewLayer | Synchronizing object | B199 • Innovation District
Fra:1 Mem:46.37M (Peak 46.37M) | Time:00:00.05 | Mem:0.00M, Peak:0.00M | Scene, ViewLayer | Synchronizing object | B198 • Innovation District
Fra:1 Mem:46.47M (Peak 46.47M) | Time:00:00.05 | Mem:0.00M, Peak:0.00M | Scene, ViewLayer | Synchronizing object | B197 • Innovation District
Fra:1 Mem:46.55M (Peak 46.55M) | Time:00:00.05 | Mem:0.00M, Peak:0.00M | Scene, ViewLayer | Synchronizing object | B196 • Innovation District
Fra:1 Mem:46.62M (Peak 46.62M) | Time:00:00.05 | Mem:0.00M, Peak:0.00M | Scene, ViewLayer | Synchronizing object | B195 • Innovation District
Fra:1 Mem:46.69M (Peak 46.69M) | Time:00:00.05 | Mem:0.00M, Peak:0.00M | Scene, ViewLayer | Synchronizing object | B194 • Innovation District
Fra:1 Mem:46.74M (Peak 46.74M) | Time:00:00.05 | Mem:0.00M, Peak:0.00M | Scene, ViewLayer | Synchronizing object | B193 • Innovation District
Fra:1 Mem:46.81M (Peak 46.81M) | Time:00:00.05 | Mem:0.00M, Peak:0.00M | Scene, ViewLayer | Synchronizing object | B192 • Innovation District
Fra:1 Mem:46.89M (Peak 46.89M) | Time:00:00.05 | Mem:0.00M, Peak:0.00M | Scene, ViewLayer | Synchronizing object | B191 • Innovation District
Fra:1 Mem:47.01M (Peak 47.01M) | Time:00:00.05 | Mem:0.00M, Peak:0.00M | Scene, ViewLayer | Synchronizing object | B190 • Innovation District
Fra:1 Mem:47.13M (Peak 47.13M) | Time:00:00.05 | Mem:0.00M, Peak:0.00M | Scene, ViewLayer | Synchronizing object | B189 • Innovation District
Fra:1 Mem:47.23M (Peak 47.23M) | Time:00:00.05 | Mem:0.00M, Peak:0.00M | Scene, ViewLayer | Synchronizing object | B188 • Innovation District
Fra:1 Mem:47.29M (Peak 47.29M) | Time:00:00.05 | Mem:0.00M, Peak:0.00M | Scene, ViewLayer | Synchronizing object | B138 • Innovation District
Fra:1 Mem:47.44M (Peak 47.44M) | Time:00:00.05 | Mem:0.00M, Peak:0.00M | Scene, ViewLayer | Synchronizing object | B139 • Garden Quarter
Fra:1 Mem:47.43M (Peak 47.44M) | Time:00:00.05 | Mem:0.00M, Peak:0.00M | Scene, ViewLayer | Synchronizing object | B140 • Garden Quarter
Fra:1 Mem:47.44M (Peak 47.44M) | Time:00:00.05 | Mem:0.00M, Peak:0.00M | Scene, ViewLayer | Synchronizing object | B141 • Garden Quarter
Fra:1 Mem:47.56M (Peak 47.56M) | Time:00:00.05 | Mem:0.00M, Peak:0.00M | Scene, ViewLayer | Synchronizing object | B142 • Garden Quarter
Fra:1 Mem:47.63M (Peak 47.63M) | Time:00:00.05 | Mem:0.00M, Peak:0.00M | Scene, ViewLayer | Synchronizing object | B143 • Garden Quarter
Fra:1 Mem:47.60M (Peak 47.63M) | Time:00:00.05 | Mem:0.00M, Peak:0.00M | Scene, ViewLayer | Synchronizing object | B145 • Garden Quarter
Fra:1 Mem:47.66M (Peak 47.66M) | Time:00:00.05 | Mem:0.00M, Peak:0.00M | Scene, ViewLayer | Synchronizing object | B146 • Garden Quarter
Fra:1 Mem:47.70M (Peak 47.70M) | Time:00:00.05 | Mem:0.00M, Peak:0.00M | Scene, ViewLayer | Synchronizing object | B147 • Garden Quarter
Fra:1 Mem:47.78M (Peak 47.78M) | Time:00:00.05 | Mem:0.00M, Peak:0.00M | Scene, ViewLayer | Synchronizing object | B148 • Garden Quarter
Fra:1 Mem:47.78M (Peak 47.78M) | Time:00:00.05 | Mem:0.00M, Peak:0.00M | Scene, ViewLayer | Synchronizing object | B150 • Garden Quarter
Fra:1 Mem:47.84M (Peak 47.84M) | Time:00:00.05 | Mem:0.00M, Peak:0.00M | Scene, ViewLayer | Synchronizing object | B151 • Innovation District
Fra:1 Mem:47.97M (Peak 47.97M) | Time:00:00.05 | Mem:0.00M, Peak:0.00M | Scene, ViewLayer | Synchronizing object | B152 • Innovation District
Fra:1 Mem:48.04M (Peak 48.04M) | Time:00:00.05 | Mem:0.00M, Peak:0.00M | Scene, ViewLayer | Synchronizing object | B153 • Innovation District
Fra:1 Mem:48.16M (Peak 48.16M) | Time:00:00.05 | Mem:0.00M, Peak:0.00M | Scene, ViewLayer | Synchronizing object | B154 • Innovation District
Fra:1 Mem:48.25M (Peak 48.25M) | Time:00:00.05 | Mem:0.00M, Peak:0.00M | Scene, ViewLayer | Synchronizing object | B155 • Innovation District
Fra:1 Mem:48.29M (Peak 48.29M) | Time:00:00.05 | Mem:0.00M, Peak:0.00M | Scene, ViewLayer | Synchronizing object | B156 • Innovation District
Fra:1 Mem:48.54M (Peak 48.54M) | Time:00:00.05 | Mem:0.00M, Peak:0.00M | Scene, ViewLayer | Synchronizing object | B157 • Innovation District
Fra:1 Mem:48.62M (Peak 48.62M) | Time:00:00.05 | Mem:0.00M, Peak:0.00M | Scene, ViewLayer | Synchronizing object | B158 • Innovation District
Fra:1 Mem:48.66M (Peak 48.66M) | Time:00:00.05 | Mem:0.00M, Peak:0.00M | Scene, ViewLayer | Synchronizing object | B159 • Innovation District
Fra:1 Mem:48.72M (Peak 48.72M) | Time:00:00.05 | Mem:0.00M, Peak:0.00M | Scene, ViewLayer | Synchronizing object | B160 • Innovation District
Fra:1 Mem:48.75M (Peak 48.75M) | Time:00:00.05 | Mem:0.00M, Peak:0.00M | Scene, ViewLayer | Synchronizing object | B161 • Innovation District
Fra:1 Mem:48.82M (Peak 48.82M) | Time:00:00.05 | Mem:0.00M, Peak:0.00M | Scene, ViewLayer | Synchronizing object | B162 • Innovation District
Fra:1 Mem:48.83M (Peak 48.83M) | Time:00:00.05 | Mem:0.00M, Peak:0.00M | Scene, ViewLayer | Synchronizing object | B163 • Innovation District
Fra:1 Mem:48.96M (Peak 48.96M) | Time:00:00.05 | Mem:0.00M, Peak:0.00M | Scene, ViewLayer | Synchronizing object | B164 • Innovation District
Fra:1 Mem:49.22M (Peak 49.22M) | Time:00:00.05 | Mem:0.00M, Peak:0.00M | Scene, ViewLayer | Synchronizing object | B165 • Innovation District
Fra:1 Mem:49.24M (Peak 49.24M) | Time:00:00.05 | Mem:0.00M, Peak:0.00M | Scene, ViewLayer | Synchronizing object | B166 • Innovation District
Fra:1 Mem:49.37M (Peak 49.37M) | Time:00:00.05 | Mem:0.00M, Peak:0.00M | Scene, ViewLayer | Synchronizing object | B167 • Innovation District
Fra:1 Mem:49.33M (Peak 49.37M) | Time:00:00.05 | Mem:0.00M, Peak:0.00M | Scene, ViewLayer | Synchronizing object | B169 • Garden Quarter
Fra:1 Mem:49.45M (Peak 49.45M) | Time:00:00.05 | Mem:0.00M, Peak:0.00M | Scene, ViewLayer | Synchronizing object | B170 • Garden Quarter
Fra:1 Mem:49.55M (Peak 49.55M) | Time:00:00.05 | Mem:0.00M, Peak:0.00M | Scene, ViewLayer | Synchronizing object | B171 • Garden Quarter
Fra:1 Mem:49.56M (Peak 49.56M) | Time:00:00.05 | Mem:0.00M, Peak:0.00M | Scene, ViewLayer | Synchronizing object | B172 • Garden Quarter
Fra:1 Mem:49.60M (Peak 49.60M) | Time:00:00.05 | Mem:0.00M, Peak:0.00M | Scene, ViewLayer | Synchronizing object | B173 • Garden Quarter
Fra:1 Mem:49.70M (Peak 49.70M) | Time:00:00.05 | Mem:0.00M, Peak:0.00M | Scene, ViewLayer | Synchronizing object | B174 • Garden Quarter
Fra:1 Mem:49.69M (Peak 49.70M) | Time:00:00.05 | Mem:0.00M, Peak:0.00M | Scene, ViewLayer | Synchronizing object | B175 • Garden Quarter
Fra:1 Mem:49.73M (Peak 49.74M) | Time:00:00.05 | Mem:0.00M, Peak:0.00M | Scene, ViewLayer | Synchronizing object | B176 • Garden Quarter
Fra:1 Mem:49.76M (Peak 49.76M) | Time:00:00.05 | Mem:0.00M, Peak:0.00M | Scene, ViewLayer | Synchronizing object | B177 • Garden Quarter
Fra:1 Mem:49.86M (Peak 49.86M) | Time:00:00.05 | Mem:0.00M, Peak:0.00M | Scene, ViewLayer | Synchronizing object | B178 • Garden Quarter
Fra:1 Mem:49.92M (Peak 49.92M) | Time:00:00.05 | Mem:0.00M, Peak:0.00M | Scene, ViewLayer | Synchronizing object | B179 • Garden Quarter
Fra:1 Mem:49.90M (Peak 49.92M) | Time:00:00.05 | Mem:0.00M, Peak:0.00M | Scene, ViewLayer | Synchronizing object | B180 • Garden Quarter
Fra:1 Mem:49.97M (Peak 49.97M) | Time:00:00.05 | Mem:0.00M, Peak:0.00M | Scene, ViewLayer | Synchronizing object | B181 • Garden Quarter
Fra:1 Mem:50.00M (Peak 50.00M) | Time:00:00.05 | Mem:0.00M, Peak:0.00M | Scene, ViewLayer | Synchronizing object | B182 • Garden Quarter
Fra:1 Mem:50.06M (Peak 50.06M) | Time:00:00.05 | Mem:0.00M, Peak:0.00M | Scene, ViewLayer | Synchronizing object | B183 • Garden Quarter
Fra:1 Mem:50.07M (Peak 50.07M) | Time:00:00.05 | Mem:0.00M, Peak:0.00M | Scene, ViewLayer | Synchronizing object | B184 • Garden Quarter
Fra:1 Mem:50.12M (Peak 50.12M) | Time:00:00.05 | Mem:0.00M, Peak:0.00M | Scene, ViewLayer | Synchronizing object | B185 • Garden Quarter
Fra:1 Mem:50.15M (Peak 50.15M) | Time:00:00.05 | Mem:0.00M, Peak:0.00M | Scene, ViewLayer | Synchronizing object | B186 • Garden Quarter
Fra:1 Mem:50.17M (Peak 50.17M) | Time:00:00.05 | Mem:0.00M, Peak:0.00M | Scene, ViewLayer | Synchronizing object | B187 • Innovation District
Fra:1 Mem:50.38M (Peak 50.38M) | Time:00:00.05 | Mem:0.00M, Peak:0.00M | Scene, ViewLayer | Initializing
Fra:1 Mem:38.12M (Peak 50.38M) | Time:00:00.06 | Mem:0.00M, Peak:0.00M | Scene, ViewLayer | Waiting for render to start
Fra:1 Mem:38.12M (Peak 50.38M) | Time:00:00.06 | Mem:0.00M, Peak:0.00M | Scene, ViewLayer | Updating Scene
Fra:1 Mem:38.12M (Peak 50.38M) | Time:00:00.06 | Mem:0.00M, Peak:0.00M | Scene, ViewLayer | Updating Shaders
Fra:1 Mem:38.12M (Peak 50.38M) | Time:00:00.06 | Mem:0.00M, Peak:0.00M | Scene, ViewLayer | Loading render kernels (may take a few minutes the first time)
Fra:1 Mem:38.21M (Peak 50.38M) | Time:00:00.06 | Mem:0.01M, Peak:0.01M | Scene, ViewLayer | Updating Procedurals
Fra:1 Mem:38.21M (Peak 50.38M) | Time:00:00.06 | Mem:0.01M, Peak:0.01M | Scene, ViewLayer | Updating Background
Fra:1 Mem:38.21M (Peak 50.38M) | Time:00:00.06 | Mem:0.01M, Peak:0.01M | Scene, ViewLayer | Updating Camera
Fra:1 Mem:38.21M (Peak 50.38M) | Time:00:00.06 | Mem:0.01M, Peak:0.01M | Scene, ViewLayer | Updating Meshes Flags
Fra:1 Mem:38.21M (Peak 50.38M) | Time:00:00.06 | Mem:0.01M, Peak:0.01M | Scene, ViewLayer | Updating Objects
Fra:1 Mem:38.21M (Peak 50.38M) | Time:00:00.06 | Mem:0.01M, Peak:0.01M | Scene, ViewLayer | Updating Objects | Copying Transformations to device
Fra:1 Mem:38.34M (Peak 50.38M) | Time:00:00.06 | Mem:0.13M, Peak:0.13M | Scene, ViewLayer | Updating Particle Systems
Fra:1 Mem:38.34M (Peak 50.38M) | Time:00:00.06 | Mem:0.13M, Peak:0.13M | Scene, ViewLayer | Updating Particle Systems | Copying Particles to device
Fra:1 Mem:38.34M (Peak 50.38M) | Time:00:00.06 | Mem:0.13M, Peak:0.13M | Scene, ViewLayer | Updating Meshes
Fra:1 Mem:38.34M (Peak 50.38M) | Time:00:00.06 | Mem:0.13M, Peak:0.13M | Scene, ViewLayer | Updating Objects | Applying Static Transformations
Fra:1 Mem:38.34M (Peak 50.38M) | Time:00:00.06 | Mem:0.13M, Peak:0.13M | Scene, ViewLayer | Updating Mesh | Computing attributes
Fra:1 Mem:40.80M (Peak 50.38M) | Time:00:00.06 | Mem:0.15M, Peak:0.15M | Scene, ViewLayer | Updating Mesh | Copying Attributes to device
Fra:1 Mem:40.75M (Peak 50.38M) | Time:00:00.07 | Mem:2.55M, Peak:2.55M | Scene, ViewLayer | Updating Geometry BVH Shared streetlight assembly 3/2 | Building BVH
Fra:1 Mem:40.75M (Peak 50.38M) | Time:00:00.07 | Mem:2.55M, Peak:2.55M | Scene, ViewLayer | Updating Geometry BVH Shared tree • trunk and crown joined 2/2 | Building BVH
Fra:1 Mem:40.75M (Peak 50.38M) | Time:00:00.07 | Mem:2.55M, Peak:2.55M | Scene, ViewLayer | Updating Geometry BVH Shared tree • trunk and crown joined 2/2 | Building BVH 0%
Fra:1 Mem:40.75M (Peak 50.38M) | Time:00:00.07 | Mem:2.55M, Peak:2.56M | Scene, ViewLayer | Updating Scene BVH | Building
Fra:1 Mem:40.75M (Peak 50.38M) | Time:00:00.07 | Mem:2.55M, Peak:2.56M | Scene, ViewLayer | Updating Scene BVH | Building BVH
Fra:1 Mem:40.75M (Peak 50.38M) | Time:00:00.12 | Mem:20.26M, Peak:27.93M | Scene, ViewLayer | Updating Scene BVH | Copying BVH to device
Fra:1 Mem:40.75M (Peak 50.38M) | Time:00:00.12 | Mem:20.26M, Peak:27.93M | Scene, ViewLayer | Updating Mesh | Computing normals
Fra:1 Mem:49.38M (Peak 50.38M) | Time:00:00.13 | Mem:20.26M, Peak:27.93M | Scene, ViewLayer | Updating Mesh | Copying Mesh to device
Fra:1 Mem:49.38M (Peak 50.38M) | Time:00:00.13 | Mem:28.88M, Peak:28.88M | Scene, ViewLayer | Updating Objects Flags
Fra:1 Mem:49.38M (Peak 50.38M) | Time:00:00.13 | Mem:28.88M, Peak:28.88M | Scene, ViewLayer | Updating Primitive Offsets
Fra:1 Mem:49.38M (Peak 50.38M) | Time:00:00.13 | Mem:28.89M, Peak:28.89M | Scene, ViewLayer | Updating Images
Fra:1 Mem:49.38M (Peak 50.38M) | Time:00:00.13 | Mem:28.89M, Peak:28.89M | Scene, ViewLayer | Updating Camera Volume
Fra:1 Mem:49.38M (Peak 50.38M) | Time:00:00.13 | Mem:28.89M, Peak:28.89M | Scene, ViewLayer | Updating Lookup Tables
Fra:1 Mem:49.38M (Peak 50.38M) | Time:00:00.13 | Mem:28.97M, Peak:28.97M | Scene, ViewLayer | Updating Lights
Fra:1 Mem:49.38M (Peak 50.38M) | Time:00:00.13 | Mem:28.97M, Peak:28.97M | Scene, ViewLayer | Updating Lights | Computing tree
Fra:1 Mem:49.38M (Peak 50.38M) | Time:00:00.13 | Mem:28.97M, Peak:28.97M | Scene, ViewLayer | Updating Integrator
Fra:1 Mem:49.38M (Peak 50.38M) | Time:00:00.13 | Mem:28.97M, Peak:28.97M | Scene, ViewLayer | Updating Film
Fra:1 Mem:49.39M (Peak 50.38M) | Time:00:00.13 | Mem:28.89M, Peak:28.97M | Scene, ViewLayer | Updating Lookup Tables
Fra:1 Mem:49.39M (Peak 50.38M) | Time:00:00.13 | Mem:28.98M, Peak:28.98M | Scene, ViewLayer | Updating Baking
Fra:1 Mem:49.39M (Peak 50.38M) | Time:00:00.13 | Mem:28.98M, Peak:28.98M | Scene, ViewLayer | Updating Device | Writing constant memory
Fra:1 Mem:49.40M (Peak 50.38M) | Time:00:00.13 | Mem:28.98M, Peak:28.98M | Scene, ViewLayer | Loading denoising kernels (may take a few minutes the first time)
Fra:1 Mem:49.40M (Peak 50.38M) | Time:00:00.13 | Mem:28.98M, Peak:28.98M | Scene, ViewLayer | Sample 0/32
Fra:1 Mem:153.85M (Peak 153.85M) | Time:00:00.99 | Remaining:00:26.59 | Mem:133.35M, Peak:133.35M | Scene, ViewLayer | Sample 1/32
Fra:1 Mem:197.80M (Peak 263.72M) | Time:00:33.42 | Mem:133.35M, Peak:133.35M | Scene, ViewLayer | Sample 32/32
Fra:1 Mem:197.80M (Peak 263.72M) | Time:00:33.42 | Mem:133.35M, Peak:133.35M | Scene, ViewLayer | Finished
Saved: '/home/naresh/Documents/nareshpane.github.io/research/gpt-6-astra-blender/renders/hero.png'
Time: 00:33.64 (Saving: 00:00.21)

Read blend: "/home/naresh/Documents/nareshpane.github.io/research/gpt-6-astra-blender/blender/city_master.blend"
Fra:1 Mem:35.77M (Peak 35.77M) | Time:00:00.02 | Mem:0.00M, Peak:0.00M | Scene, ViewLayer | Synchronizing object | City foundation
Fra:1 Mem:35.77M (Peak 35.77M) | Time:00:00.02 | Mem:0.00M, Peak:0.00M | Scene, ViewLayer | Synchronizing object | River retaining walls
Fra:1 Mem:35.77M (Peak 35.77M) | Time:00:00.02 | Mem:0.00M, Peak:0.00M | Scene, ViewLayer | Synchronizing object | Park_5-1
Fra:1 Mem:35.77M (Peak 35.77M) | Time:00:00.02 | Mem:0.00M, Peak:0.00M | Scene, ViewLayer | Synchronizing object | Park_0-4
Fra:1 Mem:35.77M (Peak 35.77M) | Time:00:00.02 | Mem:0.00M, Peak:0.00M | Scene, ViewLayer | Synchronizing object | Road_1-9
Fra:1 Mem:35.78M (Peak 35.78M) | Time:00:00.02 | Mem:0.00M, Peak:0.00M | Scene, ViewLayer | Synchronizing object | Road_1-2
Fra:1 Mem:35.78M (Peak 35.78M) | Time:00:00.02 | Mem:0.00M, Peak:0.00M | Scene, ViewLayer | Synchronizing object | Road_2-10
Fra:1 Mem:35.78M (Peak 35.78M) | Time:00:00.02 | Mem:0.00M, Peak:0.00M | Scene, ViewLayer | Synchronizing object | Road_4-12
Fra:1 Mem:35.79M (Peak 35.79M) | Time:00:00.02 | Mem:0.00M, Peak:0.00M | Scene, ViewLayer | Synchronizing object | Road_4-5
Fra:1 Mem:35.79M (Peak 35.79M) | Time:00:00.02 | Mem:0.00M, Peak:0.00M | Scene, ViewLayer | Synchronizing object | Road_5-6
Fra:1 Mem:35.79M (Peak 35.79M) | Time:00:00.02 | Mem:0.00M, Peak:0.00M | Scene, ViewLayer | Synchronizing object | Road_6-14
Fra:1 Mem:35.79M (Peak 35.79M) | Time:00:00.02 | Mem:0.00M, Peak:0.00M | Scene, ViewLayer | Synchronizing object | Road_7-15
Fra:1 Mem:35.79M (Peak 35.79M) | Time:00:00.02 | Mem:0.00M, Peak:0.00M | Scene, ViewLayer | Synchronizing object | Road_8-16
Fra:1 Mem:35.79M (Peak 35.79M) | Time:00:00.02 | Mem:0.00M, Peak:0.00M | Scene, ViewLayer | Synchronizing object | Road_8-9
Fra:1 Mem:35.79M (Peak 35.79M) | Time:00:00.02 | Mem:0.00M, Peak:0.00M | Scene, ViewLayer | Synchronizing object | Road_9-17
Fra:1 Mem:35.79M (Peak 35.79M) | Time:00:00.02 | Mem:0.00M, Peak:0.00M | Scene, ViewLayer | Synchronizing object | Road_9-10
Fra:1 Mem:35.79M (Peak 35.79M) | Time:00:00.02 | Mem:0.00M, Peak:0.00M | Scene, ViewLayer | Synchronizing object | Road_10-18
Fra:1 Mem:35.80M (Peak 35.80M) | Time:00:00.02 | Mem:0.00M, Peak:0.00M | Scene, ViewLayer | Synchronizing object | Road_10-11
Fra:1 Mem:35.80M (Peak 35.80M) | Time:00:00.02 | Mem:0.00M, Peak:0.00M | Scene, ViewLayer | Synchronizing object | Road_11-19
Fra:1 Mem:35.80M (Peak 35.80M) | Time:00:00.02 | Mem:0.00M, Peak:0.00M | Scene, ViewLayer | Synchronizing object | Road_12-20
Fra:1 Mem:35.80M (Peak 35.80M) | Time:00:00.02 | Mem:0.00M, Peak:0.00M | Scene, ViewLayer | Synchronizing object | Road_12-13
Fra:1 Mem:35.80M (Peak 35.80M) | Time:00:00.02 | Mem:0.00M, Peak:0.00M | Scene, ViewLayer | Synchronizing object | Road_13-21
Fra:1 Mem:35.81M (Peak 35.81M) | Time:00:00.02 | Mem:0.00M, Peak:0.00M | Scene, ViewLayer | Synchronizing object | Road_13-14
Fra:1 Mem:35.82M (Peak 35.82M) | Time:00:00.02 | Mem:0.00M, Peak:0.00M | Scene, ViewLayer | Synchronizing object | Road_14-22
Fra:1 Mem:35.82M (Peak 35.82M) | Time:00:00.02 | Mem:0.00M, Peak:0.00M | Scene, ViewLayer | Synchronizing object | Road_14-15
Fra:1 Mem:35.83M (Peak 35.83M) | Time:00:00.02 | Mem:0.00M, Peak:0.00M | Scene, ViewLayer | Synchronizing object | Road_16-24
Fra:1 Mem:35.83M (Peak 35.83M) | Time:00:00.02 | Mem:0.00M, Peak:0.00M | Scene, ViewLayer | Synchronizing object | Road_17-18
Fra:1 Mem:35.83M (Peak 35.83M) | Time:00:00.02 | Mem:0.00M, Peak:0.00M | Scene, ViewLayer | Synchronizing object | Road_18-26
Fra:1 Mem:35.83M (Peak 35.83M) | Time:00:00.02 | Mem:0.00M, Peak:0.00M | Scene, ViewLayer | Synchronizing object | Road_19-27
Fra:1 Mem:35.83M (Peak 35.83M) | Time:00:00.02 | Mem:0.00M, Peak:0.00M | Scene, ViewLayer | Synchronizing object | Road_20-28
Fra:1 Mem:35.84M (Peak 35.84M) | Time:00:00.02 | Mem:0.00M, Peak:0.00M | Scene, ViewLayer | Synchronizing object | Road_20-21
Fra:1 Mem:35.84M (Peak 35.84M) | Time:00:00.02 | Mem:0.00M, Peak:0.00M | Scene, ViewLayer | Synchronizing object | Road_21-29
Fra:1 Mem:35.84M (Peak 35.84M) | Time:00:00.02 | Mem:0.00M, Peak:0.00M | Scene, ViewLayer | Synchronizing object | Road_21-22
Fra:1 Mem:35.84M (Peak 35.84M) | Time:00:00.02 | Mem:0.00M, Peak:0.00M | Scene, ViewLayer | Synchronizing object | Road_22-30
Fra:1 Mem:35.84M (Peak 35.84M) | Time:00:00.02 | Mem:0.00M, Peak:0.00M | Scene, ViewLayer | Synchronizing object | Road_22-23
Fra:1 Mem:35.84M (Peak 35.84M) | Time:00:00.02 | Mem:0.00M, Peak:0.00M | Scene, ViewLayer | Synchronizing object | Road_23-31
Fra:1 Mem:35.85M (Peak 35.85M) | Time:00:00.02 | Mem:0.00M, Peak:0.00M | Scene, ViewLayer | Synchronizing object | Road_25-33
Fra:1 Mem:35.85M (Peak 35.85M) | Time:00:00.02 | Mem:0.00M, Peak:0.00M | Scene, ViewLayer | Synchronizing object | Road_25-26
Fra:1 Mem:35.85M (Peak 35.85M) | Time:00:00.02 | Mem:0.00M, Peak:0.00M | Scene, ViewLayer | Synchronizing object | Road_26-34
Fra:1 Mem:35.85M (Peak 35.85M) | Time:00:00.02 | Mem:0.00M, Peak:0.00M | Scene, ViewLayer | Synchronizing object | Road_26-27
Fra:1 Mem:35.85M (Peak 35.85M) | Time:00:00.02 | Mem:0.00M, Peak:0.00M | Scene, ViewLayer | Synchronizing object | Road_27-35
Fra:1 Mem:35.85M (Peak 35.85M) | Time:00:00.02 | Mem:0.00M, Peak:0.00M | Scene, ViewLayer | Synchronizing object | Road_28-36
Fra:1 Mem:35.85M (Peak 35.85M) | Time:00:00.02 | Mem:0.00M, Peak:0.00M | Scene, ViewLayer | Synchronizing object | Road_28-29
Fra:1 Mem:35.86M (Peak 35.86M) | Time:00:00.02 | Mem:0.00M, Peak:0.00M | Scene, ViewLayer | Synchronizing object | Road_29-37
Fra:1 Mem:35.86M (Peak 35.86M) | Time:00:00.02 | Mem:0.00M, Peak:0.00M | Scene, ViewLayer | Synchronizing object | Road_29-30
Fra:1 Mem:35.86M (Peak 35.86M) | Time:00:00.02 | Mem:0.00M, Peak:0.00M | Scene, ViewLayer | Synchronizing object | Road_30-38
Fra:1 Mem:35.86M (Peak 35.86M) | Time:00:00.02 | Mem:0.00M, Peak:0.00M | Scene, ViewLayer | Synchronizing object | Road_30-31
Fra:1 Mem:35.86M (Peak 35.86M) | Time:00:00.02 | Mem:0.00M, Peak:0.00M | Scene, ViewLayer | Synchronizing object | Road_32-40
Fra:1 Mem:35.86M (Peak 35.86M) | Time:00:00.02 | Mem:0.00M, Peak:0.00M | Scene, ViewLayer | Synchronizing object | Road_32-33
Fra:1 Mem:35.86M (Peak 35.86M) | Time:00:00.02 | Mem:0.00M, Peak:0.00M | Scene, ViewLayer | Synchronizing object | Road_33-41
Fra:1 Mem:35.86M (Peak 35.86M) | Time:00:00.02 | Mem:0.00M, Peak:0.00M | Scene, ViewLayer | Synchronizing object | Road_33-34
Fra:1 Mem:35.87M (Peak 35.87M) | Time:00:00.02 | Mem:0.00M, Peak:0.00M | Scene, ViewLayer | Synchronizing object | Road_34-42
Fra:1 Mem:35.87M (Peak 35.87M) | Time:00:00.02 | Mem:0.00M, Peak:0.00M | Scene, ViewLayer | Synchronizing object | Road_34-35
Fra:1 Mem:35.87M (Peak 35.87M) | Time:00:00.02 | Mem:0.00M, Peak:0.00M | Scene, ViewLayer | Synchronizing object | Road_35-43
Fra:1 Mem:35.87M (Peak 35.87M) | Time:00:00.02 | Mem:0.00M, Peak:0.00M | Scene, ViewLayer | Synchronizing object | Road_35-36
Fra:1 Mem:35.87M (Peak 35.87M) | Time:00:00.02 | Mem:0.00M, Peak:0.00M | Scene, ViewLayer | Synchronizing object | BridgeRail_35-36
Fra:1 Mem:35.88M (Peak 35.88M) | Time:00:00.02 | Mem:0.00M, Peak:0.00M | Scene, ViewLayer | Synchronizing object | Road_36-44
Fra:1 Mem:35.88M (Peak 35.88M) | Time:00:00.02 | Mem:0.00M, Peak:0.00M | Scene, ViewLayer | Synchronizing object | Road_36-37
Fra:1 Mem:35.89M (Peak 35.89M) | Time:00:00.02 | Mem:0.00M, Peak:0.00M | Scene, ViewLayer | Synchronizing object | Road_37-45
Fra:1 Mem:35.89M (Peak 35.89M) | Time:00:00.02 | Mem:0.00M, Peak:0.00M | Scene, ViewLayer | Synchronizing object | Road_37-38
Fra:1 Mem:35.89M (Peak 35.89M) | Time:00:00.02 | Mem:0.00M, Peak:0.00M | Scene, ViewLayer | Synchronizing object | Road_38-46
Fra:1 Mem:35.89M (Peak 35.89M) | Time:00:00.02 | Mem:0.00M, Peak:0.00M | Scene, ViewLayer | Synchronizing object | Road_38-39
Fra:1 Mem:35.89M (Peak 35.89M) | Time:00:00.02 | Mem:0.00M, Peak:0.00M | Scene, ViewLayer | Synchronizing object | Road_39-47
Fra:1 Mem:35.89M (Peak 35.89M) | Time:00:00.02 | Mem:0.00M, Peak:0.00M | Scene, ViewLayer | Synchronizing object | Road_40-41
Fra:1 Mem:35.90M (Peak 35.90M) | Time:00:00.02 | Mem:0.00M, Peak:0.00M | Scene, ViewLayer | Synchronizing object | Road_41-49
Fra:1 Mem:35.90M (Peak 35.90M) | Time:00:00.02 | Mem:0.00M, Peak:0.00M | Scene, ViewLayer | Synchronizing object | Road_41-42
Fra:1 Mem:35.90M (Peak 35.90M) | Time:00:00.02 | Mem:0.00M, Peak:0.00M | Scene, ViewLayer | Synchronizing object | Road_43-51
Fra:1 Mem:35.91M (Peak 35.91M) | Time:00:00.02 | Mem:0.00M, Peak:0.00M | Scene, ViewLayer | Synchronizing object | Road_44-52
Fra:1 Mem:35.91M (Peak 35.91M) | Time:00:00.02 | Mem:0.00M, Peak:0.00M | Scene, ViewLayer | Synchronizing object | Road_45-53
Fra:1 Mem:35.91M (Peak 35.91M) | Time:00:00.02 | Mem:0.00M, Peak:0.00M | Scene, ViewLayer | Synchronizing object | Road_45-46
Fra:1 Mem:35.91M (Peak 35.91M) | Time:00:00.02 | Mem:0.00M, Peak:0.00M | Scene, ViewLayer | Synchronizing object | Road_46-54
Fra:1 Mem:35.91M (Peak 35.91M) | Time:00:00.02 | Mem:0.00M, Peak:0.00M | Scene, ViewLayer | Synchronizing object | Road_46-47
Fra:1 Mem:35.91M (Peak 35.91M) | Time:00:00.02 | Mem:0.00M, Peak:0.00M | Scene, ViewLayer | Synchronizing object | Road_47-55
Fra:1 Mem:35.91M (Peak 35.91M) | Time:00:00.02 | Mem:0.00M, Peak:0.00M | Scene, ViewLayer | Synchronizing object | Road_48-49
Fra:1 Mem:35.92M (Peak 35.92M) | Time:00:00.02 | Mem:0.00M, Peak:0.00M | Scene, ViewLayer | Synchronizing object | Road_49-50
Fra:1 Mem:35.92M (Peak 35.92M) | Time:00:00.02 | Mem:0.00M, Peak:0.00M | Scene, ViewLayer | Synchronizing object | Road_52-53
Fra:1 Mem:35.92M (Peak 35.92M) | Time:00:00.02 | Mem:0.00M, Peak:0.00M | Scene, ViewLayer | Synchronizing object | Road_53-54
Fra:1 Mem:35.92M (Peak 35.92M) | Time:00:00.02 | Mem:0.00M, Peak:0.00M | Scene, ViewLayer | Synchronizing object | Road_54-55
Fra:1 Mem:35.92M (Peak 35.92M) | Time:00:00.02 | Mem:0.00M, Peak:0.00M | Scene, ViewLayer | Synchronizing object | B001 • Old Quay
Fra:1 Mem:35.93M (Peak 35.93M) | Time:00:00.02 | Mem:0.00M, Peak:0.00M | Scene, ViewLayer | Synchronizing object | B002 • Old Quay
Fra:1 Mem:35.96M (Peak 35.96M) | Time:00:00.02 | Mem:0.00M, Peak:0.00M | Scene, ViewLayer | Synchronizing object | B003 • Old Quay
Fra:1 Mem:36.52M (Peak 36.52M) | Time:00:00.02 | Mem:0.00M, Peak:0.00M | Scene, ViewLayer | Synchronizing object | B004 • Old Quay
Fra:1 Mem:36.51M (Peak 36.52M) | Time:00:00.02 | Mem:0.00M, Peak:0.00M | Scene, ViewLayer | Synchronizing object | B006 • Old Quay
Fra:1 Mem:36.72M (Peak 36.72M) | Time:00:00.02 | Mem:0.00M, Peak:0.00M | Scene, ViewLayer | Synchronizing object | B007 • Old Quay
Fra:1 Mem:36.75M (Peak 36.75M) | Time:00:00.02 | Mem:0.00M, Peak:0.00M | Scene, ViewLayer | Synchronizing object | B008 • Old Quay
Fra:1 Mem:36.82M (Peak 36.82M) | Time:00:00.02 | Mem:0.00M, Peak:0.00M | Scene, ViewLayer | Synchronizing object | B009 • Old Quay
Fra:1 Mem:37.06M (Peak 37.06M) | Time:00:00.02 | Mem:0.00M, Peak:0.00M | Scene, ViewLayer | Synchronizing object | B010 • Old Quay
Fra:1 Mem:37.11M (Peak 37.11M) | Time:00:00.02 | Mem:0.00M, Peak:0.00M | Scene, ViewLayer | Synchronizing object | B011 • Old Quay
Fra:1 Mem:37.19M (Peak 37.19M) | Time:00:00.02 | Mem:0.00M, Peak:0.00M | Scene, ViewLayer | Synchronizing object | B013 • Old Quay
Fra:1 Mem:37.25M (Peak 37.25M) | Time:00:00.02 | Mem:0.00M, Peak:0.00M | Scene, ViewLayer | Synchronizing object | B014 • Old Quay
Fra:1 Mem:37.39M (Peak 37.39M) | Time:00:00.02 | Mem:0.00M, Peak:0.00M | Scene, ViewLayer | Synchronizing object | B015 • Old Quay
Fra:1 Mem:37.45M (Peak 37.45M) | Time:00:00.02 | Mem:0.00M, Peak:0.00M | Scene, ViewLayer | Synchronizing object | B017 • Old Quay
Fra:1 Mem:37.51M (Peak 37.51M) | Time:00:00.02 | Mem:0.00M, Peak:0.00M | Scene, ViewLayer | Synchronizing object | B018 • Old Quay
Fra:1 Mem:37.53M (Peak 37.53M) | Time:00:00.02 | Mem:0.00M, Peak:0.00M | Scene, ViewLayer | Synchronizing object | B019 • Civic Terrace
Fra:1 Mem:37.57M (Peak 37.57M) | Time:00:00.02 | Mem:0.00M, Peak:0.00M | Scene, ViewLayer | Synchronizing object | B020 • Civic Terrace
Fra:1 Mem:37.61M (Peak 37.61M) | Time:00:00.02 | Mem:0.00M, Peak:0.00M | Scene, ViewLayer | Synchronizing object | B021 • Civic Terrace
Fra:1 Mem:37.92M (Peak 37.92M) | Time:00:00.02 | Mem:0.00M, Peak:0.00M | Scene, ViewLayer | Synchronizing object | B022 • Civic Terrace
Fra:1 Mem:37.96M (Peak 37.96M) | Time:00:00.02 | Mem:0.00M, Peak:0.00M | Scene, ViewLayer | Synchronizing object | B023 • Civic Terrace
Fra:1 Mem:38.03M (Peak 38.03M) | Time:00:00.02 | Mem:0.00M, Peak:0.00M | Scene, ViewLayer | Synchronizing object | B025 • Civic Terrace
Fra:1 Mem:38.09M (Peak 38.09M) | Time:00:00.02 | Mem:0.00M, Peak:0.00M | Scene, ViewLayer | Synchronizing object | B026 • Civic Terrace
Fra:1 Mem:38.43M (Peak 38.43M) | Time:00:00.02 | Mem:0.00M, Peak:0.00M | Scene, ViewLayer | Synchronizing object | B027 • Civic Terrace
Fra:1 Mem:38.42M (Peak 38.43M) | Time:00:00.02 | Mem:0.00M, Peak:0.00M | Scene, ViewLayer | Synchronizing object | B028 • Civic Terrace
Fra:1 Mem:38.67M (Peak 38.67M) | Time:00:00.02 | Mem:0.00M, Peak:0.00M | Scene, ViewLayer | Synchronizing object | B029 • Civic Terrace
Fra:1 Mem:38.79M (Peak 38.79M) | Time:00:00.02 | Mem:0.00M, Peak:0.00M | Scene, ViewLayer | Synchronizing object | B030 • Civic Terrace
Fra:1 Mem:38.97M (Peak 38.97M) | Time:00:00.02 | Mem:0.00M, Peak:0.00M | Scene, ViewLayer | Synchronizing object | B031 • Civic Terrace
Fra:1 Mem:39.13M (Peak 39.13M) | Time:00:00.02 | Mem:0.00M, Peak:0.00M | Scene, ViewLayer | Synchronizing object | B032 • Civic Terrace
Fra:1 Mem:39.17M (Peak 39.17M) | Time:00:00.02 | Mem:0.00M, Peak:0.00M | Scene, ViewLayer | Synchronizing object | B033 • Civic Terrace
Fra:1 Mem:39.08M (Peak 39.17M) | Time:00:00.02 | Mem:0.00M, Peak:0.00M | Scene, ViewLayer | Synchronizing object | B035 • Civic Terrace
Fra:1 Mem:39.24M (Peak 39.24M) | Time:00:00.02 | Mem:0.00M, Peak:0.00M | Scene, ViewLayer | Synchronizing object | B036 • Civic Terrace
Fra:1 Mem:39.49M (Peak 39.49M) | Time:00:00.02 | Mem:0.00M, Peak:0.00M | Scene, ViewLayer | Synchronizing object | B037 • Old Quay
Fra:1 Mem:39.49M (Peak 39.49M) | Time:00:00.02 | Mem:0.00M, Peak:0.00M | Scene, ViewLayer | Synchronizing object | B038 • Old Quay
Fra:1 Mem:39.51M (Peak 39.51M) | Time:00:00.02 | Mem:0.00M, Peak:0.00M | Scene, ViewLayer | Synchronizing object | B039 • Old Quay
Fra:1 Mem:39.60M (Peak 39.60M) | Time:00:00.02 | Mem:0.00M, Peak:0.00M | Scene, ViewLayer | Synchronizing object | B040 • Old Quay
Fra:1 Mem:39.59M (Peak 39.60M) | Time:00:00.02 | Mem:0.00M, Peak:0.00M | Scene, ViewLayer | Synchronizing object | B041 • Old Quay
Fra:1 Mem:39.59M (Peak 39.60M) | Time:00:00.02 | Mem:0.00M, Peak:0.00M | Scene, ViewLayer | Synchronizing object | B042 • Old Quay
Fra:1 Mem:39.68M (Peak 39.68M) | Time:00:00.02 | Mem:0.00M, Peak:0.00M | Scene, ViewLayer | Synchronizing object | B044 • Old Quay
Fra:1 Mem:39.72M (Peak 39.72M) | Time:00:00.02 | Mem:0.00M, Peak:0.00M | Scene, ViewLayer | Synchronizing object | B045 • Old Quay
Fra:1 Mem:39.84M (Peak 39.84M) | Time:00:00.02 | Mem:0.00M, Peak:0.00M | Scene, ViewLayer | Synchronizing object | B046 • Old Quay
Fra:1 Mem:39.88M (Peak 39.88M) | Time:00:00.02 | Mem:0.00M, Peak:0.00M | Scene, ViewLayer | Synchronizing object | B047 • Old Quay
Fra:1 Mem:39.93M (Peak 39.93M) | Time:00:00.02 | Mem:0.00M, Peak:0.00M | Scene, ViewLayer | Synchronizing object | B048 • Old Quay
Fra:1 Mem:39.99M (Peak 39.99M) | Time:00:00.02 | Mem:0.00M, Peak:0.00M | Scene, ViewLayer | Synchronizing object | B049 • Old Quay
Fra:1 Mem:40.00M (Peak 40.00M) | Time:00:00.02 | Mem:0.00M, Peak:0.00M | Scene, ViewLayer | Synchronizing object | B051 • Old Quay
Fra:1 Mem:40.07M (Peak 40.07M) | Time:00:00.02 | Mem:0.00M, Peak:0.00M | Scene, ViewLayer | Synchronizing object | B052 • Old Quay
Fra:1 Mem:40.12M (Peak 40.12M) | Time:00:00.02 | Mem:0.00M, Peak:0.00M | Scene, ViewLayer | Synchronizing object | B054 • Old Quay
Fra:1 Mem:40.21M (Peak 40.21M) | Time:00:00.02 | Mem:0.00M, Peak:0.00M | Scene, ViewLayer | Synchronizing object | B055 • Civic Terrace
Fra:1 Mem:40.23M (Peak 40.23M) | Time:00:00.02 | Mem:0.00M, Peak:0.00M | Scene, ViewLayer | Synchronizing object | B056 • Civic Terrace
Fra:1 Mem:40.23M (Peak 40.23M) | Time:00:00.02 | Mem:0.00M, Peak:0.00M | Scene, ViewLayer | Synchronizing object | B057 • Civic Terrace
Fra:1 Mem:40.29M (Peak 40.29M) | Time:00:00.02 | Mem:0.00M, Peak:0.00M | Scene, ViewLayer | Synchronizing object | B058 • Civic Terrace
Fra:1 Mem:40.53M (Peak 40.53M) | Time:00:00.02 | Mem:0.00M, Peak:0.00M | Scene, ViewLayer | Synchronizing object | B059 • Civic Terrace
Fra:1 Mem:40.60M (Peak 40.60M) | Time:00:00.02 | Mem:0.00M, Peak:0.00M | Scene, ViewLayer | Synchronizing object | B060 • Civic Terrace
Fra:1 Mem:40.70M (Peak 40.70M) | Time:00:00.02 | Mem:0.00M, Peak:0.00M | Scene, ViewLayer | Synchronizing object | B061 • Civic Terrace
Fra:1 Mem:40.78M (Peak 40.78M) | Time:00:00.02 | Mem:0.00M, Peak:0.00M | Scene, ViewLayer | Synchronizing object | B062 • Civic Terrace
Fra:1 Mem:40.91M (Peak 40.91M) | Time:00:00.02 | Mem:0.00M, Peak:0.00M | Scene, ViewLayer | Synchronizing object | B063 • Civic Terrace
Fra:1 Mem:40.94M (Peak 40.94M) | Time:00:00.02 | Mem:0.00M, Peak:0.00M | Scene, ViewLayer | Synchronizing object | B064 • Civic Terrace
Fra:1 Mem:41.09M (Peak 41.09M) | Time:00:00.02 | Mem:0.00M, Peak:0.00M | Scene, ViewLayer | Synchronizing object | B065 • Civic Terrace
Fra:1 Mem:41.10M (Peak 41.10M) | Time:00:00.02 | Mem:0.00M, Peak:0.00M | Scene, ViewLayer | Synchronizing object | B066 • Civic Terrace
Fra:1 Mem:41.19M (Peak 41.19M) | Time:00:00.02 | Mem:0.00M, Peak:0.00M | Scene, ViewLayer | Synchronizing object | B067 • Old Quay
Fra:1 Mem:41.24M (Peak 41.24M) | Time:00:00.02 | Mem:0.00M, Peak:0.00M | Scene, ViewLayer | Synchronizing object | B068 • Old Quay
Fra:1 Mem:41.33M (Peak 41.33M) | Time:00:00.02 | Mem:0.00M, Peak:0.00M | Scene, ViewLayer | Synchronizing object | B069 • Old Quay
Fra:1 Mem:41.42M (Peak 41.42M) | Time:00:00.02 | Mem:0.00M, Peak:0.00M | Scene, ViewLayer | Synchronizing object | B070 • Old Quay
Fra:1 Mem:41.43M (Peak 41.43M) | Time:00:00.02 | Mem:0.00M, Peak:0.00M | Scene, ViewLayer | Synchronizing object | B071 • Old Quay
Fra:1 Mem:41.48M (Peak 41.48M) | Time:00:00.02 | Mem:0.00M, Peak:0.00M | Scene, ViewLayer | Synchronizing object | B072 • Old Quay
Fra:1 Mem:41.51M (Peak 41.51M) | Time:00:00.02 | Mem:0.00M, Peak:0.00M | Scene, ViewLayer | Synchronizing object | B073 • Old Quay
Fra:1 Mem:41.56M (Peak 41.56M) | Time:00:00.02 | Mem:0.00M, Peak:0.00M | Scene, ViewLayer | Synchronizing object | B074 • Old Quay
Fra:1 Mem:41.57M (Peak 41.57M) | Time:00:00.02 | Mem:0.00M, Peak:0.00M | Scene, ViewLayer | Synchronizing object | B075 • Old Quay
Fra:1 Mem:41.65M (Peak 41.65M) | Time:00:00.02 | Mem:0.00M, Peak:0.00M | Scene, ViewLayer | Synchronizing object | B076 • Old Quay
Fra:1 Mem:41.67M (Peak 41.67M) | Time:00:00.02 | Mem:0.00M, Peak:0.00M | Scene, ViewLayer | Synchronizing object | B077 • Old Quay
Fra:1 Mem:41.76M (Peak 41.76M) | Time:00:00.02 | Mem:0.00M, Peak:0.00M | Scene, ViewLayer | Synchronizing object | B078 • Old Quay
Fra:1 Mem:41.78M (Peak 41.78M) | Time:00:00.02 | Mem:0.00M, Peak:0.00M | Scene, ViewLayer | Synchronizing object | B079 • Old Quay
Fra:1 Mem:41.79M (Peak 41.79M) | Time:00:00.02 | Mem:0.00M, Peak:0.00M | Scene, ViewLayer | Synchronizing object | B080 • Old Quay
Fra:1 Mem:41.82M (Peak 41.82M) | Time:00:00.02 | Mem:0.00M, Peak:0.00M | Scene, ViewLayer | Synchronizing object | B081 • Old Quay
Fra:1 Mem:41.95M (Peak 41.95M) | Time:00:00.02 | Mem:0.00M, Peak:0.00M | Scene, ViewLayer | Synchronizing object | B082 • Old Quay
Fra:1 Mem:41.96M (Peak 41.96M) | Time:00:00.02 | Mem:0.00M, Peak:0.00M | Scene, ViewLayer | Synchronizing object | B083 • Old Quay
Fra:1 Mem:42.03M (Peak 42.03M) | Time:00:00.02 | Mem:0.00M, Peak:0.00M | Scene, ViewLayer | Synchronizing object | B084 • Old Quay
Fra:1 Mem:42.08M (Peak 42.08M) | Time:00:00.02 | Mem:0.00M, Peak:0.00M | Scene, ViewLayer | Synchronizing object | B085 • Civic Terrace
Fra:1 Mem:42.06M (Peak 42.08M) | Time:00:00.02 | Mem:0.00M, Peak:0.00M | Scene, ViewLayer | Synchronizing object | B087 • Civic Terrace
Fra:1 Mem:42.10M (Peak 42.10M) | Time:00:00.02 | Mem:0.00M, Peak:0.00M | Scene, ViewLayer | Synchronizing object | B088 • Civic Terrace
Fra:1 Mem:42.48M (Peak 42.48M) | Time:00:00.02 | Mem:0.00M, Peak:0.00M | Scene, ViewLayer | Synchronizing object | B089 • Civic Terrace
Fra:1 Mem:42.53M (Peak 42.53M) | Time:00:00.02 | Mem:0.00M, Peak:0.00M | Scene, ViewLayer | Synchronizing object | B090 • Civic Terrace
Fra:1 Mem:42.52M (Peak 42.53M) | Time:00:00.02 | Mem:0.00M, Peak:0.00M | Scene, ViewLayer | Synchronizing object | B092 • Civic Terrace
Fra:1 Mem:42.84M (Peak 42.84M) | Time:00:00.02 | Mem:0.00M, Peak:0.00M | Scene, ViewLayer | Synchronizing object | B093 • Civic Terrace
Fra:1 Mem:43.00M (Peak 43.00M) | Time:00:00.02 | Mem:0.00M, Peak:0.00M | Scene, ViewLayer | Synchronizing object | B094 • Civic Terrace
Fra:1 Mem:43.04M (Peak 43.04M) | Time:00:00.02 | Mem:0.00M, Peak:0.00M | Scene, ViewLayer | Synchronizing object | B095 • Civic Terrace
Fra:1 Mem:43.08M (Peak 43.08M) | Time:00:00.02 | Mem:0.00M, Peak:0.00M | Scene, ViewLayer | Synchronizing object | B096 • Civic Terrace
Fra:1 Mem:43.20M (Peak 43.20M) | Time:00:00.02 | Mem:0.00M, Peak:0.00M | Scene, ViewLayer | Synchronizing object | B097 • Civic Terrace
Fra:1 Mem:43.30M (Peak 43.30M) | Time:00:00.02 | Mem:0.00M, Peak:0.00M | Scene, ViewLayer | Synchronizing object | B099 • Civic Terrace
Fra:1 Mem:43.45M (Peak 43.45M) | Time:00:00.02 | Mem:0.00M, Peak:0.00M | Scene, ViewLayer | Synchronizing object | B100 • Civic Terrace
Fra:1 Mem:43.45M (Peak 43.45M) | Time:00:00.02 | Mem:0.00M, Peak:0.00M | Scene, ViewLayer | Synchronizing object | B101 • Civic Terrace
Fra:1 Mem:43.62M (Peak 43.63M) | Time:00:00.02 | Mem:0.00M, Peak:0.00M | Scene, ViewLayer | Synchronizing object | B102 • Civic Terrace
Fra:1 Mem:43.66M (Peak 43.66M) | Time:00:00.02 | Mem:0.00M, Peak:0.00M | Scene, ViewLayer | Synchronizing object | B103 • Garden Quarter
Fra:1 Mem:43.69M (Peak 43.69M) | Time:00:00.02 | Mem:0.00M, Peak:0.00M | Scene, ViewLayer | Synchronizing object | B105 • Garden Quarter
Fra:1 Mem:43.89M (Peak 43.89M) | Time:00:00.02 | Mem:0.00M, Peak:0.00M | Scene, ViewLayer | Synchronizing object | B106 • Garden Quarter
Fra:1 Mem:43.84M (Peak 43.89M) | Time:00:00.02 | Mem:0.00M, Peak:0.00M | Scene, ViewLayer | Synchronizing object | B109 • Garden Quarter
Fra:1 Mem:43.87M (Peak 43.89M) | Time:00:00.02 | Mem:0.00M, Peak:0.00M | Scene, ViewLayer | Synchronizing object | B110 • Garden Quarter
Fra:1 Mem:43.95M (Peak 43.95M) | Time:00:00.02 | Mem:0.00M, Peak:0.00M | Scene, ViewLayer | Synchronizing object | B111 • Garden Quarter
Fra:1 Mem:44.10M (Peak 44.10M) | Time:00:00.02 | Mem:0.00M, Peak:0.00M | Scene, ViewLayer | Synchronizing object | B112 • Garden Quarter
Fra:1 Mem:44.10M (Peak 44.10M) | Time:00:00.02 | Mem:0.00M, Peak:0.00M | Scene, ViewLayer | Synchronizing object | B113 • Garden Quarter
Fra:1 Mem:44.18M (Peak 44.18M) | Time:00:00.02 | Mem:0.00M, Peak:0.00M | Scene, ViewLayer | Synchronizing object | B115 • Garden Quarter
Fra:1 Mem:44.21M (Peak 44.21M) | Time:00:00.02 | Mem:0.00M, Peak:0.00M | Scene, ViewLayer | Synchronizing object | B116 • Garden Quarter
Fra:1 Mem:44.26M (Peak 44.26M) | Time:00:00.02 | Mem:0.00M, Peak:0.00M | Scene, ViewLayer | Synchronizing object | B117 • Garden Quarter
Fra:1 Mem:44.30M (Peak 44.30M) | Time:00:00.02 | Mem:0.00M, Peak:0.00M | Scene, ViewLayer | Synchronizing object | B118 • Garden Quarter
Fra:1 Mem:44.37M (Peak 44.37M) | Time:00:00.02 | Mem:0.00M, Peak:0.00M | Scene, ViewLayer | Synchronizing object | B119 • Garden Quarter
Fra:1 Mem:44.35M (Peak 44.37M) | Time:00:00.02 | Mem:0.00M, Peak:0.00M | Scene, ViewLayer | Synchronizing object | B121 • Innovation District
Fra:1 Mem:44.44M (Peak 44.44M) | Time:00:00.02 | Mem:0.00M, Peak:0.00M | Scene, ViewLayer | Synchronizing object | B123 • Innovation District
Fra:1 Mem:44.44M (Peak 44.44M) | Time:00:00.02 | Mem:0.00M, Peak:0.00M | Scene, ViewLayer | Synchronizing object | B124 • Innovation District
Fra:1 Mem:44.62M (Peak 44.62M) | Time:00:00.02 | Mem:0.00M, Peak:0.00M | Scene, ViewLayer | Synchronizing object | B125 • Innovation District
Fra:1 Mem:44.66M (Peak 44.66M) | Time:00:00.02 | Mem:0.00M, Peak:0.00M | Scene, ViewLayer | Synchronizing object | B126 • Innovation District
Fra:1 Mem:44.71M (Peak 44.71M) | Time:00:00.02 | Mem:0.00M, Peak:0.00M | Scene, ViewLayer | Synchronizing object | B127 • Innovation District
Fra:1 Mem:44.79M (Peak 44.79M) | Time:00:00.02 | Mem:0.00M, Peak:0.00M | Scene, ViewLayer | Synchronizing object | B128 • Innovation District
Fra:1 Mem:44.89M (Peak 44.89M) | Time:00:00.02 | Mem:0.00M, Peak:0.00M | Scene, ViewLayer | Synchronizing object | B129 • Innovation District
Fra:1 Mem:44.92M (Peak 44.92M) | Time:00:00.02 | Mem:0.00M, Peak:0.00M | Scene, ViewLayer | Synchronizing object | B130 • Innovation District
Fra:1 Mem:45.04M (Peak 45.04M) | Time:00:00.03 | Mem:0.00M, Peak:0.00M | Scene, ViewLayer | Synchronizing object | Afternoon sun
Fra:1 Mem:45.08M (Peak 45.08M) | Time:00:00.03 | Mem:0.00M, Peak:0.00M | Scene, ViewLayer | Synchronizing object | Sky fill
Fra:1 Mem:45.08M (Peak 45.08M) | Time:00:00.03 | Mem:0.00M, Peak:0.00M | Scene, ViewLayer | Synchronizing object | Warm softbox
Fra:1 Mem:45.08M (Peak 45.08M) | Time:00:00.03 | Mem:0.00M, Peak:0.00M | Scene, ViewLayer | Synchronizing object | Studio floor • excluded from GLB
Fra:1 Mem:45.07M (Peak 45.08M) | Time:00:00.03 | Mem:0.00M, Peak:0.00M | Scene, ViewLayer | Synchronizing object | B131 • Innovation District
Fra:1 Mem:45.15M (Peak 45.15M) | Time:00:00.03 | Mem:0.00M, Peak:0.00M | Scene, ViewLayer | Synchronizing object | Four station shelters • batched
Fra:1 Mem:45.18M (Peak 45.18M) | Time:00:00.03 | Mem:0.00M, Peak:0.00M | Scene, ViewLayer | Synchronizing object | B132 • Innovation District
Fra:1 Mem:45.22M (Peak 45.22M) | Time:00:00.03 | Mem:0.00M, Peak:0.00M | Scene, ViewLayer | Synchronizing object | B133 • Innovation District
Fra:1 Mem:45.25M (Peak 45.25M) | Time:00:00.03 | Mem:0.00M, Peak:0.00M | Scene, ViewLayer | Synchronizing object | Existing transit • corridor offset 2 m for visibility
Fra:1 Mem:45.31M (Peak 45.31M) | Time:00:00.03 | Mem:0.00M, Peak:0.00M | Scene, ViewLayer | Synchronizing object | Lamp_0
Fra:1 Mem:45.30M (Peak 45.31M) | Time:00:00.03 | Mem:0.00M, Peak:0.00M | Scene, ViewLayer | Synchronizing object | B134 • Innovation District
Fra:1 Mem:45.34M (Peak 45.34M) | Time:00:00.03 | Mem:0.00M, Peak:0.00M | Scene, ViewLayer | Synchronizing object | B135 • Innovation District
Fra:1 Mem:45.35M (Peak 45.35M) | Time:00:00.03 | Mem:0.00M, Peak:0.00M | Scene, ViewLayer | Synchronizing object | Tree_00_00
Fra:1 Mem:45.43M (Peak 45.43M) | Time:00:00.03 | Mem:0.00M, Peak:0.00M | Scene, ViewLayer | Synchronizing object | B204 • Innovation District
Fra:1 Mem:45.45M (Peak 45.45M) | Time:00:00.03 | Mem:0.00M, Peak:0.00M | Scene, ViewLayer | Synchronizing object | B136 • Innovation District
Fra:1 Mem:45.48M (Peak 45.48M) | Time:00:00.03 | Mem:0.00M, Peak:0.00M | Scene, ViewLayer | Synchronizing object | B137 • Innovation District
Fra:1 Mem:45.84M (Peak 45.84M) | Time:00:00.03 | Mem:0.00M, Peak:0.00M | Scene, ViewLayer | Synchronizing object | B203 • Innovation District
Fra:1 Mem:45.91M (Peak 45.91M) | Time:00:00.03 | Mem:0.00M, Peak:0.00M | Scene, ViewLayer | Synchronizing object | B138 • Innovation District
Fra:1 Mem:46.18M (Peak 46.18M) | Time:00:00.03 | Mem:0.00M, Peak:0.00M | Scene, ViewLayer | Synchronizing object | B139 • Garden Quarter
Fra:1 Mem:46.25M (Peak 46.25M) | Time:00:00.03 | Mem:0.00M, Peak:0.00M | Scene, ViewLayer | Synchronizing object | B202 • Innovation District
Fra:1 Mem:46.26M (Peak 46.26M) | Time:00:00.03 | Mem:0.00M, Peak:0.00M | Scene, ViewLayer | Synchronizing object | B141 • Garden Quarter
Fra:1 Mem:46.29M (Peak 46.29M) | Time:00:00.03 | Mem:0.00M, Peak:0.00M | Scene, ViewLayer | Synchronizing object | B142 • Garden Quarter
Fra:1 Mem:46.35M (Peak 46.35M) | Time:00:00.03 | Mem:0.00M, Peak:0.00M | Scene, ViewLayer | Synchronizing object | B143 • Garden Quarter
Fra:1 Mem:46.35M (Peak 46.35M) | Time:00:00.03 | Mem:0.00M, Peak:0.00M | Scene, ViewLayer | Synchronizing object | B201 • Innovation District
Fra:1 Mem:46.48M (Peak 46.48M) | Time:00:00.03 | Mem:0.00M, Peak:0.00M | Scene, ViewLayer | Synchronizing object | B145 • Garden Quarter
Fra:1 Mem:46.51M (Peak 46.51M) | Time:00:00.03 | Mem:0.00M, Peak:0.00M | Scene, ViewLayer | Synchronizing object | B146 • Garden Quarter
Fra:1 Mem:46.61M (Peak 46.61M) | Time:00:00.03 | Mem:0.00M, Peak:0.00M | Scene, ViewLayer | Synchronizing object | B147 • Garden Quarter
Fra:1 Mem:46.62M (Peak 46.62M) | Time:00:00.03 | Mem:0.00M, Peak:0.00M | Scene, ViewLayer | Synchronizing object | B200 • Innovation District
Fra:1 Mem:46.62M (Peak 46.62M) | Time:00:00.03 | Mem:0.00M, Peak:0.00M | Scene, ViewLayer | Synchronizing object | B150 • Garden Quarter
Fra:1 Mem:46.88M (Peak 46.88M) | Time:00:00.03 | Mem:0.00M, Peak:0.00M | Scene, ViewLayer | Synchronizing object | B151 • Innovation District
Fra:1 Mem:46.87M (Peak 46.88M) | Time:00:00.03 | Mem:0.00M, Peak:0.00M | Scene, ViewLayer | Synchronizing object | B153 • Innovation District
Fra:1 Mem:47.03M (Peak 47.03M) | Time:00:00.03 | Mem:0.00M, Peak:0.00M | Scene, ViewLayer | Synchronizing object | B154 • Innovation District
Fra:1 Mem:47.31M (Peak 47.31M) | Time:00:00.03 | Mem:0.00M, Peak:0.00M | Scene, ViewLayer | Synchronizing object | B155 • Innovation District
Fra:1 Mem:47.45M (Peak 47.45M) | Time:00:00.03 | Mem:0.00M, Peak:0.00M | Scene, ViewLayer | Synchronizing object | B199 • Innovation District
Fra:1 Mem:47.49M (Peak 47.49M) | Time:00:00.03 | Mem:0.00M, Peak:0.00M | Scene, ViewLayer | Synchronizing object | B156 • Innovation District
Fra:1 Mem:47.56M (Peak 47.56M) | Time:00:00.03 | Mem:0.00M, Peak:0.00M | Scene, ViewLayer | Synchronizing object | B157 • Innovation District
Fra:1 Mem:47.59M (Peak 47.59M) | Time:00:00.03 | Mem:0.00M, Peak:0.00M | Scene, ViewLayer | Synchronizing object | B158 • Innovation District
Fra:1 Mem:47.69M (Peak 47.69M) | Time:00:00.03 | Mem:0.00M, Peak:0.00M | Scene, ViewLayer | Synchronizing object | B159 • Innovation District
Fra:1 Mem:47.69M (Peak 47.69M) | Time:00:00.03 | Mem:0.00M, Peak:0.00M | Scene, ViewLayer | Synchronizing object | B160 • Innovation District
Fra:1 Mem:47.79M (Peak 47.79M) | Time:00:00.03 | Mem:0.00M, Peak:0.00M | Scene, ViewLayer | Synchronizing object | B161 • Innovation District
Fra:1 Mem:47.79M (Peak 47.79M) | Time:00:00.03 | Mem:0.00M, Peak:0.00M | Scene, ViewLayer | Synchronizing object | B198 • Innovation District
Fra:1 Mem:48.01M (Peak 48.01M) | Time:00:00.03 | Mem:0.00M, Peak:0.00M | Scene, ViewLayer | Synchronizing object | B162 • Innovation District
Fra:1 Mem:48.07M (Peak 48.07M) | Time:00:00.03 | Mem:0.00M, Peak:0.00M | Scene, ViewLayer | Synchronizing object | B163 • Innovation District
Fra:1 Mem:48.21M (Peak 48.21M) | Time:00:00.03 | Mem:0.00M, Peak:0.00M | Scene, ViewLayer | Synchronizing object | B164 • Innovation District
Fra:1 Mem:48.27M (Peak 48.27M) | Time:00:00.03 | Mem:0.00M, Peak:0.00M | Scene, ViewLayer | Synchronizing object | B165 • Innovation District
Fra:1 Mem:48.40M (Peak 48.40M) | Time:00:00.03 | Mem:0.00M, Peak:0.00M | Scene, ViewLayer | Synchronizing object | B166 • Innovation District
Fra:1 Mem:48.53M (Peak 48.53M) | Time:00:00.03 | Mem:0.00M, Peak:0.00M | Scene, ViewLayer | Synchronizing object | B197 • Innovation District
Fra:1 Mem:48.59M (Peak 48.59M) | Time:00:00.03 | Mem:0.00M, Peak:0.00M | Scene, ViewLayer | Synchronizing object | B167 • Innovation District
Fra:1 Mem:48.69M (Peak 48.69M) | Time:00:00.03 | Mem:0.00M, Peak:0.00M | Scene, ViewLayer | Synchronizing object | B168 • Innovation District
Fra:1 Mem:48.67M (Peak 48.69M) | Time:00:00.03 | Mem:0.00M, Peak:0.00M | Scene, ViewLayer | Synchronizing object | B169 • Garden Quarter
Fra:1 Mem:48.72M (Peak 48.72M) | Time:00:00.03 | Mem:0.00M, Peak:0.00M | Scene, ViewLayer | Synchronizing object | B170 • Garden Quarter
Fra:1 Mem:48.79M (Peak 48.79M) | Time:00:00.03 | Mem:0.00M, Peak:0.00M | Scene, ViewLayer | Synchronizing object | B171 • Garden Quarter
Fra:1 Mem:48.78M (Peak 48.79M) | Time:00:00.03 | Mem:0.00M, Peak:0.00M | Scene, ViewLayer | Synchronizing object | B196 • Innovation District
Fra:1 Mem:48.83M (Peak 48.83M) | Time:00:00.03 | Mem:0.00M, Peak:0.00M | Scene, ViewLayer | Synchronizing object | B172 • Garden Quarter
Fra:1 Mem:48.88M (Peak 48.88M) | Time:00:00.03 | Mem:0.00M, Peak:0.00M | Scene, ViewLayer | Synchronizing object | B173 • Garden Quarter
Fra:1 Mem:49.03M (Peak 49.03M) | Time:00:00.03 | Mem:0.00M, Peak:0.00M | Scene, ViewLayer | Synchronizing object | B174 • Garden Quarter
Fra:1 Mem:49.08M (Peak 49.08M) | Time:00:00.03 | Mem:0.00M, Peak:0.00M | Scene, ViewLayer | Synchronizing object | B175 • Garden Quarter
Fra:1 Mem:49.07M (Peak 49.08M) | Time:00:00.03 | Mem:0.00M, Peak:0.00M | Scene, ViewLayer | Synchronizing object | B177 • Garden Quarter
Fra:1 Mem:49.10M (Peak 49.10M) | Time:00:00.03 | Mem:0.00M, Peak:0.00M | Scene, ViewLayer | Synchronizing object | B178 • Garden Quarter
Fra:1 Mem:49.14M (Peak 49.14M) | Time:00:00.03 | Mem:0.00M, Peak:0.00M | Scene, ViewLayer | Synchronizing object | B195 • Innovation District
Fra:1 Mem:49.26M (Peak 49.26M) | Time:00:00.03 | Mem:0.00M, Peak:0.00M | Scene, ViewLayer | Synchronizing object | B179 • Garden Quarter
Fra:1 Mem:49.36M (Peak 49.36M) | Time:00:00.03 | Mem:0.00M, Peak:0.00M | Scene, ViewLayer | Synchronizing object | B180 • Garden Quarter
Fra:1 Mem:49.35M (Peak 49.36M) | Time:00:00.03 | Mem:0.00M, Peak:0.00M | Scene, ViewLayer | Synchronizing object | B181 • Garden Quarter
Fra:1 Mem:49.34M (Peak 49.36M) | Time:00:00.03 | Mem:0.00M, Peak:0.00M | Scene, ViewLayer | Synchronizing object | B183 • Garden Quarter
Fra:1 Mem:49.51M (Peak 49.51M) | Time:00:00.03 | Mem:0.00M, Peak:0.00M | Scene, ViewLayer | Synchronizing object | B184 • Garden Quarter
Fra:1 Mem:49.54M (Peak 49.54M) | Time:00:00.03 | Mem:0.00M, Peak:0.00M | Scene, ViewLayer | Synchronizing object | B194 • Innovation District
Fra:1 Mem:49.54M (Peak 49.54M) | Time:00:00.03 | Mem:0.00M, Peak:0.00M | Scene, ViewLayer | Synchronizing object | B185 • Garden Quarter
Fra:1 Mem:49.61M (Peak 49.61M) | Time:00:00.03 | Mem:0.00M, Peak:0.00M | Scene, ViewLayer | Synchronizing object | B186 • Garden Quarter
Fra:1 Mem:49.65M (Peak 49.65M) | Time:00:00.03 | Mem:0.00M, Peak:0.00M | Scene, ViewLayer | Synchronizing object | B187 • Innovation District
Fra:1 Mem:49.70M (Peak 49.70M) | Time:00:00.03 | Mem:0.00M, Peak:0.00M | Scene, ViewLayer | Synchronizing object | B188 • Innovation District
Fra:1 Mem:49.78M (Peak 49.78M) | Time:00:00.03 | Mem:0.00M, Peak:0.00M | Scene, ViewLayer | Synchronizing object | B189 • Innovation District
Fra:1 Mem:49.78M (Peak 49.78M) | Time:00:00.03 | Mem:0.00M, Peak:0.00M | Scene, ViewLayer | Synchronizing object | B193 • Innovation District
Fra:1 Mem:49.92M (Peak 49.92M) | Time:00:00.03 | Mem:0.00M, Peak:0.00M | Scene, ViewLayer | Synchronizing object | B190 • Innovation District
Fra:1 Mem:50.05M (Peak 50.05M) | Time:00:00.03 | Mem:0.00M, Peak:0.00M | Scene, ViewLayer | Synchronizing object | B191 • Innovation District
Fra:1 Mem:50.27M (Peak 50.27M) | Time:00:00.03 | Mem:0.00M, Peak:0.00M | Scene, ViewLayer | Synchronizing object | B192 • Innovation District
Fra:1 Mem:50.38M (Peak 50.38M) | Time:00:00.03 | Mem:0.00M, Peak:0.00M | Scene, ViewLayer | Initializing
Fra:1 Mem:38.12M (Peak 50.38M) | Time:00:00.03 | Mem:0.00M, Peak:0.00M | Scene, ViewLayer | Waiting for render to start
Fra:1 Mem:38.12M (Peak 50.38M) | Time:00:00.03 | Mem:0.00M, Peak:0.00M | Scene, ViewLayer | Updating Scene
Fra:1 Mem:38.12M (Peak 50.38M) | Time:00:00.03 | Mem:0.00M, Peak:0.00M | Scene, ViewLayer | Updating Shaders
Fra:1 Mem:38.12M (Peak 50.38M) | Time:00:00.03 | Mem:0.00M, Peak:0.00M | Scene, ViewLayer | Loading render kernels (may take a few minutes the first time)
Fra:1 Mem:38.21M (Peak 50.38M) | Time:00:00.03 | Mem:0.01M, Peak:0.01M | Scene, ViewLayer | Updating Procedurals
Fra:1 Mem:38.21M (Peak 50.38M) | Time:00:00.03 | Mem:0.01M, Peak:0.01M | Scene, ViewLayer | Updating Background
Fra:1 Mem:38.21M (Peak 50.38M) | Time:00:00.03 | Mem:0.01M, Peak:0.01M | Scene, ViewLayer | Updating Camera
Fra:1 Mem:38.21M (Peak 50.38M) | Time:00:00.03 | Mem:0.01M, Peak:0.01M | Scene, ViewLayer | Updating Meshes Flags
Fra:1 Mem:38.21M (Peak 50.38M) | Time:00:00.03 | Mem:0.01M, Peak:0.01M | Scene, ViewLayer | Updating Objects
Fra:1 Mem:38.21M (Peak 50.38M) | Time:00:00.03 | Mem:0.01M, Peak:0.01M | Scene, ViewLayer | Updating Objects | Copying Transformations to device
Fra:1 Mem:38.34M (Peak 50.38M) | Time:00:00.03 | Mem:0.13M, Peak:0.13M | Scene, ViewLayer | Updating Particle Systems
Fra:1 Mem:38.34M (Peak 50.38M) | Time:00:00.03 | Mem:0.13M, Peak:0.13M | Scene, ViewLayer | Updating Particle Systems | Copying Particles to device
Fra:1 Mem:38.34M (Peak 50.38M) | Time:00:00.03 | Mem:0.13M, Peak:0.13M | Scene, ViewLayer | Updating Meshes
Fra:1 Mem:38.34M (Peak 50.38M) | Time:00:00.03 | Mem:0.13M, Peak:0.13M | Scene, ViewLayer | Updating Objects | Applying Static Transformations
Fra:1 Mem:38.34M (Peak 50.38M) | Time:00:00.03 | Mem:0.13M, Peak:0.13M | Scene, ViewLayer | Updating Mesh | Computing attributes
Fra:1 Mem:40.80M (Peak 50.38M) | Time:00:00.03 | Mem:0.15M, Peak:0.15M | Scene, ViewLayer | Updating Mesh | Copying Attributes to device
Fra:1 Mem:40.75M (Peak 50.38M) | Time:00:00.03 | Mem:2.55M, Peak:2.55M | Scene, ViewLayer | Updating Geometry BVH Shared streetlight assembly 3/2 | Building BVH
Fra:1 Mem:40.75M (Peak 50.38M) | Time:00:00.03 | Mem:2.55M, Peak:2.55M | Scene, ViewLayer | Updating Geometry BVH Shared streetlight assembly 3/2 | Building BVH 0%
Fra:1 Mem:40.75M (Peak 50.38M) | Time:00:00.03 | Mem:2.55M, Peak:2.55M | Scene, ViewLayer | Updating Geometry BVH Shared tree • trunk and crown joined 2/2 | Building BVH
Fra:1 Mem:40.75M (Peak 50.38M) | Time:00:00.03 | Mem:2.55M, Peak:2.56M | Scene, ViewLayer | Updating Scene BVH | Building
Fra:1 Mem:40.75M (Peak 50.38M) | Time:00:00.03 | Mem:2.55M, Peak:2.56M | Scene, ViewLayer | Updating Scene BVH | Building BVH
Fra:1 Mem:40.75M (Peak 50.38M) | Time:00:00.05 | Mem:20.26M, Peak:27.93M | Scene, ViewLayer | Updating Scene BVH | Copying BVH to device
Fra:1 Mem:40.75M (Peak 50.38M) | Time:00:00.05 | Mem:20.26M, Peak:27.93M | Scene, ViewLayer | Updating Mesh | Computing normals
Fra:1 Mem:49.38M (Peak 50.38M) | Time:00:00.06 | Mem:20.26M, Peak:27.93M | Scene, ViewLayer | Updating Mesh | Copying Mesh to device
Fra:1 Mem:49.38M (Peak 50.38M) | Time:00:00.06 | Mem:28.88M, Peak:28.88M | Scene, ViewLayer | Updating Objects Flags
Fra:1 Mem:49.38M (Peak 50.38M) | Time:00:00.06 | Mem:28.88M, Peak:28.88M | Scene, ViewLayer | Updating Primitive Offsets
Fra:1 Mem:49.38M (Peak 50.38M) | Time:00:00.06 | Mem:28.89M, Peak:28.89M | Scene, ViewLayer | Updating Images
Fra:1 Mem:49.38M (Peak 50.38M) | Time:00:00.06 | Mem:28.89M, Peak:28.89M | Scene, ViewLayer | Updating Camera Volume
Fra:1 Mem:49.38M (Peak 50.38M) | Time:00:00.06 | Mem:28.89M, Peak:28.89M | Scene, ViewLayer | Updating Lookup Tables
Fra:1 Mem:49.38M (Peak 50.38M) | Time:00:00.06 | Mem:28.97M, Peak:28.97M | Scene, ViewLayer | Updating Lights
Fra:1 Mem:49.38M (Peak 50.38M) | Time:00:00.06 | Mem:28.97M, Peak:28.97M | Scene, ViewLayer | Updating Lights | Computing tree
Fra:1 Mem:49.38M (Peak 50.38M) | Time:00:00.06 | Mem:28.97M, Peak:28.97M | Scene, ViewLayer | Updating Integrator
Fra:1 Mem:49.38M (Peak 50.38M) | Time:00:00.06 | Mem:28.97M, Peak:28.97M | Scene, ViewLayer | Updating Film
Fra:1 Mem:49.39M (Peak 50.38M) | Time:00:00.06 | Mem:28.89M, Peak:28.97M | Scene, ViewLayer | Updating Lookup Tables
Fra:1 Mem:49.39M (Peak 50.38M) | Time:00:00.06 | Mem:28.98M, Peak:28.98M | Scene, ViewLayer | Updating Baking
Fra:1 Mem:49.39M (Peak 50.38M) | Time:00:00.06 | Mem:28.98M, Peak:28.98M | Scene, ViewLayer | Updating Device | Writing constant memory
Fra:1 Mem:49.40M (Peak 50.38M) | Time:00:00.06 | Mem:28.98M, Peak:28.98M | Scene, ViewLayer | Loading denoising kernels (may take a few minutes the first time)
Fra:1 Mem:49.40M (Peak 50.38M) | Time:00:00.06 | Mem:28.98M, Peak:28.98M | Scene, ViewLayer | Sample 0/32
Fra:1 Mem:153.85M (Peak 153.85M) | Time:00:01.94 | Remaining:00:58.29 | Mem:133.35M, Peak:133.35M | Scene, ViewLayer | Sample 1/32
Fra:1 Mem:153.85M (Peak 153.85M) | Time:00:30.57 | Remaining:00:26.92 | Mem:133.35M, Peak:133.35M | Scene, ViewLayer | Sample 17/32
Fra:1 Mem:197.80M (Peak 263.72M) | Time:01:06.88 | Mem:133.35M, Peak:133.35M | Scene, ViewLayer | Sample 32/32
Fra:1 Mem:197.80M (Peak 263.72M) | Time:01:06.88 | Mem:133.35M, Peak:133.35M | Scene, ViewLayer | Finished
Saved: '/home/naresh/Documents/nareshpane.github.io/research/gpt-6-astra-blender/renders/detail.png'
Time: 01:07.06 (Saving: 00:00.17)

Read blend: "/home/naresh/Documents/nareshpane.github.io/research/gpt-6-astra-blender/blender/city_master.blend"
Fra:1 Mem:37.96M (Peak 37.96M) | Time:00:00.02 | Mem:0.00M, Peak:0.00M | Scene, ViewLayer | Synchronizing object | City foundation
Fra:1 Mem:37.96M (Peak 37.96M) | Time:00:00.02 | Mem:0.00M, Peak:0.00M | Scene, ViewLayer | Synchronizing object | Two riverbanks
Fra:1 Mem:37.96M (Peak 37.96M) | Time:00:00.02 | Mem:0.00M, Peak:0.00M | Scene, ViewLayer | Synchronizing object | River retaining walls
Fra:1 Mem:37.96M (Peak 37.96M) | Time:00:00.02 | Mem:0.00M, Peak:0.00M | Scene, ViewLayer | Synchronizing object | Park_5-1
Fra:1 Mem:37.97M (Peak 37.97M) | Time:00:00.02 | Mem:0.00M, Peak:0.00M | Scene, ViewLayer | Synchronizing object | Park_0-4
Fra:1 Mem:37.97M (Peak 37.97M) | Time:00:00.02 | Mem:0.00M, Peak:0.00M | Scene, ViewLayer | Synchronizing object | Road_1-2
Fra:1 Mem:37.97M (Peak 37.97M) | Time:00:00.02 | Mem:0.00M, Peak:0.00M | Scene, ViewLayer | Synchronizing object | Road_2-10
Fra:1 Mem:37.98M (Peak 37.98M) | Time:00:00.02 | Mem:0.00M, Peak:0.00M | Scene, ViewLayer | Synchronizing object | Road_2-3
Fra:1 Mem:37.98M (Peak 37.98M) | Time:00:00.02 | Mem:0.00M, Peak:0.00M | Scene, ViewLayer | Synchronizing object | Road_4-12
Fra:1 Mem:37.98M (Peak 37.98M) | Time:00:00.02 | Mem:0.00M, Peak:0.00M | Scene, ViewLayer | Synchronizing object | Road_5-13
Fra:1 Mem:37.98M (Peak 37.98M) | Time:00:00.02 | Mem:0.00M, Peak:0.00M | Scene, ViewLayer | Synchronizing object | Road_5-6
Fra:1 Mem:37.98M (Peak 37.98M) | Time:00:00.02 | Mem:0.00M, Peak:0.00M | Scene, ViewLayer | Synchronizing object | Road_6-14
Fra:1 Mem:37.98M (Peak 37.98M) | Time:00:00.02 | Mem:0.00M, Peak:0.00M | Scene, ViewLayer | Synchronizing object | Road_6-7
Fra:1 Mem:37.99M (Peak 37.99M) | Time:00:00.02 | Mem:0.00M, Peak:0.00M | Scene, ViewLayer | Synchronizing object | Road_8-16
Fra:1 Mem:37.99M (Peak 37.99M) | Time:00:00.02 | Mem:0.00M, Peak:0.00M | Scene, ViewLayer | Synchronizing object | Road_8-9
Fra:1 Mem:37.99M (Peak 37.99M) | Time:00:00.02 | Mem:0.00M, Peak:0.00M | Scene, ViewLayer | Synchronizing object | Road_9-17
Fra:1 Mem:37.99M (Peak 37.99M) | Time:00:00.02 | Mem:0.00M, Peak:0.00M | Scene, ViewLayer | Synchronizing object | Road_9-10
Fra:1 Mem:37.99M (Peak 37.99M) | Time:00:00.02 | Mem:0.00M, Peak:0.00M | Scene, ViewLayer | Synchronizing object | Road_10-18
Fra:1 Mem:37.99M (Peak 37.99M) | Time:00:00.02 | Mem:0.00M, Peak:0.00M | Scene, ViewLayer | Synchronizing object | Road_11-19
Fra:1 Mem:37.99M (Peak 37.99M) | Time:00:00.02 | Mem:0.00M, Peak:0.00M | Scene, ViewLayer | Synchronizing object | Road_11-12
Fra:1 Mem:38.00M (Peak 38.00M) | Time:00:00.02 | Mem:0.00M, Peak:0.00M | Scene, ViewLayer | Synchronizing object | BridgeRail_11-12
Fra:1 Mem:38.00M (Peak 38.00M) | Time:00:00.02 | Mem:0.00M, Peak:0.00M | Scene, ViewLayer | Synchronizing object | Road_12-20
Fra:1 Mem:38.00M (Peak 38.00M) | Time:00:00.02 | Mem:0.00M, Peak:0.00M | Scene, ViewLayer | Synchronizing object | Road_12-13
Fra:1 Mem:38.01M (Peak 38.01M) | Time:00:00.02 | Mem:0.00M, Peak:0.00M | Scene, ViewLayer | Synchronizing object | Road_13-21
Fra:1 Mem:38.02M (Peak 38.02M) | Time:00:00.02 | Mem:0.00M, Peak:0.00M | Scene, ViewLayer | Synchronizing object | Road_15-23
Fra:1 Mem:38.02M (Peak 38.02M) | Time:00:00.02 | Mem:0.00M, Peak:0.00M | Scene, ViewLayer | Synchronizing object | Road_16-17
Fra:1 Mem:38.02M (Peak 38.02M) | Time:00:00.02 | Mem:0.00M, Peak:0.00M | Scene, ViewLayer | Synchronizing object | Road_17-25
Fra:1 Mem:38.02M (Peak 38.02M) | Time:00:00.02 | Mem:0.00M, Peak:0.00M | Scene, ViewLayer | Synchronizing object | Road_17-18
Fra:1 Mem:38.02M (Peak 38.02M) | Time:00:00.02 | Mem:0.00M, Peak:0.00M | Scene, ViewLayer | Synchronizing object | Road_18-26
Fra:1 Mem:38.02M (Peak 38.02M) | Time:00:00.02 | Mem:0.00M, Peak:0.00M | Scene, ViewLayer | Synchronizing object | Road_18-19
Fra:1 Mem:38.02M (Peak 38.02M) | Time:00:00.02 | Mem:0.00M, Peak:0.00M | Scene, ViewLayer | Synchronizing object | Road_19-27
Fra:1 Mem:38.03M (Peak 38.03M) | Time:00:00.02 | Mem:0.00M, Peak:0.00M | Scene, ViewLayer | Synchronizing object | Road_20-28
Fra:1 Mem:38.03M (Peak 38.03M) | Time:00:00.02 | Mem:0.00M, Peak:0.00M | Scene, ViewLayer | Synchronizing object | Road_20-21
Fra:1 Mem:38.03M (Peak 38.03M) | Time:00:00.02 | Mem:0.00M, Peak:0.00M | Scene, ViewLayer | Synchronizing object | Road_21-29
Fra:1 Mem:38.03M (Peak 38.03M) | Time:00:00.02 | Mem:0.00M, Peak:0.00M | Scene, ViewLayer | Synchronizing object | Road_21-22
Fra:1 Mem:38.03M (Peak 38.03M) | Time:00:00.02 | Mem:0.00M, Peak:0.00M | Scene, ViewLayer | Synchronizing object | Road_22-30
Fra:1 Mem:38.03M (Peak 38.03M) | Time:00:00.02 | Mem:0.00M, Peak:0.00M | Scene, ViewLayer | Synchronizing object | Road_22-23
Fra:1 Mem:38.03M (Peak 38.03M) | Time:00:00.02 | Mem:0.00M, Peak:0.00M | Scene, ViewLayer | Synchronizing object | Road_23-31
Fra:1 Mem:38.03M (Peak 38.03M) | Time:00:00.02 | Mem:0.00M, Peak:0.00M | Scene, ViewLayer | Synchronizing object | Road_24-32
Fra:1 Mem:38.04M (Peak 38.04M) | Time:00:00.02 | Mem:0.00M, Peak:0.00M | Scene, ViewLayer | Synchronizing object | Road_25-33
Fra:1 Mem:38.04M (Peak 38.04M) | Time:00:00.02 | Mem:0.00M, Peak:0.00M | Scene, ViewLayer | Synchronizing object | Road_25-26
Fra:1 Mem:38.04M (Peak 38.04M) | Time:00:00.02 | Mem:0.00M, Peak:0.00M | Scene, ViewLayer | Synchronizing object | Road_26-34
Fra:1 Mem:38.04M (Peak 38.04M) | Time:00:00.02 | Mem:0.00M, Peak:0.00M | Scene, ViewLayer | Synchronizing object | Road_26-27
Fra:1 Mem:38.04M (Peak 38.04M) | Time:00:00.02 | Mem:0.00M, Peak:0.00M | Scene, ViewLayer | Synchronizing object | Road_27-35
Fra:1 Mem:38.04M (Peak 38.04M) | Time:00:00.02 | Mem:0.00M, Peak:0.00M | Scene, ViewLayer | Synchronizing object | Road_28-36
Fra:1 Mem:38.05M (Peak 38.05M) | Time:00:00.02 | Mem:0.00M, Peak:0.00M | Scene, ViewLayer | Synchronizing object | Road_28-29
Fra:1 Mem:38.05M (Peak 38.05M) | Time:00:00.02 | Mem:0.00M, Peak:0.00M | Scene, ViewLayer | Synchronizing object | Road_29-37
Fra:1 Mem:38.05M (Peak 38.05M) | Time:00:00.02 | Mem:0.00M, Peak:0.00M | Scene, ViewLayer | Synchronizing object | Road_29-30
Fra:1 Mem:38.05M (Peak 38.05M) | Time:00:00.02 | Mem:0.00M, Peak:0.00M | Scene, ViewLayer | Synchronizing object | Road_30-38
Fra:1 Mem:38.05M (Peak 38.05M) | Time:00:00.02 | Mem:0.00M, Peak:0.00M | Scene, ViewLayer | Synchronizing object | Road_30-31
Fra:1 Mem:38.05M (Peak 38.05M) | Time:00:00.02 | Mem:0.00M, Peak:0.00M | Scene, ViewLayer | Synchronizing object | Road_31-39
Fra:1 Mem:38.05M (Peak 38.05M) | Time:00:00.02 | Mem:0.00M, Peak:0.00M | Scene, ViewLayer | Synchronizing object | Road_32-40
Fra:1 Mem:38.06M (Peak 38.06M) | Time:00:00.02 | Mem:0.00M, Peak:0.00M | Scene, ViewLayer | Synchronizing object | Road_32-33
Fra:1 Mem:38.06M (Peak 38.06M) | Time:00:00.02 | Mem:0.00M, Peak:0.00M | Scene, ViewLayer | Synchronizing object | Road_33-41
Fra:1 Mem:38.06M (Peak 38.06M) | Time:00:00.02 | Mem:0.00M, Peak:0.00M | Scene, ViewLayer | Synchronizing object | Road_34-42
Fra:1 Mem:38.06M (Peak 38.06M) | Time:00:00.02 | Mem:0.00M, Peak:0.00M | Scene, ViewLayer | Synchronizing object | Road_34-35
Fra:1 Mem:38.06M (Peak 38.06M) | Time:00:00.02 | Mem:0.00M, Peak:0.00M | Scene, ViewLayer | Synchronizing object | Road_35-43
Fra:1 Mem:38.06M (Peak 38.06M) | Time:00:00.02 | Mem:0.00M, Peak:0.00M | Scene, ViewLayer | Synchronizing object | Road_35-36
Fra:1 Mem:38.06M (Peak 38.06M) | Time:00:00.02 | Mem:0.00M, Peak:0.00M | Scene, ViewLayer | Synchronizing object | BridgeRail_35-36
Fra:1 Mem:38.07M (Peak 38.07M) | Time:00:00.02 | Mem:0.00M, Peak:0.00M | Scene, ViewLayer | Synchronizing object | Road_36-44
Fra:1 Mem:38.07M (Peak 38.07M) | Time:00:00.02 | Mem:0.00M, Peak:0.00M | Scene, ViewLayer | Synchronizing object | Road_36-37
Fra:1 Mem:38.08M (Peak 38.08M) | Time:00:00.02 | Mem:0.00M, Peak:0.00M | Scene, ViewLayer | Synchronizing object | Road_37-45
Fra:1 Mem:38.08M (Peak 38.08M) | Time:00:00.02 | Mem:0.00M, Peak:0.00M | Scene, ViewLayer | Synchronizing object | Road_37-38
Fra:1 Mem:38.08M (Peak 38.08M) | Time:00:00.02 | Mem:0.00M, Peak:0.00M | Scene, ViewLayer | Synchronizing object | Road_38-39
Fra:1 Mem:38.09M (Peak 38.09M) | Time:00:00.02 | Mem:0.00M, Peak:0.00M | Scene, ViewLayer | Synchronizing object | Road_39-47
Fra:1 Mem:38.09M (Peak 38.09M) | Time:00:00.02 | Mem:0.00M, Peak:0.00M | Scene, ViewLayer | Synchronizing object | Road_40-48
Fra:1 Mem:38.09M (Peak 38.09M) | Time:00:00.02 | Mem:0.00M, Peak:0.00M | Scene, ViewLayer | Synchronizing object | Road_40-41
Fra:1 Mem:38.09M (Peak 38.09M) | Time:00:00.02 | Mem:0.00M, Peak:0.00M | Scene, ViewLayer | Synchronizing object | Road_41-49
Fra:1 Mem:38.09M (Peak 38.09M) | Time:00:00.02 | Mem:0.00M, Peak:0.00M | Scene, ViewLayer | Synchronizing object | Road_42-50
Fra:1 Mem:38.09M (Peak 38.09M) | Time:00:00.02 | Mem:0.00M, Peak:0.00M | Scene, ViewLayer | Synchronizing object | Road_43-51
Fra:1 Mem:38.09M (Peak 38.09M) | Time:00:00.02 | Mem:0.00M, Peak:0.00M | Scene, ViewLayer | Synchronizing object | Road_44-52
Fra:1 Mem:38.09M (Peak 38.09M) | Time:00:00.02 | Mem:0.00M, Peak:0.00M | Scene, ViewLayer | Synchronizing object | Road_45-53
Fra:1 Mem:38.10M (Peak 38.10M) | Time:00:00.02 | Mem:0.00M, Peak:0.00M | Scene, ViewLayer | Synchronizing object | Road_45-46
Fra:1 Mem:38.10M (Peak 38.10M) | Time:00:00.02 | Mem:0.00M, Peak:0.00M | Scene, ViewLayer | Synchronizing object | Road_46-54
Fra:1 Mem:38.10M (Peak 38.10M) | Time:00:00.02 | Mem:0.00M, Peak:0.00M | Scene, ViewLayer | Synchronizing object | Road_46-47
Fra:1 Mem:38.10M (Peak 38.10M) | Time:00:00.02 | Mem:0.00M, Peak:0.00M | Scene, ViewLayer | Synchronizing object | Road_47-55
Fra:1 Mem:38.10M (Peak 38.10M) | Time:00:00.02 | Mem:0.00M, Peak:0.00M | Scene, ViewLayer | Synchronizing object | Road_49-50
Fra:1 Mem:38.10M (Peak 38.10M) | Time:00:00.02 | Mem:0.00M, Peak:0.00M | Scene, ViewLayer | Synchronizing object | Road_50-51
Fra:1 Mem:38.10M (Peak 38.10M) | Time:00:00.02 | Mem:0.00M, Peak:0.00M | Scene, ViewLayer | Synchronizing object | Road_52-53
Fra:1 Mem:38.11M (Peak 38.11M) | Time:00:00.02 | Mem:0.00M, Peak:0.00M | Scene, ViewLayer | Synchronizing object | Road_53-54
Fra:1 Mem:38.11M (Peak 38.11M) | Time:00:00.02 | Mem:0.00M, Peak:0.00M | Scene, ViewLayer | Synchronizing object | All block sidewalks
Fra:1 Mem:38.13M (Peak 38.13M) | Time:00:00.02 | Mem:0.00M, Peak:0.00M | Scene, ViewLayer | Synchronizing object | All lane dashes and crossings
Fra:1 Mem:38.14M (Peak 38.14M) | Time:00:00.02 | Mem:0.00M, Peak:0.00M | Scene, ViewLayer | Synchronizing object | B002 • Old Quay
Fra:1 Mem:38.28M (Peak 38.28M) | Time:00:00.02 | Mem:0.00M, Peak:0.00M | Scene, ViewLayer | Synchronizing object | B003 • Old Quay
Fra:1 Mem:38.42M (Peak 38.42M) | Time:00:00.02 | Mem:0.00M, Peak:0.00M | Scene, ViewLayer | Synchronizing object | B004 • Old Quay
Fra:1 Mem:38.77M (Peak 38.77M) | Time:00:00.02 | Mem:0.00M, Peak:0.00M | Scene, ViewLayer | Synchronizing object | B005 • Old Quay
Fra:1 Mem:38.81M (Peak 38.81M) | Time:00:00.02 | Mem:0.00M, Peak:0.00M | Scene, ViewLayer | Synchronizing object | B006 • Old Quay
Fra:1 Mem:38.93M (Peak 38.93M) | Time:00:00.02 | Mem:0.00M, Peak:0.00M | Scene, ViewLayer | Synchronizing object | B007 • Old Quay
Fra:1 Mem:38.97M (Peak 38.97M) | Time:00:00.02 | Mem:0.00M, Peak:0.00M | Scene, ViewLayer | Synchronizing object | B008 • Old Quay
Fra:1 Mem:38.99M (Peak 38.99M) | Time:00:00.02 | Mem:0.00M, Peak:0.00M | Scene, ViewLayer | Synchronizing object | B009 • Old Quay
Fra:1 Mem:39.03M (Peak 39.03M) | Time:00:00.02 | Mem:0.00M, Peak:0.00M | Scene, ViewLayer | Synchronizing object | B010 • Old Quay
Fra:1 Mem:39.24M (Peak 39.24M) | Time:00:00.02 | Mem:0.00M, Peak:0.00M | Scene, ViewLayer | Synchronizing object | B011 • Old Quay
Fra:1 Mem:39.29M (Peak 39.29M) | Time:00:00.02 | Mem:0.00M, Peak:0.00M | Scene, ViewLayer | Synchronizing object | B012 • Old Quay
Fra:1 Mem:39.37M (Peak 39.37M) | Time:00:00.02 | Mem:0.00M, Peak:0.00M | Scene, ViewLayer | Synchronizing object | B013 • Old Quay
Fra:1 Mem:39.36M (Peak 39.37M) | Time:00:00.02 | Mem:0.00M, Peak:0.00M | Scene, ViewLayer | Synchronizing object | B014 • Old Quay
Fra:1 Mem:39.43M (Peak 39.43M) | Time:00:00.02 | Mem:0.00M, Peak:0.00M | Scene, ViewLayer | Synchronizing object | B015 • Old Quay
Fra:1 Mem:39.48M (Peak 39.48M) | Time:00:00.02 | Mem:0.00M, Peak:0.00M | Scene, ViewLayer | Synchronizing object | B016 • Old Quay
Fra:1 Mem:39.57M (Peak 39.57M) | Time:00:00.02 | Mem:0.00M, Peak:0.00M | Scene, ViewLayer | Synchronizing object | B017 • Old Quay
Fra:1 Mem:39.63M (Peak 39.63M) | Time:00:00.02 | Mem:0.00M, Peak:0.00M | Scene, ViewLayer | Synchronizing object | B018 • Old Quay
Fra:1 Mem:39.66M (Peak 39.66M) | Time:00:00.02 | Mem:0.00M, Peak:0.00M | Scene, ViewLayer | Synchronizing object | B019 • Civic Terrace
Fra:1 Mem:39.84M (Peak 39.84M) | Time:00:00.02 | Mem:0.00M, Peak:0.00M | Scene, ViewLayer | Synchronizing object | B020 • Civic Terrace
Fra:1 Mem:39.83M (Peak 39.84M) | Time:00:00.02 | Mem:0.00M, Peak:0.00M | Scene, ViewLayer | Synchronizing object | B021 • Civic Terrace
Fra:1 Mem:39.88M (Peak 39.88M) | Time:00:00.02 | Mem:0.00M, Peak:0.00M | Scene, ViewLayer | Synchronizing object | B022 • Civic Terrace
Fra:1 Mem:40.06M (Peak 40.06M) | Time:00:00.02 | Mem:0.00M, Peak:0.00M | Scene, ViewLayer | Synchronizing object | B023 • Civic Terrace
Fra:1 Mem:40.18M (Peak 40.18M) | Time:00:00.02 | Mem:0.00M, Peak:0.00M | Scene, ViewLayer | Synchronizing object | B024 • Civic Terrace
Fra:1 Mem:40.34M (Peak 40.34M) | Time:00:00.02 | Mem:0.00M, Peak:0.00M | Scene, ViewLayer | Synchronizing object | B025 • Civic Terrace
Fra:1 Mem:40.36M (Peak 40.36M) | Time:00:00.02 | Mem:0.00M, Peak:0.00M | Scene, ViewLayer | Synchronizing object | B026 • Civic Terrace
Fra:1 Mem:40.42M (Peak 40.42M) | Time:00:00.02 | Mem:0.00M, Peak:0.00M | Scene, ViewLayer | Synchronizing object | B027 • Civic Terrace
Fra:1 Mem:40.53M (Peak 40.53M) | Time:00:00.02 | Mem:0.00M, Peak:0.00M | Scene, ViewLayer | Synchronizing object | B028 • Civic Terrace
Fra:1 Mem:40.82M (Peak 40.82M) | Time:00:00.02 | Mem:0.00M, Peak:0.00M | Scene, ViewLayer | Synchronizing object | B029 • Civic Terrace
Fra:1 Mem:40.96M (Peak 40.96M) | Time:00:00.02 | Mem:0.00M, Peak:0.00M | Scene, ViewLayer | Synchronizing object | B030 • Civic Terrace
Fra:1 Mem:40.99M (Peak 40.99M) | Time:00:00.02 | Mem:0.00M, Peak:0.00M | Scene, ViewLayer | Synchronizing object | B031 • Civic Terrace
Fra:1 Mem:41.08M (Peak 41.08M) | Time:00:00.02 | Mem:0.00M, Peak:0.00M | Scene, ViewLayer | Synchronizing object | B032 • Civic Terrace
Fra:1 Mem:41.18M (Peak 41.18M) | Time:00:00.02 | Mem:0.00M, Peak:0.00M | Scene, ViewLayer | Synchronizing object | B033 • Civic Terrace
Fra:1 Mem:41.53M (Peak 41.53M) | Time:00:00.02 | Mem:0.00M, Peak:0.00M | Scene, ViewLayer | Synchronizing object | B034 • Civic Terrace
Fra:1 Mem:41.56M (Peak 41.56M) | Time:00:00.02 | Mem:0.00M, Peak:0.00M | Scene, ViewLayer | Synchronizing object | B035 • Civic Terrace
Fra:1 Mem:41.71M (Peak 41.71M) | Time:00:00.02 | Mem:0.00M, Peak:0.00M | Scene, ViewLayer | Synchronizing object | B036 • Civic Terrace
Fra:1 Mem:41.68M (Peak 41.71M) | Time:00:00.02 | Mem:0.00M, Peak:0.00M | Scene, ViewLayer | Synchronizing object | B038 • Old Quay
Fra:1 Mem:41.71M (Peak 41.71M) | Time:00:00.02 | Mem:0.00M, Peak:0.00M | Scene, ViewLayer | Synchronizing object | B039 • Old Quay
Fra:1 Mem:41.77M (Peak 41.77M) | Time:00:00.02 | Mem:0.00M, Peak:0.00M | Scene, ViewLayer | Synchronizing object | B040 • Old Quay
Fra:1 Mem:41.75M (Peak 41.77M) | Time:00:00.02 | Mem:0.00M, Peak:0.00M | Scene, ViewLayer | Synchronizing object | B042 • Old Quay
Fra:1 Mem:41.76M (Peak 41.77M) | Time:00:00.02 | Mem:0.00M, Peak:0.00M | Scene, ViewLayer | Synchronizing object | B044 • Old Quay
Fra:1 Mem:42.02M (Peak 42.02M) | Time:00:00.02 | Mem:0.00M, Peak:0.00M | Scene, ViewLayer | Synchronizing object | B045 • Old Quay
Fra:1 Mem:42.03M (Peak 42.03M) | Time:00:00.02 | Mem:0.00M, Peak:0.00M | Scene, ViewLayer | Synchronizing object | B046 • Old Quay
Fra:1 Mem:42.03M (Peak 42.03M) | Time:00:00.02 | Mem:0.00M, Peak:0.00M | Scene, ViewLayer | Synchronizing object | B049 • Old Quay
Fra:1 Mem:42.20M (Peak 42.20M) | Time:00:00.02 | Mem:0.00M, Peak:0.00M | Scene, ViewLayer | Synchronizing object | B050 • Old Quay
Fra:1 Mem:42.22M (Peak 42.22M) | Time:00:00.02 | Mem:0.00M, Peak:0.00M | Scene, ViewLayer | Synchronizing object | B051 • Old Quay
Fra:1 Mem:42.23M (Peak 42.23M) | Time:00:00.02 | Mem:0.00M, Peak:0.00M | Scene, ViewLayer | Synchronizing object | B052 • Old Quay
Fra:1 Mem:42.32M (Peak 42.32M) | Time:00:00.02 | Mem:0.00M, Peak:0.00M | Scene, ViewLayer | Synchronizing object | B053 • Old Quay
Fra:1 Mem:42.38M (Peak 42.38M) | Time:00:00.02 | Mem:0.00M, Peak:0.00M | Scene, ViewLayer | Synchronizing object | B054 • Old Quay
Fra:1 Mem:42.44M (Peak 42.44M) | Time:00:00.02 | Mem:0.00M, Peak:0.00M | Scene, ViewLayer | Synchronizing object | B055 • Civic Terrace
Fra:1 Mem:42.48M (Peak 42.48M) | Time:00:00.02 | Mem:0.00M, Peak:0.00M | Scene, ViewLayer | Synchronizing object | B056 • Civic Terrace
Fra:1 Mem:42.48M (Peak 42.48M) | Time:00:00.02 | Mem:0.00M, Peak:0.00M | Scene, ViewLayer | Synchronizing object | B057 • Civic Terrace
Fra:1 Mem:42.57M (Peak 42.57M) | Time:00:00.02 | Mem:0.00M, Peak:0.00M | Scene, ViewLayer | Synchronizing object | B058 • Civic Terrace
Fra:1 Mem:42.68M (Peak 42.68M) | Time:00:00.02 | Mem:0.00M, Peak:0.00M | Scene, ViewLayer | Synchronizing object | B059 • Civic Terrace
Fra:1 Mem:42.88M (Peak 42.88M) | Time:00:00.02 | Mem:0.00M, Peak:0.00M | Scene, ViewLayer | Synchronizing object | B061 • Civic Terrace
Fra:1 Mem:43.06M (Peak 43.06M) | Time:00:00.02 | Mem:0.00M, Peak:0.00M | Scene, ViewLayer | Synchronizing object | B062 • Civic Terrace
Fra:1 Mem:43.04M (Peak 43.06M) | Time:00:00.02 | Mem:0.00M, Peak:0.00M | Scene, ViewLayer | Synchronizing object | B063 • Civic Terrace
Fra:1 Mem:43.15M (Peak 43.15M) | Time:00:00.02 | Mem:0.00M, Peak:0.00M | Scene, ViewLayer | Synchronizing object | B064 • Civic Terrace
Fra:1 Mem:43.33M (Peak 43.33M) | Time:00:00.02 | Mem:0.00M, Peak:0.00M | Scene, ViewLayer | Synchronizing object | B065 • Civic Terrace
Fra:1 Mem:43.36M (Peak 43.36M) | Time:00:00.02 | Mem:0.00M, Peak:0.00M | Scene, ViewLayer | Synchronizing object | B066 • Civic Terrace
Fra:1 Mem:43.41M (Peak 43.41M) | Time:00:00.02 | Mem:0.00M, Peak:0.00M | Scene, ViewLayer | Synchronizing object | B067 • Old Quay
Fra:1 Mem:43.51M (Peak 43.51M) | Time:00:00.02 | Mem:0.00M, Peak:0.00M | Scene, ViewLayer | Synchronizing object | B068 • Old Quay
Fra:1 Mem:43.56M (Peak 43.56M) | Time:00:00.03 | Mem:0.00M, Peak:0.00M | Scene, ViewLayer | Synchronizing object | B069 • Old Quay
Fra:1 Mem:43.59M (Peak 43.59M) | Time:00:00.03 | Mem:0.00M, Peak:0.00M | Scene, ViewLayer | Synchronizing object | B070 • Old Quay
Fra:1 Mem:43.62M (Peak 43.62M) | Time:00:00.03 | Mem:0.00M, Peak:0.00M | Scene, ViewLayer | Synchronizing object | B071 • Old Quay
Fra:1 Mem:43.69M (Peak 43.69M) | Time:00:00.03 | Mem:0.00M, Peak:0.00M | Scene, ViewLayer | Synchronizing object | B072 • Old Quay
Fra:1 Mem:43.71M (Peak 43.71M) | Time:00:00.03 | Mem:0.00M, Peak:0.00M | Scene, ViewLayer | Synchronizing object | B073 • Old Quay
Fra:1 Mem:43.78M (Peak 43.78M) | Time:00:00.03 | Mem:0.00M, Peak:0.00M | Scene, ViewLayer | Synchronizing object | B074 • Old Quay
Fra:1 Mem:43.78M (Peak 43.78M) | Time:00:00.03 | Mem:0.00M, Peak:0.00M | Scene, ViewLayer | Synchronizing object | B075 • Old Quay
Fra:1 Mem:43.88M (Peak 43.88M) | Time:00:00.03 | Mem:0.00M, Peak:0.00M | Scene, ViewLayer | Synchronizing object | B076 • Old Quay
Fra:1 Mem:43.90M (Peak 43.90M) | Time:00:00.03 | Mem:0.00M, Peak:0.00M | Scene, ViewLayer | Synchronizing object | B077 • Old Quay
Fra:1 Mem:43.98M (Peak 43.98M) | Time:00:00.03 | Mem:0.00M, Peak:0.00M | Scene, ViewLayer | Synchronizing object | B078 • Old Quay
Fra:1 Mem:44.01M (Peak 44.01M) | Time:00:00.03 | Mem:0.00M, Peak:0.00M | Scene, ViewLayer | Synchronizing object | B079 • Old Quay
Fra:1 Mem:44.03M (Peak 44.04M) | Time:00:00.03 | Mem:0.00M, Peak:0.00M | Scene, ViewLayer | Synchronizing object | B080 • Old Quay
Fra:1 Mem:44.08M (Peak 44.08M) | Time:00:00.03 | Mem:0.00M, Peak:0.00M | Scene, ViewLayer | Synchronizing object | B081 • Old Quay
Fra:1 Mem:44.10M (Peak 44.10M) | Time:00:00.03 | Mem:0.00M, Peak:0.00M | Scene, ViewLayer | Synchronizing object | B082 • Old Quay
Fra:1 Mem:44.15M (Peak 44.15M) | Time:00:00.03 | Mem:0.00M, Peak:0.00M | Scene, ViewLayer | Synchronizing object | B083 • Old Quay
Fra:1 Mem:44.21M (Peak 44.21M) | Time:00:00.03 | Mem:0.00M, Peak:0.00M | Scene, ViewLayer | Synchronizing object | B084 • Old Quay
Fra:1 Mem:44.23M (Peak 44.23M) | Time:00:00.03 | Mem:0.00M, Peak:0.00M | Scene, ViewLayer | Synchronizing object | B085 • Civic Terrace
Fra:1 Mem:44.24M (Peak 44.25M) | Time:00:00.03 | Mem:0.00M, Peak:0.00M | Scene, ViewLayer | Synchronizing object | B086 • Civic Terrace
Fra:1 Mem:44.36M (Peak 44.36M) | Time:00:00.03 | Mem:0.00M, Peak:0.00M | Scene, ViewLayer | Synchronizing object | B087 • Civic Terrace
Fra:1 Mem:44.47M (Peak 44.47M) | Time:00:00.03 | Mem:0.00M, Peak:0.00M | Scene, ViewLayer | Synchronizing object | B088 • Civic Terrace
Fra:1 Mem:44.50M (Peak 44.50M) | Time:00:00.03 | Mem:0.00M, Peak:0.00M | Scene, ViewLayer | Synchronizing object | B089 • Civic Terrace
Fra:1 Mem:44.65M (Peak 44.65M) | Time:00:00.03 | Mem:0.00M, Peak:0.00M | Scene, ViewLayer | Synchronizing object | B090 • Civic Terrace
Fra:1 Mem:44.79M (Peak 44.79M) | Time:00:00.03 | Mem:0.00M, Peak:0.00M | Scene, ViewLayer | Synchronizing object | B091 • Civic Terrace
Fra:1 Mem:44.92M (Peak 44.92M) | Time:00:00.03 | Mem:0.00M, Peak:0.00M | Scene, ViewLayer | Synchronizing object | B092 • Civic Terrace
Fra:1 Mem:44.96M (Peak 44.96M) | Time:00:00.03 | Mem:0.00M, Peak:0.00M | Scene, ViewLayer | Synchronizing object | B093 • Civic Terrace
Fra:1 Mem:45.05M (Peak 45.05M) | Time:00:00.03 | Mem:0.00M, Peak:0.00M | Scene, ViewLayer | Synchronizing object | B094 • Civic Terrace
Fra:1 Mem:45.19M (Peak 45.19M) | Time:00:00.03 | Mem:0.00M, Peak:0.00M | Scene, ViewLayer | Synchronizing object | B095 • Civic Terrace
Fra:1 Mem:45.29M (Peak 45.29M) | Time:00:00.03 | Mem:0.00M, Peak:0.00M | Scene, ViewLayer | Synchronizing object | B096 • Civic Terrace
Fra:1 Mem:45.34M (Peak 45.34M) | Time:00:00.03 | Mem:0.00M, Peak:0.00M | Scene, ViewLayer | Synchronizing object | B097 • Civic Terrace
Fra:1 Mem:45.52M (Peak 45.52M) | Time:00:00.03 | Mem:0.00M, Peak:0.00M | Scene, ViewLayer | Synchronizing object | B098 • Civic Terrace
Fra:1 Mem:45.60M (Peak 45.60M) | Time:00:00.03 | Mem:0.00M, Peak:0.00M | Scene, ViewLayer | Synchronizing object | B099 • Civic Terrace
Fra:1 Mem:45.72M (Peak 45.72M) | Time:00:00.03 | Mem:0.00M, Peak:0.00M | Scene, ViewLayer | Synchronizing object | B100 • Civic Terrace
Fra:1 Mem:45.71M (Peak 45.72M) | Time:00:00.03 | Mem:0.00M, Peak:0.00M | Scene, ViewLayer | Synchronizing object | B101 • Civic Terrace
Fra:1 Mem:45.76M (Peak 45.76M) | Time:00:00.03 | Mem:0.00M, Peak:0.00M | Scene, ViewLayer | Synchronizing object | B102 • Civic Terrace
Fra:1 Mem:45.89M (Peak 45.89M) | Time:00:00.03 | Mem:0.00M, Peak:0.00M | Scene, ViewLayer | Synchronizing object | B103 • Garden Quarter
Fra:1 Mem:45.92M (Peak 45.92M) | Time:00:00.03 | Mem:0.00M, Peak:0.00M | Scene, ViewLayer | Synchronizing object | B104 • Garden Quarter
Fra:1 Mem:45.92M (Peak 45.92M) | Time:00:00.03 | Mem:0.00M, Peak:0.00M | Scene, ViewLayer | Synchronizing object | B105 • Garden Quarter
Fra:1 Mem:46.04M (Peak 46.04M) | Time:00:00.03 | Mem:0.00M, Peak:0.00M | Scene, ViewLayer | Synchronizing object | B106 • Garden Quarter
Fra:1 Mem:46.04M (Peak 46.04M) | Time:00:00.03 | Mem:0.00M, Peak:0.00M | Scene, ViewLayer | Synchronizing object | B107 • Garden Quarter
Fra:1 Mem:46.06M (Peak 46.06M) | Time:00:00.03 | Mem:0.00M, Peak:0.00M | Scene, ViewLayer | Synchronizing object | B108 • Garden Quarter
Fra:1 Mem:46.10M (Peak 46.10M) | Time:00:00.03 | Mem:0.00M, Peak:0.00M | Scene, ViewLayer | Synchronizing object | B109 • Garden Quarter
Fra:1 Mem:46.15M (Peak 46.15M) | Time:00:00.03 | Mem:0.00M, Peak:0.00M | Scene, ViewLayer | Synchronizing object | B111 • Garden Quarter
Fra:1 Mem:46.21M (Peak 46.21M) | Time:00:00.03 | Mem:0.00M, Peak:0.00M | Scene, ViewLayer | Synchronizing object | B113 • Garden Quarter
Fra:1 Mem:46.35M (Peak 46.35M) | Time:00:00.03 | Mem:0.00M, Peak:0.00M | Scene, ViewLayer | Synchronizing object | B114 • Garden Quarter
Fra:1 Mem:46.39M (Peak 46.39M) | Time:00:00.03 | Mem:0.00M, Peak:0.00M | Scene, ViewLayer | Synchronizing object | B115 • Garden Quarter
Fra:1 Mem:46.40M (Peak 46.40M) | Time:00:00.03 | Mem:0.00M, Peak:0.00M | Scene, ViewLayer | Synchronizing object | B116 • Garden Quarter
Fra:1 Mem:46.43M (Peak 46.43M) | Time:00:00.03 | Mem:0.00M, Peak:0.00M | Scene, ViewLayer | Synchronizing object | B117 • Garden Quarter
Fra:1 Mem:46.49M (Peak 46.49M) | Time:00:00.03 | Mem:0.00M, Peak:0.00M | Scene, ViewLayer | Synchronizing object | B118 • Garden Quarter
Fra:1 Mem:46.52M (Peak 46.52M) | Time:00:00.03 | Mem:0.00M, Peak:0.00M | Scene, ViewLayer | Synchronizing object | B119 • Garden Quarter
Fra:1 Mem:46.59M (Peak 46.59M) | Time:00:00.03 | Mem:0.00M, Peak:0.00M | Scene, ViewLayer | Synchronizing object | B120 • Garden Quarter
Fra:1 Mem:46.64M (Peak 46.64M) | Time:00:00.03 | Mem:0.00M, Peak:0.00M | Scene, ViewLayer | Synchronizing object | B123 • Innovation District
Fra:1 Mem:46.65M (Peak 46.65M) | Time:00:00.03 | Mem:0.00M, Peak:0.00M | Scene, ViewLayer | Synchronizing object | B124 • Innovation District
Fra:1 Mem:46.81M (Peak 46.81M) | Time:00:00.03 | Mem:0.00M, Peak:0.00M | Scene, ViewLayer | Synchronizing object | B125 • Innovation District
Fra:1 Mem:47.09M (Peak 47.09M) | Time:00:00.03 | Mem:0.00M, Peak:0.00M | Scene, ViewLayer | Synchronizing object | B126 • Innovation District
Fra:1 Mem:47.13M (Peak 47.13M) | Time:00:00.03 | Mem:0.00M, Peak:0.00M | Scene, ViewLayer | Synchronizing object | B127 • Innovation District
Fra:1 Mem:47.23M (Peak 47.23M) | Time:00:00.03 | Mem:0.00M, Peak:0.00M | Scene, ViewLayer | Synchronizing object | B128 • Innovation District
Fra:1 Mem:47.31M (Peak 47.31M) | Time:00:00.03 | Mem:0.00M, Peak:0.00M | Scene, ViewLayer | Synchronizing object | B129 • Innovation District
Fra:1 Mem:47.31M (Peak 47.31M) | Time:00:00.03 | Mem:0.00M, Peak:0.00M | Scene, ViewLayer | Synchronizing object | B130 • Innovation District
Fra:1 Mem:47.42M (Peak 47.42M) | Time:00:00.03 | Mem:0.00M, Peak:0.00M | Scene, ViewLayer | Synchronizing object | B131 • Innovation District
Fra:1 Mem:47.53M (Peak 47.53M) | Time:00:00.03 | Mem:0.00M, Peak:0.00M | Scene, ViewLayer | Synchronizing object | B132 • Innovation District
Fra:1 Mem:47.59M (Peak 47.59M) | Time:00:00.03 | Mem:0.00M, Peak:0.00M | Scene, ViewLayer | Synchronizing object | B133 • Innovation District
Fra:1 Mem:47.62M (Peak 47.62M) | Time:00:00.03 | Mem:0.00M, Peak:0.00M | Scene, ViewLayer | Synchronizing object | B134 • Innovation District
Fra:1 Mem:47.77M (Peak 47.77M) | Time:00:00.03 | Mem:0.00M, Peak:0.00M | Scene, ViewLayer | Synchronizing object | B135 • Innovation District
Fra:1 Mem:47.84M (Peak 47.84M) | Time:00:00.03 | Mem:0.00M, Peak:0.00M | Scene, ViewLayer | Synchronizing object | B136 • Innovation District
Fra:1 Mem:47.83M (Peak 47.84M) | Time:00:00.03 | Mem:0.00M, Peak:0.00M | Scene, ViewLayer | Synchronizing object | B137 • Innovation District
Fra:1 Mem:47.96M (Peak 47.96M) | Time:00:00.03 | Mem:0.00M, Peak:0.00M | Scene, ViewLayer | Synchronizing object | B138 • Innovation District
Fra:1 Mem:48.11M (Peak 48.11M) | Time:00:00.03 | Mem:0.00M, Peak:0.00M | Scene, ViewLayer | Synchronizing object | B139 • Garden Quarter
Fra:1 Mem:48.17M (Peak 48.17M) | Time:00:00.03 | Mem:0.00M, Peak:0.00M | Scene, ViewLayer | Synchronizing object | B140 • Garden Quarter
Fra:1 Mem:48.19M (Peak 48.19M) | Time:00:00.03 | Mem:0.00M, Peak:0.00M | Scene, ViewLayer | Synchronizing object | B141 • Garden Quarter
Fra:1 Mem:48.23M (Peak 48.23M) | Time:00:00.03 | Mem:0.00M, Peak:0.00M | Scene, ViewLayer | Synchronizing object | B142 • Garden Quarter
Fra:1 Mem:48.30M (Peak 48.30M) | Time:00:00.03 | Mem:0.00M, Peak:0.00M | Scene, ViewLayer | Synchronizing object | B143 • Garden Quarter
Fra:1 Mem:48.35M (Peak 48.35M) | Time:00:00.03 | Mem:0.00M, Peak:0.00M | Scene, ViewLayer | Synchronizing object | B144 • Garden Quarter
Fra:1 Mem:48.40M (Peak 48.40M) | Time:00:00.03 | Mem:0.00M, Peak:0.00M | Scene, ViewLayer | Synchronizing object | B145 • Garden Quarter
Fra:1 Mem:48.39M (Peak 48.40M) | Time:00:00.03 | Mem:0.00M, Peak:0.00M | Scene, ViewLayer | Synchronizing object | B146 • Garden Quarter
Fra:1 Mem:48.47M (Peak 48.47M) | Time:00:00.03 | Mem:0.00M, Peak:0.00M | Scene, ViewLayer | Synchronizing object | B147 • Garden Quarter
Fra:1 Mem:48.49M (Peak 48.49M) | Time:00:00.03 | Mem:0.00M, Peak:0.00M | Scene, ViewLayer | Synchronizing object | B148 • Garden Quarter
Fra:1 Mem:48.49M (Peak 48.49M) | Time:00:00.03 | Mem:0.00M, Peak:0.00M | Scene, ViewLayer | Synchronizing object | B149 • Garden Quarter
Fra:1 Mem:48.52M (Peak 48.52M) | Time:00:00.03 | Mem:0.00M, Peak:0.00M | Scene, ViewLayer | Synchronizing object | B150 • Garden Quarter
Fra:1 Mem:48.61M (Peak 48.61M) | Time:00:00.03 | Mem:0.00M, Peak:0.00M | Scene, ViewLayer | Synchronizing object | B151 • Innovation District
Fra:1 Mem:48.73M (Peak 48.73M) | Time:00:00.03 | Mem:0.00M, Peak:0.00M | Scene, ViewLayer | Synchronizing object | B152 • Innovation District
Fra:1 Mem:48.76M (Peak 48.76M) | Time:00:00.03 | Mem:0.00M, Peak:0.00M | Scene, ViewLayer | Synchronizing object | B154 • Innovation District
Fra:1 Mem:48.78M (Peak 48.78M) | Time:00:00.03 | Mem:0.00M, Peak:0.00M | Scene, ViewLayer | Synchronizing object | B155 • Innovation District
Fra:1 Mem:48.95M (Peak 48.95M) | Time:00:00.03 | Mem:0.00M, Peak:0.00M | Scene, ViewLayer | Synchronizing object | B156 • Innovation District
Fra:1 Mem:49.25M (Peak 49.25M) | Time:00:00.03 | Mem:0.00M, Peak:0.00M | Scene, ViewLayer | Synchronizing object | B157 • Innovation District
Fra:1 Mem:49.34M (Peak 49.34M) | Time:00:00.03 | Mem:0.00M, Peak:0.00M | Scene, ViewLayer | Synchronizing object | B158 • Innovation District
Fra:1 Mem:49.39M (Peak 49.39M) | Time:00:00.03 | Mem:0.00M, Peak:0.00M | Scene, ViewLayer | Synchronizing object | B159 • Innovation District
Fra:1 Mem:49.42M (Peak 49.42M) | Time:00:00.03 | Mem:0.00M, Peak:0.00M | Scene, ViewLayer | Synchronizing object | B160 • Innovation District
Fra:1 Mem:49.51M (Peak 49.51M) | Time:00:00.03 | Mem:0.00M, Peak:0.00M | Scene, ViewLayer | Synchronizing object | B161 • Innovation District
Fra:1 Mem:49.51M (Peak 49.51M) | Time:00:00.03 | Mem:0.00M, Peak:0.00M | Scene, ViewLayer | Synchronizing object | B162 • Innovation District
Fra:1 Mem:49.64M (Peak 49.64M) | Time:00:00.03 | Mem:0.00M, Peak:0.00M | Scene, ViewLayer | Synchronizing object | B163 • Innovation District
Fra:1 Mem:49.64M (Peak 49.64M) | Time:00:00.03 | Mem:0.00M, Peak:0.00M | Scene, ViewLayer | Synchronizing object | B164 • Innovation District
Fra:1 Mem:49.75M (Peak 49.75M) | Time:00:00.03 | Mem:0.00M, Peak:0.00M | Scene, ViewLayer | Synchronizing object | B165 • Innovation District
Fra:1 Mem:49.96M (Peak 49.96M) | Time:00:00.03 | Mem:0.00M, Peak:0.00M | Scene, ViewLayer | Synchronizing object | B166 • Innovation District
Fra:1 Mem:50.05M (Peak 50.05M) | Time:00:00.03 | Mem:0.00M, Peak:0.00M | Scene, ViewLayer | Synchronizing object | B167 • Innovation District
Fra:1 Mem:50.18M (Peak 50.18M) | Time:00:00.03 | Mem:0.00M, Peak:0.00M | Scene, ViewLayer | Synchronizing object | B168 • Innovation District
Fra:1 Mem:50.18M (Peak 50.18M) | Time:00:00.03 | Mem:0.00M, Peak:0.00M | Scene, ViewLayer | Synchronizing object | B169 • Garden Quarter
Fra:1 Mem:50.26M (Peak 50.26M) | Time:00:00.03 | Mem:0.00M, Peak:0.00M | Scene, ViewLayer | Synchronizing object | B170 • Garden Quarter
Fra:1 Mem:50.28M (Peak 50.29M) | Time:00:00.03 | Mem:0.00M, Peak:0.00M | Scene, ViewLayer | Synchronizing object | B171 • Garden Quarter
Fra:1 Mem:50.35M (Peak 50.35M) | Time:00:00.03 | Mem:0.00M, Peak:0.00M | Scene, ViewLayer | Synchronizing object | B172 • Garden Quarter
Fra:1 Mem:50.46M (Peak 50.46M) | Time:00:00.03 | Mem:0.00M, Peak:0.00M | Scene, ViewLayer | Synchronizing object | B173 • Garden Quarter
Fra:1 Mem:50.43M (Peak 50.46M) | Time:00:00.03 | Mem:0.00M, Peak:0.00M | Scene, ViewLayer | Synchronizing object | B174 • Garden Quarter
Fra:1 Mem:50.52M (Peak 50.52M) | Time:00:00.03 | Mem:0.00M, Peak:0.00M | Scene, ViewLayer | Synchronizing object | B175 • Garden Quarter
Fra:1 Mem:50.54M (Peak 50.54M) | Time:00:00.03 | Mem:0.00M, Peak:0.00M | Scene, ViewLayer | Synchronizing object | B177 • Garden Quarter
Fra:1 Mem:50.56M (Peak 50.56M) | Time:00:00.03 | Mem:0.00M, Peak:0.00M | Scene, ViewLayer | Synchronizing object | B178 • Garden Quarter
Fra:1 Mem:50.60M (Peak 50.61M) | Time:00:00.03 | Mem:0.00M, Peak:0.00M | Scene, ViewLayer | Synchronizing object | B179 • Garden Quarter
Fra:1 Mem:50.70M (Peak 50.70M) | Time:00:00.03 | Mem:0.00M, Peak:0.00M | Scene, ViewLayer | Synchronizing object | B180 • Garden Quarter
Fra:1 Mem:50.76M (Peak 50.77M) | Time:00:00.03 | Mem:0.00M, Peak:0.00M | Scene, ViewLayer | Synchronizing object | B181 • Garden Quarter
Fra:1 Mem:50.78M (Peak 50.78M) | Time:00:00.03 | Mem:0.00M, Peak:0.00M | Scene, ViewLayer | Synchronizing object | B182 • Garden Quarter
Fra:1 Mem:50.80M (Peak 50.80M) | Time:00:00.03 | Mem:0.00M, Peak:0.00M | Scene, ViewLayer | Synchronizing object | B183 • Garden Quarter
Fra:1 Mem:50.86M (Peak 50.86M) | Time:00:00.03 | Mem:0.00M, Peak:0.00M | Scene, ViewLayer | Synchronizing object | B185 • Garden Quarter
Fra:1 Mem:50.91M (Peak 50.91M) | Time:00:00.03 | Mem:0.00M, Peak:0.00M | Scene, ViewLayer | Synchronizing object | B187 • Innovation District
Fra:1 Mem:50.90M (Peak 50.91M) | Time:00:00.03 | Mem:0.00M, Peak:0.00M | Scene, ViewLayer | Synchronizing object | B189 • Innovation District
Fra:1 Mem:51.22M (Peak 51.22M) | Time:00:00.03 | Mem:0.00M, Peak:0.00M | Scene, ViewLayer | Synchronizing object | B190 • Innovation District
Fra:1 Mem:51.35M (Peak 51.35M) | Time:00:00.03 | Mem:0.00M, Peak:0.00M | Scene, ViewLayer | Synchronizing object | B191 • Innovation District
Fra:1 Mem:51.42M (Peak 51.42M) | Time:00:00.03 | Mem:0.00M, Peak:0.00M | Scene, ViewLayer | Synchronizing object | B192 • Innovation District
Fra:1 Mem:51.57M (Peak 51.57M) | Time:00:00.03 | Mem:0.00M, Peak:0.00M | Scene, ViewLayer | Synchronizing object | B193 • Innovation District
Fra:1 Mem:51.61M (Peak 51.61M) | Time:00:00.03 | Mem:0.00M, Peak:0.00M | Scene, ViewLayer | Synchronizing object | B194 • Innovation District
Fra:1 Mem:51.63M (Peak 51.63M) | Time:00:00.03 | Mem:0.00M, Peak:0.00M | Scene, ViewLayer | Synchronizing object | B195 • Innovation District
Fra:1 Mem:51.77M (Peak 51.77M) | Time:00:00.03 | Mem:0.00M, Peak:0.00M | Scene, ViewLayer | Synchronizing object | B196 • Innovation District
Fra:1 Mem:51.81M (Peak 51.81M) | Time:00:00.03 | Mem:0.00M, Peak:0.00M | Scene, ViewLayer | Synchronizing object | B197 • Innovation District
Fra:1 Mem:51.84M (Peak 51.84M) | Time:00:00.03 | Mem:0.00M, Peak:0.00M | Scene, ViewLayer | Synchronizing object | B198 • Innovation District
Fra:1 Mem:51.97M (Peak 51.97M) | Time:00:00.03 | Mem:0.00M, Peak:0.00M | Scene, ViewLayer | Synchronizing object | B199 • Innovation District
Fra:1 Mem:52.05M (Peak 52.05M) | Time:00:00.03 | Mem:0.00M, Peak:0.00M | Scene, ViewLayer | Synchronizing object | B200 • Innovation District
Fra:1 Mem:52.23M (Peak 52.23M) | Time:00:00.03 | Mem:0.00M, Peak:0.00M | Scene, ViewLayer | Synchronizing object | B201 • Innovation District
Fra:1 Mem:52.27M (Peak 52.27M) | Time:00:00.03 | Mem:0.00M, Peak:0.00M | Scene, ViewLayer | Synchronizing object | B202 • Innovation District
Fra:1 Mem:52.27M (Peak 52.27M) | Time:00:00.03 | Mem:0.00M, Peak:0.00M | Scene, ViewLayer | Synchronizing object | B203 • Innovation District
Fra:1 Mem:52.39M (Peak 52.39M) | Time:00:00.03 | Mem:0.00M, Peak:0.00M | Scene, ViewLayer | Synchronizing object | B204 • Innovation District
Fra:1 Mem:52.49M (Peak 52.49M) | Time:00:00.03 | Mem:0.00M, Peak:0.00M | Scene, ViewLayer | Synchronizing object | Lamp_0
Fra:1 Mem:52.54M (Peak 52.54M) | Time:00:00.03 | Mem:0.00M, Peak:0.00M | Scene, ViewLayer | Synchronizing object | Existing transit • corridor offset 2 m for visibility
Fra:1 Mem:52.50M (Peak 52.54M) | Time:00:00.03 | Mem:0.00M, Peak:0.00M | Scene, ViewLayer | Synchronizing object | Four station shelters • batched
Fra:1 Mem:52.52M (Peak 52.54M) | Time:00:00.03 | Mem:0.00M, Peak:0.00M | Scene, ViewLayer | Synchronizing object | Node_0
Fra:1 Mem:52.75M (Peak 52.75M) | Time:00:00.03 | Mem:0.00M, Peak:0.00M | Scene, ViewLayer | Synchronizing object | Studio floor • excluded from GLB
Fra:1 Mem:52.74M (Peak 52.75M) | Time:00:00.03 | Mem:0.00M, Peak:0.00M | Scene, ViewLayer | Synchronizing object | Warm softbox
Fra:1 Mem:52.75M (Peak 52.75M) | Time:00:00.03 | Mem:0.00M, Peak:0.00M | Scene, ViewLayer | Synchronizing object | Sky fill
Fra:1 Mem:52.75M (Peak 52.75M) | Time:00:00.03 | Mem:0.00M, Peak:0.00M | Scene, ViewLayer | Synchronizing object | Afternoon sun
Fra:1 Mem:52.78M (Peak 52.78M) | Time:00:00.03 | Mem:0.00M, Peak:0.00M | Scene, ViewLayer | Initializing
Fra:1 Mem:39.41M (Peak 52.78M) | Time:00:00.03 | Mem:0.00M, Peak:0.00M | Scene, ViewLayer | Waiting for render to start
Fra:1 Mem:39.41M (Peak 52.78M) | Time:00:00.03 | Mem:0.00M, Peak:0.00M | Scene, ViewLayer | Updating Scene
Fra:1 Mem:39.41M (Peak 52.78M) | Time:00:00.03 | Mem:0.00M, Peak:0.00M | Scene, ViewLayer | Updating Shaders
Fra:1 Mem:39.41M (Peak 52.78M) | Time:00:00.03 | Mem:0.00M, Peak:0.00M | Scene, ViewLayer | Loading render kernels (may take a few minutes the first time)
Fra:1 Mem:39.51M (Peak 52.78M) | Time:00:00.03 | Mem:0.01M, Peak:0.01M | Scene, ViewLayer | Updating Procedurals
Fra:1 Mem:39.51M (Peak 52.78M) | Time:00:00.03 | Mem:0.01M, Peak:0.01M | Scene, ViewLayer | Updating Background
Fra:1 Mem:39.51M (Peak 52.78M) | Time:00:00.03 | Mem:0.01M, Peak:0.01M | Scene, ViewLayer | Updating Camera
Fra:1 Mem:39.51M (Peak 52.78M) | Time:00:00.03 | Mem:0.01M, Peak:0.01M | Scene, ViewLayer | Updating Meshes Flags
Fra:1 Mem:39.51M (Peak 52.78M) | Time:00:00.03 | Mem:0.01M, Peak:0.01M | Scene, ViewLayer | Updating Objects
Fra:1 Mem:39.51M (Peak 52.78M) | Time:00:00.03 | Mem:0.01M, Peak:0.01M | Scene, ViewLayer | Updating Objects | Copying Transformations to device
Fra:1 Mem:39.65M (Peak 52.78M) | Time:00:00.03 | Mem:0.15M, Peak:0.15M | Scene, ViewLayer | Updating Particle Systems
Fra:1 Mem:39.65M (Peak 52.78M) | Time:00:00.03 | Mem:0.15M, Peak:0.15M | Scene, ViewLayer | Updating Particle Systems | Copying Particles to device
Fra:1 Mem:39.65M (Peak 52.78M) | Time:00:00.03 | Mem:0.15M, Peak:0.15M | Scene, ViewLayer | Updating Meshes
Fra:1 Mem:39.65M (Peak 52.78M) | Time:00:00.03 | Mem:0.15M, Peak:0.15M | Scene, ViewLayer | Updating Objects | Applying Static Transformations
Fra:1 Mem:39.65M (Peak 52.78M) | Time:00:00.03 | Mem:0.15M, Peak:0.15M | Scene, ViewLayer | Updating Mesh | Computing attributes
Fra:1 Mem:42.13M (Peak 52.78M) | Time:00:00.03 | Mem:0.17M, Peak:0.17M | Scene, ViewLayer | Updating Mesh | Copying Attributes to device
Fra:1 Mem:42.08M (Peak 52.78M) | Time:00:00.03 | Mem:2.58M, Peak:2.58M | Scene, ViewLayer | Updating Geometry BVH Shared graph node glyph 4/3 | Building BVH
Fra:1 Mem:42.08M (Peak 52.78M) | Time:00:00.03 | Mem:2.58M, Peak:2.58M | Scene, ViewLayer | Updating Geometry BVH Shared graph node glyph 4/3 | Building BVH 0%
Fra:1 Mem:42.08M (Peak 52.78M) | Time:00:00.03 | Mem:2.58M, Peak:2.58M | Scene, ViewLayer | Updating Geometry BVH Shared streetlight assembly 3/3 | Building BVH
Fra:1 Mem:42.08M (Peak 52.78M) | Time:00:00.03 | Mem:2.58M, Peak:2.59M | Scene, ViewLayer | Updating Geometry BVH Shared tree • trunk and crown joined 2/3 | Building BVH
Fra:1 Mem:42.08M (Peak 52.78M) | Time:00:00.03 | Mem:2.59M, Peak:2.59M | Scene, ViewLayer | Updating Scene BVH | Building
Fra:1 Mem:42.08M (Peak 52.78M) | Time:00:00.03 | Mem:2.59M, Peak:2.59M | Scene, ViewLayer | Updating Scene BVH | Building BVH
Fra:1 Mem:42.08M (Peak 52.78M) | Time:00:00.06 | Mem:20.48M, Peak:28.24M | Scene, ViewLayer | Updating Scene BVH | Copying BVH to device
Fra:1 Mem:42.08M (Peak 52.78M) | Time:00:00.06 | Mem:20.48M, Peak:28.24M | Scene, ViewLayer | Updating Mesh | Computing normals
Fra:1 Mem:50.78M (Peak 52.78M) | Time:00:00.06 | Mem:20.48M, Peak:28.24M | Scene, ViewLayer | Updating Mesh | Copying Mesh to device
Fra:1 Mem:50.78M (Peak 52.78M) | Time:00:00.06 | Mem:29.18M, Peak:29.18M | Scene, ViewLayer | Updating Objects Flags
Fra:1 Mem:50.78M (Peak 52.78M) | Time:00:00.06 | Mem:29.19M, Peak:29.19M | Scene, ViewLayer | Updating Primitive Offsets
Fra:1 Mem:50.78M (Peak 52.78M) | Time:00:00.06 | Mem:29.19M, Peak:29.19M | Scene, ViewLayer | Updating Images
Fra:1 Mem:50.78M (Peak 52.78M) | Time:00:00.06 | Mem:29.19M, Peak:29.19M | Scene, ViewLayer | Updating Camera Volume
Fra:1 Mem:50.78M (Peak 52.78M) | Time:00:00.06 | Mem:29.19M, Peak:29.19M | Scene, ViewLayer | Updating Lookup Tables
Fra:1 Mem:50.78M (Peak 52.78M) | Time:00:00.06 | Mem:29.27M, Peak:29.27M | Scene, ViewLayer | Updating Lights
Fra:1 Mem:50.78M (Peak 52.78M) | Time:00:00.06 | Mem:29.27M, Peak:29.27M | Scene, ViewLayer | Updating Lights | Computing tree
Fra:1 Mem:51.13M (Peak 52.78M) | Time:00:00.07 | Mem:29.61M, Peak:29.61M | Scene, ViewLayer | Updating Integrator
Fra:1 Mem:51.13M (Peak 52.78M) | Time:00:00.07 | Mem:29.61M, Peak:29.61M | Scene, ViewLayer | Updating Film
Fra:1 Mem:51.13M (Peak 52.78M) | Time:00:00.07 | Mem:29.53M, Peak:29.61M | Scene, ViewLayer | Updating Lookup Tables
Fra:1 Mem:51.13M (Peak 52.78M) | Time:00:00.07 | Mem:29.62M, Peak:29.62M | Scene, ViewLayer | Updating Baking
Fra:1 Mem:51.13M (Peak 52.78M) | Time:00:00.07 | Mem:29.62M, Peak:29.62M | Scene, ViewLayer | Updating Device | Writing constant memory
Fra:1 Mem:51.14M (Peak 52.78M) | Time:00:00.07 | Mem:29.62M, Peak:29.62M | Scene, ViewLayer | Loading denoising kernels (may take a few minutes the first time)
Fra:1 Mem:51.14M (Peak 52.78M) | Time:00:00.07 | Mem:29.62M, Peak:29.62M | Scene, ViewLayer | Sample 0/32
Fra:1 Mem:155.59M (Peak 155.59M) | Time:00:01.13 | Remaining:00:32.68 | Mem:133.99M, Peak:133.99M | Scene, ViewLayer | Sample 1/32
Fra:1 Mem:199.54M (Peak 265.46M) | Time:00:43.16 | Mem:133.99M, Peak:133.99M | Scene, ViewLayer | Sample 32/32
Fra:1 Mem:199.54M (Peak 265.46M) | Time:00:43.16 | Mem:133.99M, Peak:133.99M | Scene, ViewLayer | Finished
Saved: '/home/naresh/Documents/nareshpane.github.io/research/gpt-6-astra-blender/renders/overlay.png'
Time: 00:43.35 (Saving: 00:00.18)

Read blend: "/home/naresh/Documents/nareshpane.github.io/research/gpt-6-astra-blender/blender/city_master.blend"
Fra:1 Mem:14.26M (Peak 14.26M) | Time:00:00.01 | Mem:0.00M, Peak:0.00M | Scene, ViewLayer | Synchronizing object | Graph edges • exact road centre lines
Fra:1 Mem:14.29M (Peak 14.29M) | Time:00:00.01 | Mem:0.00M, Peak:0.00M | Scene, ViewLayer | Synchronizing object | Node_0
Fra:1 Mem:14.47M (Peak 14.47M) | Time:00:00.01 | Mem:0.00M, Peak:0.00M | Scene, ViewLayer | Synchronizing object | Studio floor • excluded from GLB
Fra:1 Mem:14.47M (Peak 14.47M) | Time:00:00.01 | Mem:0.00M, Peak:0.00M | Scene, ViewLayer | Synchronizing object | Warm softbox
Fra:1 Mem:14.47M (Peak 14.47M) | Time:00:00.01 | Mem:0.00M, Peak:0.00M | Scene, ViewLayer | Synchronizing object | Afternoon sun
Fra:1 Mem:14.47M (Peak 14.47M) | Time:00:00.01 | Mem:0.00M, Peak:0.00M | Scene, ViewLayer | Synchronizing object | Sky fill
Fra:1 Mem:14.47M (Peak 14.47M) | Time:00:00.01 | Mem:0.00M, Peak:0.00M | Scene, ViewLayer | Initializing
Fra:1 Mem:13.12M (Peak 14.47M) | Time:00:00.01 | Mem:0.00M, Peak:0.00M | Scene, ViewLayer | Waiting for render to start
Fra:1 Mem:13.12M (Peak 14.47M) | Time:00:00.01 | Mem:0.00M, Peak:0.00M | Scene, ViewLayer | Updating Scene
Fra:1 Mem:13.12M (Peak 14.47M) | Time:00:00.01 | Mem:0.00M, Peak:0.00M | Scene, ViewLayer | Updating Shaders
Fra:1 Mem:13.12M (Peak 14.47M) | Time:00:00.01 | Mem:0.00M, Peak:0.00M | Scene, ViewLayer | Loading render kernels (may take a few minutes the first time)
Fra:1 Mem:13.21M (Peak 14.47M) | Time:00:00.01 | Mem:0.00M, Peak:0.00M | Scene, ViewLayer | Updating Procedurals
Fra:1 Mem:13.21M (Peak 14.47M) | Time:00:00.01 | Mem:0.00M, Peak:0.00M | Scene, ViewLayer | Updating Background
Fra:1 Mem:13.21M (Peak 14.47M) | Time:00:00.01 | Mem:0.00M, Peak:0.00M | Scene, ViewLayer | Updating Camera
Fra:1 Mem:13.21M (Peak 14.47M) | Time:00:00.01 | Mem:0.00M, Peak:0.00M | Scene, ViewLayer | Updating Meshes Flags
Fra:1 Mem:13.21M (Peak 14.47M) | Time:00:00.01 | Mem:0.00M, Peak:0.00M | Scene, ViewLayer | Updating Objects
Fra:1 Mem:13.21M (Peak 14.47M) | Time:00:00.01 | Mem:0.00M, Peak:0.00M | Scene, ViewLayer | Updating Objects | Copying Transformations to device
Fra:1 Mem:13.22M (Peak 14.47M) | Time:00:00.01 | Mem:0.02M, Peak:0.02M | Scene, ViewLayer | Updating Particle Systems
Fra:1 Mem:13.22M (Peak 14.47M) | Time:00:00.01 | Mem:0.02M, Peak:0.02M | Scene, ViewLayer | Updating Particle Systems | Copying Particles to device
Fra:1 Mem:13.22M (Peak 14.47M) | Time:00:00.01 | Mem:0.02M, Peak:0.02M | Scene, ViewLayer | Updating Meshes
Fra:1 Mem:13.22M (Peak 14.47M) | Time:00:00.01 | Mem:0.02M, Peak:0.02M | Scene, ViewLayer | Updating Objects | Applying Static Transformations
Fra:1 Mem:13.22M (Peak 14.47M) | Time:00:00.01 | Mem:0.02M, Peak:0.02M | Scene, ViewLayer | Updating Mesh | Computing attributes
Fra:1 Mem:13.24M (Peak 14.47M) | Time:00:00.01 | Mem:0.02M, Peak:0.02M | Scene, ViewLayer | Updating Mesh | Copying Attributes to device
Fra:1 Mem:13.24M (Peak 14.47M) | Time:00:00.01 | Mem:0.03M, Peak:0.03M | Scene, ViewLayer | Updating Geometry BVH Shared graph node glyph 2/1 | Building BVH
Fra:1 Mem:13.24M (Peak 14.47M) | Time:00:00.01 | Mem:0.03M, Peak:0.03M | Scene, ViewLayer | Updating Geometry BVH Shared graph node glyph 2/1 | Building BVH 0%
Fra:1 Mem:13.24M (Peak 14.47M) | Time:00:00.01 | Mem:0.04M, Peak:0.04M | Scene, ViewLayer | Updating Scene BVH | Building
Fra:1 Mem:13.24M (Peak 14.47M) | Time:00:00.01 | Mem:0.04M, Peak:0.04M | Scene, ViewLayer | Updating Scene BVH | Building BVH
Fra:1 Mem:13.24M (Peak 14.47M) | Time:00:00.01 | Mem:0.23M, Peak:0.31M | Scene, ViewLayer | Updating Scene BVH | Copying BVH to device
Fra:1 Mem:13.24M (Peak 14.47M) | Time:00:00.01 | Mem:0.23M, Peak:0.31M | Scene, ViewLayer | Updating Mesh | Computing normals
Fra:1 Mem:13.31M (Peak 14.47M) | Time:00:00.01 | Mem:0.23M, Peak:0.31M | Scene, ViewLayer | Updating Mesh | Copying Mesh to device
Fra:1 Mem:13.31M (Peak 14.47M) | Time:00:00.01 | Mem:0.31M, Peak:0.31M | Scene, ViewLayer | Updating Objects Flags
Fra:1 Mem:13.31M (Peak 14.47M) | Time:00:00.01 | Mem:0.31M, Peak:0.31M | Scene, ViewLayer | Updating Primitive Offsets
Fra:1 Mem:13.31M (Peak 14.47M) | Time:00:00.01 | Mem:0.31M, Peak:0.31M | Scene, ViewLayer | Updating Images
Fra:1 Mem:13.31M (Peak 14.47M) | Time:00:00.01 | Mem:0.31M, Peak:0.31M | Scene, ViewLayer | Updating Camera Volume
Fra:1 Mem:13.31M (Peak 14.47M) | Time:00:00.01 | Mem:0.31M, Peak:0.31M | Scene, ViewLayer | Updating Lookup Tables
Fra:1 Mem:13.31M (Peak 14.47M) | Time:00:00.01 | Mem:0.39M, Peak:0.39M | Scene, ViewLayer | Updating Lights
Fra:1 Mem:13.31M (Peak 14.47M) | Time:00:00.01 | Mem:0.39M, Peak:0.39M | Scene, ViewLayer | Updating Lights | Computing tree
Fra:1 Mem:13.65M (Peak 14.47M) | Time:00:00.03 | Mem:0.73M, Peak:0.73M | Scene, ViewLayer | Updating Integrator
Fra:1 Mem:13.65M (Peak 14.47M) | Time:00:00.03 | Mem:0.73M, Peak:0.73M | Scene, ViewLayer | Updating Film
Fra:1 Mem:13.66M (Peak 14.47M) | Time:00:00.03 | Mem:0.65M, Peak:0.73M | Scene, ViewLayer | Updating Lookup Tables
Fra:1 Mem:13.66M (Peak 14.47M) | Time:00:00.03 | Mem:0.73M, Peak:0.73M | Scene, ViewLayer | Updating Baking
Fra:1 Mem:13.66M (Peak 14.47M) | Time:00:00.03 | Mem:0.73M, Peak:0.73M | Scene, ViewLayer | Updating Device | Writing constant memory
Fra:1 Mem:13.66M (Peak 14.47M) | Time:00:00.03 | Mem:0.73M, Peak:0.73M | Scene, ViewLayer | Loading denoising kernels (may take a few minutes the first time)
Fra:1 Mem:13.66M (Peak 14.47M) | Time:00:00.03 | Mem:0.73M, Peak:0.73M | Scene, ViewLayer | Sample 0/32
Fra:1 Mem:118.11M (Peak 118.11M) | Time:00:00.90 | Remaining:00:26.97 | Mem:105.10M, Peak:105.10M | Scene, ViewLayer | Sample 1/32
Fra:1 Mem:162.06M (Peak 227.98M) | Time:00:29.95 | Mem:105.10M, Peak:105.10M | Scene, ViewLayer | Sample 32/32
Fra:1 Mem:162.06M (Peak 227.98M) | Time:00:29.95 | Mem:105.10M, Peak:105.10M | Scene, ViewLayer | Finished
Saved: '/home/naresh/Documents/nareshpane.github.io/research/gpt-6-astra-blender/renders/graph.png'
Time: 00:30.10 (Saving: 00:00.13)

Read blend: "/home/naresh/Documents/nareshpane.github.io/research/gpt-6-astra-blender/blender/city_master.blend"
Fra:1 Mem:21.15M (Peak 21.15M) | Time:00:00.00 | Mem:0.00M, Peak:0.00M | Scene, ViewLayer | Synchronizing object | Graph edges • exact road centre lines
Fra:1 Mem:21.15M (Peak 21.15M) | Time:00:00.00 | Mem:0.00M, Peak:0.00M | Scene, ViewLayer | Synchronizing object | Node_1
Fra:1 Mem:21.15M (Peak 21.15M) | Time:00:00.00 | Mem:0.00M, Peak:0.00M | Scene, ViewLayer | Synchronizing object | Node_2
Fra:1 Mem:21.21M (Peak 21.21M) | Time:00:00.00 | Mem:0.00M, Peak:0.00M | Scene, ViewLayer | Synchronizing object | Node_3
Fra:1 Mem:21.20M (Peak 21.21M) | Time:00:00.00 | Mem:0.00M, Peak:0.00M | Scene, ViewLayer | Synchronizing object | Node_4
Fra:1 Mem:21.25M (Peak 21.25M) | Time:00:00.00 | Mem:0.00M, Peak:0.00M | Scene, ViewLayer | Synchronizing object | Node_7
Fra:1 Mem:21.28M (Peak 21.28M) | Time:00:00.00 | Mem:0.00M, Peak:0.00M | Scene, ViewLayer | Synchronizing object | Node_8
Fra:1 Mem:21.31M (Peak 21.31M) | Time:00:00.00 | Mem:0.00M, Peak:0.00M | Scene, ViewLayer | Synchronizing object | Node_9
Fra:1 Mem:21.31M (Peak 21.31M) | Time:00:00.00 | Mem:0.00M, Peak:0.00M | Scene, ViewLayer | Synchronizing object | Node_10
Fra:1 Mem:21.31M (Peak 21.31M) | Time:00:00.00 | Mem:0.00M, Peak:0.00M | Scene, ViewLayer | Synchronizing object | Node_11
Fra:1 Mem:21.32M (Peak 21.32M) | Time:00:00.00 | Mem:0.00M, Peak:0.00M | Scene, ViewLayer | Synchronizing object | Node_13
Fra:1 Mem:21.34M (Peak 21.34M) | Time:00:00.00 | Mem:0.00M, Peak:0.00M | Scene, ViewLayer | Synchronizing object | Node_14
Fra:1 Mem:21.34M (Peak 21.34M) | Time:00:00.00 | Mem:0.00M, Peak:0.00M | Scene, ViewLayer | Synchronizing object | Node_15
Fra:1 Mem:21.35M (Peak 21.35M) | Time:00:00.00 | Mem:0.00M, Peak:0.00M | Scene, ViewLayer | Synchronizing object | Node_17
Fra:1 Mem:21.35M (Peak 21.35M) | Time:00:00.00 | Mem:0.00M, Peak:0.00M | Scene, ViewLayer | Synchronizing object | Node_18
Fra:1 Mem:21.35M (Peak 21.35M) | Time:00:00.00 | Mem:0.00M, Peak:0.00M | Scene, ViewLayer | Synchronizing object | Node_19
Fra:1 Mem:21.35M (Peak 21.35M) | Time:00:00.00 | Mem:0.00M, Peak:0.00M | Scene, ViewLayer | Synchronizing object | Node_20
Fra:1 Mem:21.35M (Peak 21.35M) | Time:00:00.00 | Mem:0.00M, Peak:0.00M | Scene, ViewLayer | Synchronizing object | Node_21
Fra:1 Mem:21.35M (Peak 21.35M) | Time:00:00.00 | Mem:0.00M, Peak:0.00M | Scene, ViewLayer | Synchronizing object | Node_22
Fra:1 Mem:21.35M (Peak 21.35M) | Time:00:00.00 | Mem:0.00M, Peak:0.00M | Scene, ViewLayer | Synchronizing object | Node_23
Fra:1 Mem:21.35M (Peak 21.35M) | Time:00:00.00 | Mem:0.00M, Peak:0.00M | Scene, ViewLayer | Synchronizing object | Node_25
Fra:1 Mem:21.35M (Peak 21.35M) | Time:00:00.00 | Mem:0.00M, Peak:0.00M | Scene, ViewLayer | Synchronizing object | Node_26
Fra:1 Mem:21.36M (Peak 21.36M) | Time:00:00.00 | Mem:0.00M, Peak:0.00M | Scene, ViewLayer | Synchronizing object | Node_28
Fra:1 Mem:21.36M (Peak 21.36M) | Time:00:00.00 | Mem:0.00M, Peak:0.00M | Scene, ViewLayer | Synchronizing object | Node_30
Fra:1 Mem:21.38M (Peak 21.38M) | Time:00:00.00 | Mem:0.00M, Peak:0.00M | Scene, ViewLayer | Synchronizing object | Node_31
Fra:1 Mem:21.38M (Peak 21.38M) | Time:00:00.00 | Mem:0.00M, Peak:0.00M | Scene, ViewLayer | Synchronizing object | Node_32
Fra:1 Mem:21.40M (Peak 21.40M) | Time:00:00.00 | Mem:0.00M, Peak:0.00M | Scene, ViewLayer | Synchronizing object | Node_33
Fra:1 Mem:21.40M (Peak 21.40M) | Time:00:00.00 | Mem:0.00M, Peak:0.00M | Scene, ViewLayer | Synchronizing object | Node_34
Fra:1 Mem:21.42M (Peak 21.42M) | Time:00:00.00 | Mem:0.00M, Peak:0.00M | Scene, ViewLayer | Synchronizing object | Node_35
Fra:1 Mem:21.42M (Peak 21.42M) | Time:00:00.00 | Mem:0.00M, Peak:0.00M | Scene, ViewLayer | Synchronizing object | Node_36
Fra:1 Mem:21.40M (Peak 21.42M) | Time:00:00.00 | Mem:0.00M, Peak:0.00M | Scene, ViewLayer | Synchronizing object | Node_39
Fra:1 Mem:21.40M (Peak 21.42M) | Time:00:00.00 | Mem:0.00M, Peak:0.00M | Scene, ViewLayer | Synchronizing object | Node_40
Fra:1 Mem:21.40M (Peak 21.42M) | Time:00:00.00 | Mem:0.00M, Peak:0.00M | Scene, ViewLayer | Synchronizing object | Node_41
Fra:1 Mem:21.40M (Peak 21.42M) | Time:00:00.00 | Mem:0.00M, Peak:0.00M | Scene, ViewLayer | Synchronizing object | Node_42
Fra:1 Mem:21.41M (Peak 21.42M) | Time:00:00.00 | Mem:0.00M, Peak:0.00M | Scene, ViewLayer | Synchronizing object | Node_43
Fra:1 Mem:21.41M (Peak 21.42M) | Time:00:00.00 | Mem:0.00M, Peak:0.00M | Scene, ViewLayer | Synchronizing object | Node_44
Fra:1 Mem:21.41M (Peak 21.42M) | Time:00:00.00 | Mem:0.00M, Peak:0.00M | Scene, ViewLayer | Synchronizing object | Node_45
Fra:1 Mem:21.41M (Peak 21.42M) | Time:00:00.00 | Mem:0.00M, Peak:0.00M | Scene, ViewLayer | Synchronizing object | Node_47
Fra:1 Mem:21.41M (Peak 21.42M) | Time:00:00.00 | Mem:0.00M, Peak:0.00M | Scene, ViewLayer | Synchronizing object | Node_49
Fra:1 Mem:21.42M (Peak 21.42M) | Time:00:00.00 | Mem:0.00M, Peak:0.00M | Scene, ViewLayer | Synchronizing object | Node_50
Fra:1 Mem:21.42M (Peak 21.42M) | Time:00:00.00 | Mem:0.00M, Peak:0.00M | Scene, ViewLayer | Synchronizing object | Node_52
Fra:1 Mem:21.42M (Peak 21.42M) | Time:00:00.00 | Mem:0.00M, Peak:0.00M | Scene, ViewLayer | Synchronizing object | Node_53
Fra:1 Mem:21.42M (Peak 21.42M) | Time:00:00.00 | Mem:0.00M, Peak:0.00M | Scene, ViewLayer | Synchronizing object | Node_54
Fra:1 Mem:21.42M (Peak 21.42M) | Time:00:00.00 | Mem:0.00M, Peak:0.00M | Scene, ViewLayer | Synchronizing object | Node_55
Fra:1 Mem:21.42M (Peak 21.42M) | Time:00:00.00 | Mem:0.00M, Peak:0.00M | Scene, ViewLayer | Synchronizing object | Studio floor • excluded from GLB
Fra:1 Mem:21.43M (Peak 21.43M) | Time:00:00.00 | Mem:0.00M, Peak:0.00M | Scene, ViewLayer | Synchronizing object | Sky fill
Fra:1 Mem:21.43M (Peak 21.43M) | Time:00:00.00 | Mem:0.00M, Peak:0.00M | Scene, ViewLayer | Initializing
Fra:1 Mem:17.72M (Peak 21.43M) | Time:00:00.00 | Mem:0.00M, Peak:0.00M | Scene, ViewLayer | Waiting for render to start
Fra:1 Mem:17.72M (Peak 21.43M) | Time:00:00.00 | Mem:0.00M, Peak:0.00M | Scene, ViewLayer | Updating Scene
Fra:1 Mem:17.72M (Peak 21.43M) | Time:00:00.00 | Mem:0.00M, Peak:0.00M | Scene, ViewLayer | Updating Shaders
Fra:1 Mem:17.72M (Peak 21.43M) | Time:00:00.00 | Mem:0.00M, Peak:0.00M | Scene, ViewLayer | Loading render kernels (may take a few minutes the first time)
Fra:1 Mem:17.84M (Peak 21.43M) | Time:00:00.00 | Mem:0.04M, Peak:0.04M | Scene, ViewLayer | Updating Procedurals
Fra:1 Mem:17.84M (Peak 21.43M) | Time:00:00.00 | Mem:0.04M, Peak:0.04M | Scene, ViewLayer | Updating Background
Fra:1 Mem:17.84M (Peak 21.43M) | Time:00:00.00 | Mem:0.04M, Peak:0.04M | Scene, ViewLayer | Updating Camera
Fra:1 Mem:17.84M (Peak 21.43M) | Time:00:00.00 | Mem:0.04M, Peak:0.04M | Scene, ViewLayer | Updating Meshes Flags
Fra:1 Mem:17.84M (Peak 21.43M) | Time:00:00.00 | Mem:0.04M, Peak:0.04M | Scene, ViewLayer | Updating Objects
Fra:1 Mem:17.84M (Peak 21.43M) | Time:00:00.00 | Mem:0.04M, Peak:0.04M | Scene, ViewLayer | Updating Objects | Copying Transformations to device
Fra:1 Mem:17.86M (Peak 21.43M) | Time:00:00.00 | Mem:0.05M, Peak:0.05M | Scene, ViewLayer | Updating Particle Systems
Fra:1 Mem:17.86M (Peak 21.43M) | Time:00:00.00 | Mem:0.05M, Peak:0.05M | Scene, ViewLayer | Updating Particle Systems | Copying Particles to device
Fra:1 Mem:17.86M (Peak 21.43M) | Time:00:00.00 | Mem:0.05M, Peak:0.05M | Scene, ViewLayer | Updating Meshes
Fra:1 Mem:17.86M (Peak 21.43M) | Time:00:00.00 | Mem:0.05M, Peak:0.05M | Scene, ViewLayer | Updating Objects | Applying Static Transformations
Fra:1 Mem:17.86M (Peak 21.43M) | Time:00:00.00 | Mem:0.05M, Peak:0.05M | Scene, ViewLayer | Updating Mesh | Computing attributes
Fra:1 Mem:17.90M (Peak 21.43M) | Time:00:00.00 | Mem:0.06M, Peak:0.06M | Scene, ViewLayer | Updating Mesh | Copying Attributes to device
Fra:1 Mem:17.89M (Peak 21.43M) | Time:00:00.00 | Mem:0.09M, Peak:0.09M | Scene, ViewLayer | Updating Scene BVH | Building
Fra:1 Mem:17.89M (Peak 21.43M) | Time:00:00.00 | Mem:0.09M, Peak:0.09M | Scene, ViewLayer | Updating Scene BVH | Building BVH
Fra:1 Mem:17.89M (Peak 21.43M) | Time:00:00.00 | Mem:0.21M, Peak:0.21M | Scene, ViewLayer | Updating Scene BVH | Building BVH 0%
Fra:1 Mem:17.89M (Peak 21.43M) | Time:00:00.00 | Mem:0.38M, Peak:0.51M | Scene, ViewLayer | Updating Scene BVH | Copying BVH to device
Fra:1 Mem:17.89M (Peak 21.43M) | Time:00:00.00 | Mem:0.38M, Peak:0.51M | Scene, ViewLayer | Updating Mesh | Computing normals
Fra:1 Mem:18.01M (Peak 21.43M) | Time:00:00.00 | Mem:0.38M, Peak:0.51M | Scene, ViewLayer | Updating Mesh | Copying Mesh to device
Fra:1 Mem:18.01M (Peak 21.43M) | Time:00:00.00 | Mem:0.50M, Peak:0.51M | Scene, ViewLayer | Updating Objects Flags
Fra:1 Mem:18.01M (Peak 21.43M) | Time:00:00.00 | Mem:0.50M, Peak:0.51M | Scene, ViewLayer | Updating Primitive Offsets
Fra:1 Mem:18.01M (Peak 21.43M) | Time:00:00.00 | Mem:0.50M, Peak:0.51M | Scene, ViewLayer | Updating Images
Fra:1 Mem:18.01M (Peak 21.43M) | Time:00:00.00 | Mem:0.50M, Peak:0.51M | Scene, ViewLayer | Updating Camera Volume
Fra:1 Mem:18.01M (Peak 21.43M) | Time:00:00.00 | Mem:0.50M, Peak:0.51M | Scene, ViewLayer | Updating Lookup Tables
Fra:1 Mem:18.01M (Peak 21.43M) | Time:00:00.00 | Mem:0.58M, Peak:0.58M | Scene, ViewLayer | Updating Lights
Fra:1 Mem:18.01M (Peak 21.43M) | Time:00:00.00 | Mem:0.58M, Peak:0.58M | Scene, ViewLayer | Updating Lights | Computing tree
Fra:1 Mem:18.34M (Peak 21.43M) | Time:00:00.01 | Mem:0.91M, Peak:0.91M | Scene, ViewLayer | Updating Integrator
Fra:1 Mem:18.34M (Peak 21.43M) | Time:00:00.01 | Mem:0.91M, Peak:0.91M | Scene, ViewLayer | Updating Film
Fra:1 Mem:18.34M (Peak 21.43M) | Time:00:00.01 | Mem:0.82M, Peak:0.91M | Scene, ViewLayer | Updating Lookup Tables
Fra:1 Mem:18.34M (Peak 21.43M) | Time:00:00.01 | Mem:0.91M, Peak:0.91M | Scene, ViewLayer | Updating Baking
Fra:1 Mem:18.34M (Peak 21.43M) | Time:00:00.01 | Mem:0.91M, Peak:0.91M | Scene, ViewLayer | Updating Device | Writing constant memory
Fra:1 Mem:18.34M (Peak 21.43M) | Time:00:00.01 | Mem:0.91M, Peak:0.91M | Scene, ViewLayer | Loading denoising kernels (may take a few minutes the first time)
Fra:1 Mem:18.34M (Peak 21.43M) | Time:00:00.01 | Mem:0.91M, Peak:0.91M | Scene, ViewLayer | Sample 0/32
Fra:1 Mem:122.79M (Peak 122.79M) | Time:00:00.69 | Remaining:00:20.84 | Mem:105.28M, Peak:105.28M | Scene, ViewLayer | Sample 1/32
Fra:1 Mem:166.74M (Peak 232.66M) | Time:00:29.65 | Mem:105.28M, Peak:105.28M | Scene, ViewLayer | Sample 32/32
Fra:1 Mem:166.74M (Peak 232.66M) | Time:00:29.65 | Mem:105.28M, Peak:105.28M | Scene, ViewLayer | Finished
Saved: '/home/naresh/Documents/nareshpane.github.io/research/gpt-6-astra-blender/renders/degree.png'
Time: 00:29.80 (Saving: 00:00.15)

Read blend: "/home/naresh/Documents/nareshpane.github.io/research/gpt-6-astra-blender/blender/city_master.blend"
Fra:1 Mem:44.83M (Peak 44.83M) | Time:00:00.03 | Mem:0.00M, Peak:0.00M | Scene, ViewLayer | Synchronizing object | City foundation
Fra:1 Mem:44.83M (Peak 44.83M) | Time:00:00.03 | Mem:0.00M, Peak:0.00M | Scene, ViewLayer | Synchronizing object | Two riverbanks
Fra:1 Mem:44.83M (Peak 44.83M) | Time:00:00.03 | Mem:0.00M, Peak:0.00M | Scene, ViewLayer | Synchronizing object | River retaining walls
Fra:1 Mem:44.83M (Peak 44.83M) | Time:00:00.03 | Mem:0.00M, Peak:0.00M | Scene, ViewLayer | Synchronizing object | Park_5-1
Fra:1 Mem:44.83M (Peak 44.83M) | Time:00:00.03 | Mem:0.00M, Peak:0.00M | Scene, ViewLayer | Synchronizing object | Road_0-1
Fra:1 Mem:44.84M (Peak 44.84M) | Time:00:00.03 | Mem:0.00M, Peak:0.00M | Scene, ViewLayer | Synchronizing object | Road_1-9
Fra:1 Mem:44.84M (Peak 44.84M) | Time:00:00.03 | Mem:0.00M, Peak:0.00M | Scene, ViewLayer | Synchronizing object | Road_2-10
Fra:1 Mem:44.84M (Peak 44.84M) | Time:00:00.03 | Mem:0.00M, Peak:0.00M | Scene, ViewLayer | Synchronizing object | Road_2-3
Fra:1 Mem:44.84M (Peak 44.84M) | Time:00:00.03 | Mem:0.00M, Peak:0.00M | Scene, ViewLayer | Synchronizing object | Road_4-12
Fra:1 Mem:44.84M (Peak 44.84M) | Time:00:00.03 | Mem:0.00M, Peak:0.00M | Scene, ViewLayer | Synchronizing object | Road_5-13
Fra:1 Mem:44.85M (Peak 44.85M) | Time:00:00.03 | Mem:0.00M, Peak:0.00M | Scene, ViewLayer | Synchronizing object | Road_5-6
Fra:1 Mem:44.85M (Peak 44.85M) | Time:00:00.03 | Mem:0.00M, Peak:0.00M | Scene, ViewLayer | Synchronizing object | Road_6-14
Fra:1 Mem:44.85M (Peak 44.85M) | Time:00:00.03 | Mem:0.00M, Peak:0.00M | Scene, ViewLayer | Synchronizing object | Road_6-7
Fra:1 Mem:44.85M (Peak 44.85M) | Time:00:00.03 | Mem:0.00M, Peak:0.00M | Scene, ViewLayer | Synchronizing object | Road_7-15
Fra:1 Mem:44.85M (Peak 44.85M) | Time:00:00.03 | Mem:0.00M, Peak:0.00M | Scene, ViewLayer | Synchronizing object | Road_8-16
Fra:1 Mem:44.85M (Peak 44.85M) | Time:00:00.03 | Mem:0.00M, Peak:0.00M | Scene, ViewLayer | Synchronizing object | Road_8-9
Fra:1 Mem:44.85M (Peak 44.85M) | Time:00:00.03 | Mem:0.00M, Peak:0.00M | Scene, ViewLayer | Synchronizing object | Road_9-17
Fra:1 Mem:44.85M (Peak 44.85M) | Time:00:00.03 | Mem:0.00M, Peak:0.00M | Scene, ViewLayer | Synchronizing object | Road_10-18
Fra:1 Mem:44.85M (Peak 44.85M) | Time:00:00.03 | Mem:0.00M, Peak:0.00M | Scene, ViewLayer | Synchronizing object | Road_10-11
Fra:1 Mem:44.86M (Peak 44.86M) | Time:00:00.03 | Mem:0.00M, Peak:0.00M | Scene, ViewLayer | Synchronizing object | Road_11-19
Fra:1 Mem:44.86M (Peak 44.86M) | Time:00:00.03 | Mem:0.00M, Peak:0.00M | Scene, ViewLayer | Synchronizing object | Road_11-12
Fra:1 Mem:44.86M (Peak 44.86M) | Time:00:00.03 | Mem:0.00M, Peak:0.00M | Scene, ViewLayer | Synchronizing object | Road_12-20
Fra:1 Mem:44.86M (Peak 44.86M) | Time:00:00.03 | Mem:0.00M, Peak:0.00M | Scene, ViewLayer | Synchronizing object | Road_12-13
Fra:1 Mem:44.87M (Peak 44.87M) | Time:00:00.03 | Mem:0.00M, Peak:0.00M | Scene, ViewLayer | Synchronizing object | Road_13-14
Fra:1 Mem:44.88M (Peak 44.88M) | Time:00:00.03 | Mem:0.00M, Peak:0.00M | Scene, ViewLayer | Synchronizing object | Road_14-22
Fra:1 Mem:44.88M (Peak 44.88M) | Time:00:00.03 | Mem:0.00M, Peak:0.00M | Scene, ViewLayer | Synchronizing object | Road_14-15
Fra:1 Mem:44.88M (Peak 44.88M) | Time:00:00.03 | Mem:0.00M, Peak:0.00M | Scene, ViewLayer | Synchronizing object | Road_15-23
Fra:1 Mem:44.88M (Peak 44.88M) | Time:00:00.03 | Mem:0.00M, Peak:0.00M | Scene, ViewLayer | Synchronizing object | Road_16-17
Fra:1 Mem:44.88M (Peak 44.88M) | Time:00:00.03 | Mem:0.00M, Peak:0.00M | Scene, ViewLayer | Synchronizing object | Road_17-25
Fra:1 Mem:44.89M (Peak 44.89M) | Time:00:00.03 | Mem:0.00M, Peak:0.00M | Scene, ViewLayer | Synchronizing object | Road_17-18
Fra:1 Mem:44.89M (Peak 44.89M) | Time:00:00.03 | Mem:0.00M, Peak:0.00M | Scene, ViewLayer | Synchronizing object | Road_18-26
Fra:1 Mem:44.89M (Peak 44.89M) | Time:00:00.03 | Mem:0.00M, Peak:0.00M | Scene, ViewLayer | Synchronizing object | Road_18-19
Fra:1 Mem:44.89M (Peak 44.89M) | Time:00:00.03 | Mem:0.00M, Peak:0.00M | Scene, ViewLayer | Synchronizing object | Road_19-27
Fra:1 Mem:44.89M (Peak 44.89M) | Time:00:00.03 | Mem:0.00M, Peak:0.00M | Scene, ViewLayer | Synchronizing object | Road_20-28
Fra:1 Mem:44.89M (Peak 44.89M) | Time:00:00.03 | Mem:0.00M, Peak:0.00M | Scene, ViewLayer | Synchronizing object | Road_20-21
Fra:1 Mem:44.89M (Peak 44.89M) | Time:00:00.03 | Mem:0.00M, Peak:0.00M | Scene, ViewLayer | Synchronizing object | Road_21-29
Fra:1 Mem:44.89M (Peak 44.89M) | Time:00:00.03 | Mem:0.00M, Peak:0.00M | Scene, ViewLayer | Synchronizing object | Road_21-22
Fra:1 Mem:44.90M (Peak 44.90M) | Time:00:00.03 | Mem:0.00M, Peak:0.00M | Scene, ViewLayer | Synchronizing object | Road_22-30
Fra:1 Mem:44.90M (Peak 44.90M) | Time:00:00.03 | Mem:0.00M, Peak:0.00M | Scene, ViewLayer | Synchronizing object | Road_22-23
Fra:1 Mem:44.90M (Peak 44.90M) | Time:00:00.03 | Mem:0.00M, Peak:0.00M | Scene, ViewLayer | Synchronizing object | Road_24-32
Fra:1 Mem:44.90M (Peak 44.90M) | Time:00:00.03 | Mem:0.00M, Peak:0.00M | Scene, ViewLayer | Synchronizing object | Road_25-33
Fra:1 Mem:44.90M (Peak 44.90M) | Time:00:00.03 | Mem:0.00M, Peak:0.00M | Scene, ViewLayer | Synchronizing object | Road_25-26
Fra:1 Mem:44.90M (Peak 44.90M) | Time:00:00.03 | Mem:0.00M, Peak:0.00M | Scene, ViewLayer | Synchronizing object | Road_26-34
Fra:1 Mem:44.90M (Peak 44.90M) | Time:00:00.03 | Mem:0.00M, Peak:0.00M | Scene, ViewLayer | Synchronizing object | Road_26-27
Fra:1 Mem:44.91M (Peak 44.91M) | Time:00:00.03 | Mem:0.00M, Peak:0.00M | Scene, ViewLayer | Synchronizing object | Road_27-35
Fra:1 Mem:44.91M (Peak 44.91M) | Time:00:00.03 | Mem:0.00M, Peak:0.00M | Scene, ViewLayer | Synchronizing object | Road_28-36
Fra:1 Mem:44.91M (Peak 44.91M) | Time:00:00.03 | Mem:0.00M, Peak:0.00M | Scene, ViewLayer | Synchronizing object | Road_28-29
Fra:1 Mem:44.91M (Peak 44.91M) | Time:00:00.03 | Mem:0.00M, Peak:0.00M | Scene, ViewLayer | Synchronizing object | Road_29-37
Fra:1 Mem:44.91M (Peak 44.91M) | Time:00:00.03 | Mem:0.00M, Peak:0.00M | Scene, ViewLayer | Synchronizing object | Road_29-30
Fra:1 Mem:44.91M (Peak 44.91M) | Time:00:00.03 | Mem:0.00M, Peak:0.00M | Scene, ViewLayer | Synchronizing object | Road_30-38
Fra:1 Mem:44.91M (Peak 44.91M) | Time:00:00.03 | Mem:0.00M, Peak:0.00M | Scene, ViewLayer | Synchronizing object | Road_30-31
Fra:1 Mem:44.92M (Peak 44.92M) | Time:00:00.03 | Mem:0.00M, Peak:0.00M | Scene, ViewLayer | Synchronizing object | Road_31-39
Fra:1 Mem:44.92M (Peak 44.92M) | Time:00:00.03 | Mem:0.00M, Peak:0.00M | Scene, ViewLayer | Synchronizing object | Road_32-33
Fra:1 Mem:44.92M (Peak 44.92M) | Time:00:00.03 | Mem:0.00M, Peak:0.00M | Scene, ViewLayer | Synchronizing object | Road_33-41
Fra:1 Mem:44.92M (Peak 44.92M) | Time:00:00.03 | Mem:0.00M, Peak:0.00M | Scene, ViewLayer | Synchronizing object | Road_33-34
Fra:1 Mem:44.92M (Peak 44.92M) | Time:00:00.03 | Mem:0.00M, Peak:0.00M | Scene, ViewLayer | Synchronizing object | Road_34-42
Fra:1 Mem:44.92M (Peak 44.92M) | Time:00:00.03 | Mem:0.00M, Peak:0.00M | Scene, ViewLayer | Synchronizing object | Road_34-35
Fra:1 Mem:44.92M (Peak 44.92M) | Time:00:00.03 | Mem:0.00M, Peak:0.00M | Scene, ViewLayer | Synchronizing object | Road_35-43
Fra:1 Mem:44.93M (Peak 44.93M) | Time:00:00.03 | Mem:0.00M, Peak:0.00M | Scene, ViewLayer | Synchronizing object | Road_35-36
Fra:1 Mem:44.93M (Peak 44.93M) | Time:00:00.03 | Mem:0.00M, Peak:0.00M | Scene, ViewLayer | Synchronizing object | BridgeRail_35-36
Fra:1 Mem:44.93M (Peak 44.93M) | Time:00:00.03 | Mem:0.00M, Peak:0.00M | Scene, ViewLayer | Synchronizing object | Road_37-45
Fra:1 Mem:44.94M (Peak 44.94M) | Time:00:00.03 | Mem:0.00M, Peak:0.00M | Scene, ViewLayer | Synchronizing object | Road_37-38
Fra:1 Mem:44.94M (Peak 44.94M) | Time:00:00.03 | Mem:0.00M, Peak:0.00M | Scene, ViewLayer | Synchronizing object | Road_38-46
Fra:1 Mem:44.95M (Peak 44.95M) | Time:00:00.03 | Mem:0.00M, Peak:0.00M | Scene, ViewLayer | Synchronizing object | Road_40-48
Fra:1 Mem:44.95M (Peak 44.95M) | Time:00:00.03 | Mem:0.00M, Peak:0.00M | Scene, ViewLayer | Synchronizing object | Road_40-41
Fra:1 Mem:44.95M (Peak 44.95M) | Time:00:00.03 | Mem:0.00M, Peak:0.00M | Scene, ViewLayer | Synchronizing object | Road_41-42
Fra:1 Mem:44.96M (Peak 44.96M) | Time:00:00.03 | Mem:0.00M, Peak:0.00M | Scene, ViewLayer | Synchronizing object | Road_42-50
Fra:1 Mem:44.96M (Peak 44.96M) | Time:00:00.03 | Mem:0.00M, Peak:0.00M | Scene, ViewLayer | Synchronizing object | Road_42-43
Fra:1 Mem:44.96M (Peak 44.96M) | Time:00:00.03 | Mem:0.00M, Peak:0.00M | Scene, ViewLayer | Synchronizing object | Road_43-51
Fra:1 Mem:44.96M (Peak 44.96M) | Time:00:00.03 | Mem:0.00M, Peak:0.00M | Scene, ViewLayer | Synchronizing object | Road_44-45
Fra:1 Mem:44.96M (Peak 44.96M) | Time:00:00.03 | Mem:0.00M, Peak:0.00M | Scene, ViewLayer | Synchronizing object | Road_45-46
Fra:1 Mem:44.96M (Peak 44.96M) | Time:00:00.03 | Mem:0.00M, Peak:0.00M | Scene, ViewLayer | Synchronizing object | Road_46-54
Fra:1 Mem:44.96M (Peak 44.96M) | Time:00:00.03 | Mem:0.00M, Peak:0.00M | Scene, ViewLayer | Synchronizing object | Road_46-47
Fra:1 Mem:44.97M (Peak 44.97M) | Time:00:00.03 | Mem:0.00M, Peak:0.00M | Scene, ViewLayer | Synchronizing object | Road_47-55
Fra:1 Mem:44.97M (Peak 44.97M) | Time:00:00.03 | Mem:0.00M, Peak:0.00M | Scene, ViewLayer | Synchronizing object | Road_48-49
Fra:1 Mem:44.97M (Peak 44.97M) | Time:00:00.03 | Mem:0.00M, Peak:0.00M | Scene, ViewLayer | Synchronizing object | Road_49-50
Fra:1 Mem:44.97M (Peak 44.97M) | Time:00:00.03 | Mem:0.00M, Peak:0.00M | Scene, ViewLayer | Synchronizing object | Road_50-51
Fra:1 Mem:44.97M (Peak 44.97M) | Time:00:00.03 | Mem:0.00M, Peak:0.00M | Scene, ViewLayer | Synchronizing object | Road_52-53
Fra:1 Mem:44.97M (Peak 44.97M) | Time:00:00.03 | Mem:0.00M, Peak:0.00M | Scene, ViewLayer | Synchronizing object | Road_53-54
Fra:1 Mem:44.97M (Peak 44.97M) | Time:00:00.03 | Mem:0.00M, Peak:0.00M | Scene, ViewLayer | Synchronizing object | Road_54-55
Fra:1 Mem:44.97M (Peak 44.97M) | Time:00:00.03 | Mem:0.00M, Peak:0.00M | Scene, ViewLayer | Synchronizing object | All block sidewalks
Fra:1 Mem:44.98M (Peak 44.98M) | Time:00:00.03 | Mem:0.00M, Peak:0.00M | Scene, ViewLayer | Synchronizing object | All lane dashes and crossings
Fra:1 Mem:45.14M (Peak 45.14M) | Time:00:00.03 | Mem:0.00M, Peak:0.00M | Scene, ViewLayer | Synchronizing object | B001 • Old Quay
Fra:1 Mem:45.62M (Peak 45.62M) | Time:00:00.03 | Mem:0.00M, Peak:0.00M | Scene, ViewLayer | Synchronizing object | B002 • Old Quay
Fra:1 Mem:45.83M (Peak 45.83M) | Time:00:00.03 | Mem:0.00M, Peak:0.00M | Scene, ViewLayer | Synchronizing object | B003 • Old Quay
Fra:1 Mem:45.90M (Peak 45.90M) | Time:00:00.03 | Mem:0.00M, Peak:0.00M | Scene, ViewLayer | Synchronizing object | B004 • Old Quay
Fra:1 Mem:45.90M (Peak 45.90M) | Time:00:00.03 | Mem:0.00M, Peak:0.00M | Scene, ViewLayer | Synchronizing object | B006 • Old Quay
Fra:1 Mem:46.08M (Peak 46.08M) | Time:00:00.03 | Mem:0.00M, Peak:0.00M | Scene, ViewLayer | Synchronizing object | B008 • Old Quay
Fra:1 Mem:46.11M (Peak 46.11M) | Time:00:00.03 | Mem:0.00M, Peak:0.00M | Scene, ViewLayer | Synchronizing object | B009 • Old Quay
Fra:1 Mem:46.16M (Peak 46.16M) | Time:00:00.03 | Mem:0.00M, Peak:0.00M | Scene, ViewLayer | Synchronizing object | B010 • Old Quay
Fra:1 Mem:46.24M (Peak 46.24M) | Time:00:00.03 | Mem:0.00M, Peak:0.00M | Scene, ViewLayer | Synchronizing object | B011 • Old Quay
Fra:1 Mem:46.28M (Peak 46.28M) | Time:00:00.03 | Mem:0.00M, Peak:0.00M | Scene, ViewLayer | Synchronizing object | B012 • Old Quay
Fra:1 Mem:46.31M (Peak 46.31M) | Time:00:00.03 | Mem:0.00M, Peak:0.00M | Scene, ViewLayer | Synchronizing object | B013 • Old Quay
Fra:1 Mem:46.32M (Peak 46.32M) | Time:00:00.03 | Mem:0.00M, Peak:0.00M | Scene, ViewLayer | Synchronizing object | B014 • Old Quay
Fra:1 Mem:46.49M (Peak 46.49M) | Time:00:00.03 | Mem:0.00M, Peak:0.00M | Scene, ViewLayer | Synchronizing object | B015 • Old Quay
Fra:1 Mem:46.52M (Peak 46.52M) | Time:00:00.03 | Mem:0.00M, Peak:0.00M | Scene, ViewLayer | Synchronizing object | B016 • Old Quay
Fra:1 Mem:46.62M (Peak 46.62M) | Time:00:00.03 | Mem:0.00M, Peak:0.00M | Scene, ViewLayer | Synchronizing object | B017 • Old Quay
Fra:1 Mem:46.69M (Peak 46.69M) | Time:00:00.03 | Mem:0.00M, Peak:0.00M | Scene, ViewLayer | Synchronizing object | B018 • Old Quay
Fra:1 Mem:46.72M (Peak 46.72M) | Time:00:00.03 | Mem:0.00M, Peak:0.00M | Scene, ViewLayer | Synchronizing object | B019 • Civic Terrace
Fra:1 Mem:46.77M (Peak 46.77M) | Time:00:00.03 | Mem:0.00M, Peak:0.00M | Scene, ViewLayer | Synchronizing object | B020 • Civic Terrace
Fra:1 Mem:46.76M (Peak 46.77M) | Time:00:00.03 | Mem:0.00M, Peak:0.00M | Scene, ViewLayer | Synchronizing object | B021 • Civic Terrace
Fra:1 Mem:46.78M (Peak 46.78M) | Time:00:00.03 | Mem:0.00M, Peak:0.00M | Scene, ViewLayer | Synchronizing object | B022 • Civic Terrace
Fra:1 Mem:47.12M (Peak 47.12M) | Time:00:00.03 | Mem:0.00M, Peak:0.00M | Scene, ViewLayer | Synchronizing object | B023 • Civic Terrace
Fra:1 Mem:47.13M (Peak 47.13M) | Time:00:00.03 | Mem:0.00M, Peak:0.00M | Scene, ViewLayer | Synchronizing object | B024 • Civic Terrace
Fra:1 Mem:47.48M (Peak 47.48M) | Time:00:00.03 | Mem:0.00M, Peak:0.00M | Scene, ViewLayer | Synchronizing object | B025 • Civic Terrace
Fra:1 Mem:47.37M (Peak 47.48M) | Time:00:00.03 | Mem:0.00M, Peak:0.00M | Scene, ViewLayer | Synchronizing object | B026 • Civic Terrace
Fra:1 Mem:47.57M (Peak 47.57M) | Time:00:00.03 | Mem:0.00M, Peak:0.00M | Scene, ViewLayer | Synchronizing object | B027 • Civic Terrace
Fra:1 Mem:47.63M (Peak 47.63M) | Time:00:00.03 | Mem:0.00M, Peak:0.00M | Scene, ViewLayer | Synchronizing object | B028 • Civic Terrace
Fra:1 Mem:47.72M (Peak 47.72M) | Time:00:00.03 | Mem:0.00M, Peak:0.00M | Scene, ViewLayer | Synchronizing object | B029 • Civic Terrace
Fra:1 Mem:47.81M (Peak 47.81M) | Time:00:00.03 | Mem:0.00M, Peak:0.00M | Scene, ViewLayer | Synchronizing object | B030 • Civic Terrace
Fra:1 Mem:47.80M (Peak 47.81M) | Time:00:00.03 | Mem:0.00M, Peak:0.00M | Scene, ViewLayer | Synchronizing object | B031 • Civic Terrace
Fra:1 Mem:47.81M (Peak 47.81M) | Time:00:00.03 | Mem:0.00M, Peak:0.00M | Scene, ViewLayer | Synchronizing object | B032 • Civic Terrace
Fra:1 Mem:47.96M (Peak 47.96M) | Time:00:00.03 | Mem:0.00M, Peak:0.00M | Scene, ViewLayer | Synchronizing object | B033 • Civic Terrace
Fra:1 Mem:48.06M (Peak 48.06M) | Time:00:00.03 | Mem:0.00M, Peak:0.00M | Scene, ViewLayer | Synchronizing object | B034 • Civic Terrace
Fra:1 Mem:48.28M (Peak 48.28M) | Time:00:00.03 | Mem:0.00M, Peak:0.00M | Scene, ViewLayer | Synchronizing object | B035 • Civic Terrace
Fra:1 Mem:48.31M (Peak 48.31M) | Time:00:00.03 | Mem:0.00M, Peak:0.00M | Scene, ViewLayer | Synchronizing object | B036 • Civic Terrace
Fra:1 Mem:48.29M (Peak 48.31M) | Time:00:00.03 | Mem:0.00M, Peak:0.00M | Scene, ViewLayer | Synchronizing object | B037 • Old Quay
Fra:1 Mem:48.46M (Peak 48.46M) | Time:00:00.03 | Mem:0.00M, Peak:0.00M | Scene, ViewLayer | Synchronizing object | B038 • Old Quay
Fra:1 Mem:48.49M (Peak 48.49M) | Time:00:00.03 | Mem:0.00M, Peak:0.00M | Scene, ViewLayer | Synchronizing object | B039 • Old Quay
Fra:1 Mem:48.47M (Peak 48.49M) | Time:00:00.03 | Mem:0.00M, Peak:0.00M | Scene, ViewLayer | Synchronizing object | B040 • Old Quay
Fra:1 Mem:48.55M (Peak 48.55M) | Time:00:00.03 | Mem:0.00M, Peak:0.00M | Scene, ViewLayer | Synchronizing object | B041 • Old Quay
Fra:1 Mem:48.61M (Peak 48.61M) | Time:00:00.03 | Mem:0.00M, Peak:0.00M | Scene, ViewLayer | Synchronizing object | B042 • Old Quay
Fra:1 Mem:48.63M (Peak 48.63M) | Time:00:00.03 | Mem:0.00M, Peak:0.00M | Scene, ViewLayer | Synchronizing object | B043 • Old Quay
Fra:1 Mem:48.73M (Peak 48.73M) | Time:00:00.03 | Mem:0.00M, Peak:0.00M | Scene, ViewLayer | Synchronizing object | B044 • Old Quay
Fra:1 Mem:48.75M (Peak 48.76M) | Time:00:00.03 | Mem:0.00M, Peak:0.00M | Scene, ViewLayer | Synchronizing object | B045 • Old Quay
Fra:1 Mem:48.76M (Peak 48.76M) | Time:00:00.03 | Mem:0.00M, Peak:0.00M | Scene, ViewLayer | Synchronizing object | B046 • Old Quay
Fra:1 Mem:48.80M (Peak 48.80M) | Time:00:00.03 | Mem:0.00M, Peak:0.00M | Scene, ViewLayer | Synchronizing object | B047 • Old Quay
Fra:1 Mem:48.90M (Peak 48.90M) | Time:00:00.03 | Mem:0.00M, Peak:0.00M | Scene, ViewLayer | Synchronizing object | B048 • Old Quay
Fra:1 Mem:48.89M (Peak 48.90M) | Time:00:00.03 | Mem:0.00M, Peak:0.00M | Scene, ViewLayer | Synchronizing object | B049 • Old Quay
Fra:1 Mem:48.97M (Peak 48.97M) | Time:00:00.03 | Mem:0.00M, Peak:0.00M | Scene, ViewLayer | Synchronizing object | B050 • Old Quay
Fra:1 Mem:49.00M (Peak 49.00M) | Time:00:00.03 | Mem:0.00M, Peak:0.00M | Scene, ViewLayer | Synchronizing object | B051 • Old Quay
Fra:1 Mem:49.04M (Peak 49.04M) | Time:00:00.03 | Mem:0.00M, Peak:0.00M | Scene, ViewLayer | Synchronizing object | B052 • Old Quay
Fra:1 Mem:49.23M (Peak 49.23M) | Time:00:00.03 | Mem:0.00M, Peak:0.00M | Scene, ViewLayer | Synchronizing object | B054 • Old Quay
Fra:1 Mem:49.21M (Peak 49.23M) | Time:00:00.03 | Mem:0.00M, Peak:0.00M | Scene, ViewLayer | Synchronizing object | B055 • Civic Terrace
Fra:1 Mem:49.27M (Peak 49.27M) | Time:00:00.03 | Mem:0.00M, Peak:0.00M | Scene, ViewLayer | Synchronizing object | B056 • Civic Terrace
Fra:1 Mem:49.42M (Peak 49.42M) | Time:00:00.03 | Mem:0.00M, Peak:0.00M | Scene, ViewLayer | Synchronizing object | B057 • Civic Terrace
Fra:1 Mem:49.47M (Peak 49.47M) | Time:00:00.03 | Mem:0.00M, Peak:0.00M | Scene, ViewLayer | Synchronizing object | B058 • Civic Terrace
Fra:1 Mem:49.65M (Peak 49.65M) | Time:00:00.03 | Mem:0.00M, Peak:0.00M | Scene, ViewLayer | Synchronizing object | B059 • Civic Terrace
Fra:1 Mem:49.69M (Peak 49.69M) | Time:00:00.03 | Mem:0.00M, Peak:0.00M | Scene, ViewLayer | Synchronizing object | B060 • Civic Terrace
Fra:1 Mem:49.78M (Peak 49.78M) | Time:00:00.03 | Mem:0.00M, Peak:0.00M | Scene, ViewLayer | Synchronizing object | B061 • Civic Terrace
Fra:1 Mem:49.86M (Peak 49.86M) | Time:00:00.03 | Mem:0.00M, Peak:0.00M | Scene, ViewLayer | Synchronizing object | B062 • Civic Terrace
Fra:1 Mem:50.06M (Peak 50.06M) | Time:00:00.03 | Mem:0.00M, Peak:0.00M | Scene, ViewLayer | Synchronizing object | B063 • Civic Terrace
Fra:1 Mem:50.04M (Peak 50.06M) | Time:00:00.03 | Mem:0.00M, Peak:0.00M | Scene, ViewLayer | Synchronizing object | B064 • Civic Terrace
Fra:1 Mem:50.17M (Peak 50.17M) | Time:00:00.03 | Mem:0.00M, Peak:0.00M | Scene, ViewLayer | Synchronizing object | B065 • Civic Terrace
Fra:1 Mem:50.25M (Peak 50.25M) | Time:00:00.03 | Mem:0.00M, Peak:0.00M | Scene, ViewLayer | Synchronizing object | B066 • Civic Terrace
Fra:1 Mem:50.28M (Peak 50.28M) | Time:00:00.03 | Mem:0.00M, Peak:0.00M | Scene, ViewLayer | Synchronizing object | B067 • Old Quay
Fra:1 Mem:50.33M (Peak 50.33M) | Time:00:00.03 | Mem:0.00M, Peak:0.00M | Scene, ViewLayer | Synchronizing object | B068 • Old Quay
Fra:1 Mem:50.45M (Peak 50.45M) | Time:00:00.03 | Mem:0.00M, Peak:0.00M | Scene, ViewLayer | Synchronizing object | B069 • Old Quay
Fra:1 Mem:50.50M (Peak 50.50M) | Time:00:00.03 | Mem:0.00M, Peak:0.00M | Scene, ViewLayer | Synchronizing object | B070 • Old Quay
Fra:1 Mem:50.52M (Peak 50.52M) | Time:00:00.03 | Mem:0.00M, Peak:0.00M | Scene, ViewLayer | Synchronizing object | B071 • Old Quay
Fra:1 Mem:50.59M (Peak 50.59M) | Time:00:00.03 | Mem:0.00M, Peak:0.00M | Scene, ViewLayer | Synchronizing object | B072 • Old Quay
Fra:1 Mem:50.57M (Peak 50.59M) | Time:00:00.03 | Mem:0.00M, Peak:0.00M | Scene, ViewLayer | Synchronizing object | B074 • Old Quay
Fra:1 Mem:50.70M (Peak 50.70M) | Time:00:00.03 | Mem:0.00M, Peak:0.00M | Scene, ViewLayer | Synchronizing object | B075 • Old Quay
Fra:1 Mem:50.76M (Peak 50.76M) | Time:00:00.03 | Mem:0.00M, Peak:0.00M | Scene, ViewLayer | Synchronizing object | B076 • Old Quay
Fra:1 Mem:50.75M (Peak 50.76M) | Time:00:00.03 | Mem:0.00M, Peak:0.00M | Scene, ViewLayer | Synchronizing object | B077 • Old Quay
Fra:1 Mem:50.81M (Peak 50.81M) | Time:00:00.03 | Mem:0.00M, Peak:0.00M | Scene, ViewLayer | Synchronizing object | B078 • Old Quay
Fra:1 Mem:50.87M (Peak 50.87M) | Time:00:00.03 | Mem:0.00M, Peak:0.00M | Scene, ViewLayer | Synchronizing object | B079 • Old Quay
Fra:1 Mem:50.93M (Peak 50.93M) | Time:00:00.03 | Mem:0.00M, Peak:0.00M | Scene, ViewLayer | Synchronizing object | B080 • Old Quay
Fra:1 Mem:50.95M (Peak 50.95M) | Time:00:00.03 | Mem:0.00M, Peak:0.00M | Scene, ViewLayer | Synchronizing object | B081 • Old Quay
Fra:1 Mem:50.99M (Peak 50.99M) | Time:00:00.03 | Mem:0.00M, Peak:0.00M | Scene, ViewLayer | Synchronizing object | B082 • Old Quay
Fra:1 Mem:51.03M (Peak 51.03M) | Time:00:00.03 | Mem:0.00M, Peak:0.00M | Scene, ViewLayer | Synchronizing object | B083 • Old Quay
Fra:1 Mem:51.05M (Peak 51.05M) | Time:00:00.03 | Mem:0.00M, Peak:0.00M | Scene, ViewLayer | Synchronizing object | B084 • Old Quay
Fra:1 Mem:51.14M (Peak 51.14M) | Time:00:00.03 | Mem:0.00M, Peak:0.00M | Scene, ViewLayer | Synchronizing object | B085 • Civic Terrace
Fra:1 Mem:51.14M (Peak 51.14M) | Time:00:00.03 | Mem:0.00M, Peak:0.00M | Scene, ViewLayer | Synchronizing object | B086 • Civic Terrace
Fra:1 Mem:51.15M (Peak 51.15M) | Time:00:00.03 | Mem:0.00M, Peak:0.00M | Scene, ViewLayer | Synchronizing object | B088 • Civic Terrace
Fra:1 Mem:51.46M (Peak 51.46M) | Time:00:00.03 | Mem:0.00M, Peak:0.00M | Scene, ViewLayer | Synchronizing object | B089 • Civic Terrace
Fra:1 Mem:51.54M (Peak 51.54M) | Time:00:00.03 | Mem:0.00M, Peak:0.00M | Scene, ViewLayer | Synchronizing object | B090 • Civic Terrace
Fra:1 Mem:51.70M (Peak 51.70M) | Time:00:00.03 | Mem:0.00M, Peak:0.00M | Scene, ViewLayer | Synchronizing object | B091 • Civic Terrace
Fra:1 Mem:51.87M (Peak 51.87M) | Time:00:00.03 | Mem:0.00M, Peak:0.00M | Scene, ViewLayer | Synchronizing object | B092 • Civic Terrace
Fra:1 Mem:51.93M (Peak 51.93M) | Time:00:00.03 | Mem:0.00M, Peak:0.00M | Scene, ViewLayer | Synchronizing object | B093 • Civic Terrace
Fra:1 Mem:52.01M (Peak 52.01M) | Time:00:00.03 | Mem:0.00M, Peak:0.00M | Scene, ViewLayer | Synchronizing object | B094 • Civic Terrace
Fra:1 Mem:52.10M (Peak 52.10M) | Time:00:00.03 | Mem:0.00M, Peak:0.00M | Scene, ViewLayer | Synchronizing object | B095 • Civic Terrace
Fra:1 Mem:52.14M (Peak 52.14M) | Time:00:00.03 | Mem:0.00M, Peak:0.00M | Scene, ViewLayer | Synchronizing object | B096 • Civic Terrace
Fra:1 Mem:52.38M (Peak 52.38M) | Time:00:00.03 | Mem:0.00M, Peak:0.00M | Scene, ViewLayer | Synchronizing object | B097 • Civic Terrace
Fra:1 Mem:52.43M (Peak 52.43M) | Time:00:00.03 | Mem:0.00M, Peak:0.00M | Scene, ViewLayer | Synchronizing object | B098 • Civic Terrace
Fra:1 Mem:52.40M (Peak 52.43M) | Time:00:00.03 | Mem:0.00M, Peak:0.00M | Scene, ViewLayer | Synchronizing object | B099 • Civic Terrace
Fra:1 Mem:52.42M (Peak 52.43M) | Time:00:00.03 | Mem:0.00M, Peak:0.00M | Scene, ViewLayer | Synchronizing object | B100 • Civic Terrace
Fra:1 Mem:52.67M (Peak 52.67M) | Time:00:00.03 | Mem:0.00M, Peak:0.00M | Scene, ViewLayer | Synchronizing object | B101 • Civic Terrace
Fra:1 Mem:52.73M (Peak 52.73M) | Time:00:00.03 | Mem:0.00M, Peak:0.00M | Scene, ViewLayer | Synchronizing object | B102 • Civic Terrace
Fra:1 Mem:52.75M (Peak 52.75M) | Time:00:00.03 | Mem:0.00M, Peak:0.00M | Scene, ViewLayer | Synchronizing object | B103 • Garden Quarter
Fra:1 Mem:52.83M (Peak 52.83M) | Time:00:00.03 | Mem:0.00M, Peak:0.00M | Scene, ViewLayer | Synchronizing object | B104 • Garden Quarter
Fra:1 Mem:52.94M (Peak 52.94M) | Time:00:00.03 | Mem:0.00M, Peak:0.00M | Scene, ViewLayer | Synchronizing object | B105 • Garden Quarter
Fra:1 Mem:52.91M (Peak 52.94M) | Time:00:00.03 | Mem:0.00M, Peak:0.00M | Scene, ViewLayer | Synchronizing object | B106 • Garden Quarter
Fra:1 Mem:52.95M (Peak 52.95M) | Time:00:00.03 | Mem:0.00M, Peak:0.00M | Scene, ViewLayer | Synchronizing object | B107 • Garden Quarter
Fra:1 Mem:52.96M (Peak 52.96M) | Time:00:00.03 | Mem:0.00M, Peak:0.00M | Scene, ViewLayer | Synchronizing object | B108 • Garden Quarter
Fra:1 Mem:53.04M (Peak 53.04M) | Time:00:00.03 | Mem:0.00M, Peak:0.00M | Scene, ViewLayer | Synchronizing object | B109 • Garden Quarter
Fra:1 Mem:53.08M (Peak 53.08M) | Time:00:00.03 | Mem:0.00M, Peak:0.00M | Scene, ViewLayer | Synchronizing object | B110 • Garden Quarter
Fra:1 Mem:53.08M (Peak 53.08M) | Time:00:00.03 | Mem:0.00M, Peak:0.00M | Scene, ViewLayer | Synchronizing object | B111 • Garden Quarter
Fra:1 Mem:53.14M (Peak 53.14M) | Time:00:00.03 | Mem:0.00M, Peak:0.00M | Scene, ViewLayer | Synchronizing object | B112 • Garden Quarter
Fra:1 Mem:53.22M (Peak 53.22M) | Time:00:00.03 | Mem:0.00M, Peak:0.00M | Scene, ViewLayer | Synchronizing object | B113 • Garden Quarter
Fra:1 Mem:53.24M (Peak 53.24M) | Time:00:00.03 | Mem:0.00M, Peak:0.00M | Scene, ViewLayer | Synchronizing object | B114 • Garden Quarter
Fra:1 Mem:53.32M (Peak 53.32M) | Time:00:00.03 | Mem:0.00M, Peak:0.00M | Scene, ViewLayer | Synchronizing object | B115 • Garden Quarter
Fra:1 Mem:53.35M (Peak 53.35M) | Time:00:00.03 | Mem:0.00M, Peak:0.00M | Scene, ViewLayer | Synchronizing object | B116 • Garden Quarter
Fra:1 Mem:53.39M (Peak 53.39M) | Time:00:00.03 | Mem:0.00M, Peak:0.00M | Scene, ViewLayer | Synchronizing object | B117 • Garden Quarter
Fra:1 Mem:53.44M (Peak 53.44M) | Time:00:00.03 | Mem:0.00M, Peak:0.00M | Scene, ViewLayer | Synchronizing object | B118 • Garden Quarter
Fra:1 Mem:53.43M (Peak 53.44M) | Time:00:00.03 | Mem:0.00M, Peak:0.00M | Scene, ViewLayer | Synchronizing object | B119 • Garden Quarter
Fra:1 Mem:53.47M (Peak 53.47M) | Time:00:00.03 | Mem:0.00M, Peak:0.00M | Scene, ViewLayer | Synchronizing object | B120 • Garden Quarter
Fra:1 Mem:53.57M (Peak 53.58M) | Time:00:00.03 | Mem:0.00M, Peak:0.00M | Scene, ViewLayer | Synchronizing object | B121 • Innovation District
Fra:1 Mem:53.62M (Peak 53.62M) | Time:00:00.03 | Mem:0.00M, Peak:0.00M | Scene, ViewLayer | Synchronizing object | B122 • Innovation District
Fra:1 Mem:53.62M (Peak 53.62M) | Time:00:00.03 | Mem:0.00M, Peak:0.00M | Scene, ViewLayer | Synchronizing object | B124 • Innovation District
Fra:1 Mem:53.87M (Peak 53.87M) | Time:00:00.03 | Mem:0.00M, Peak:0.00M | Scene, ViewLayer | Synchronizing object | B125 • Innovation District
Fra:1 Mem:54.02M (Peak 54.02M) | Time:00:00.03 | Mem:0.00M, Peak:0.00M | Scene, ViewLayer | Synchronizing object | B126 • Innovation District
Fra:1 Mem:54.12M (Peak 54.12M) | Time:00:00.03 | Mem:0.00M, Peak:0.00M | Scene, ViewLayer | Synchronizing object | B127 • Innovation District
Fra:1 Mem:54.10M (Peak 54.12M) | Time:00:00.03 | Mem:0.00M, Peak:0.00M | Scene, ViewLayer | Synchronizing object | B128 • Innovation District
Fra:1 Mem:54.18M (Peak 54.18M) | Time:00:00.03 | Mem:0.00M, Peak:0.00M | Scene, ViewLayer | Synchronizing object | B129 • Innovation District
Fra:1 Mem:54.23M (Peak 54.23M) | Time:00:00.03 | Mem:0.00M, Peak:0.00M | Scene, ViewLayer | Synchronizing object | B130 • Innovation District
Fra:1 Mem:54.24M (Peak 54.24M) | Time:00:00.03 | Mem:0.00M, Peak:0.00M | Scene, ViewLayer | Synchronizing object | B131 • Innovation District
Fra:1 Mem:54.44M (Peak 54.44M) | Time:00:00.03 | Mem:0.00M, Peak:0.00M | Scene, ViewLayer | Synchronizing object | B132 • Innovation District
Fra:1 Mem:54.54M (Peak 54.54M) | Time:00:00.03 | Mem:0.00M, Peak:0.00M | Scene, ViewLayer | Synchronizing object | B133 • Innovation District
Fra:1 Mem:54.66M (Peak 54.66M) | Time:00:00.03 | Mem:0.00M, Peak:0.00M | Scene, ViewLayer | Synchronizing object | B134 • Innovation District
Fra:1 Mem:54.63M (Peak 54.66M) | Time:00:00.03 | Mem:0.00M, Peak:0.00M | Scene, ViewLayer | Synchronizing object | B135 • Innovation District
Fra:1 Mem:54.65M (Peak 54.66M) | Time:00:00.03 | Mem:0.00M, Peak:0.00M | Scene, ViewLayer | Synchronizing object | B136 • Innovation District
Fra:1 Mem:54.79M (Peak 54.79M) | Time:00:00.03 | Mem:0.00M, Peak:0.00M | Scene, ViewLayer | Synchronizing object | B137 • Innovation District
Fra:1 Mem:54.87M (Peak 54.87M) | Time:00:00.03 | Mem:0.00M, Peak:0.00M | Scene, ViewLayer | Synchronizing object | B138 • Innovation District
Fra:1 Mem:55.00M (Peak 55.00M) | Time:00:00.03 | Mem:0.00M, Peak:0.00M | Scene, ViewLayer | Synchronizing object | Afternoon sun
Fra:1 Mem:55.04M (Peak 55.04M) | Time:00:00.03 | Mem:0.00M, Peak:0.00M | Scene, ViewLayer | Synchronizing object | B139 • Garden Quarter
Fra:1 Mem:55.09M (Peak 55.09M) | Time:00:00.03 | Mem:0.00M, Peak:0.00M | Scene, ViewLayer | Synchronizing object | Sky fill
Fra:1 Mem:55.10M (Peak 55.10M) | Time:00:00.03 | Mem:0.00M, Peak:0.00M | Scene, ViewLayer | Synchronizing object | B140 • Garden Quarter
Fra:1 Mem:55.09M (Peak 55.10M) | Time:00:00.03 | Mem:0.00M, Peak:0.00M | Scene, ViewLayer | Synchronizing object | Warm softbox
Fra:1 Mem:55.08M (Peak 55.10M) | Time:00:00.03 | Mem:0.00M, Peak:0.00M | Scene, ViewLayer | Synchronizing object | B141 • Garden Quarter
Fra:1 Mem:55.16M (Peak 55.16M) | Time:00:00.03 | Mem:0.00M, Peak:0.00M | Scene, ViewLayer | Synchronizing object | B142 • Garden Quarter
Fra:1 Mem:55.17M (Peak 55.17M) | Time:00:00.03 | Mem:0.00M, Peak:0.00M | Scene, ViewLayer | Synchronizing object | B143 • Garden Quarter
Fra:1 Mem:55.26M (Peak 55.26M) | Time:00:00.03 | Mem:0.00M, Peak:0.00M | Scene, ViewLayer | Synchronizing object | Node_55
Fra:1 Mem:55.25M (Peak 55.26M) | Time:00:00.03 | Mem:0.00M, Peak:0.00M | Scene, ViewLayer | Synchronizing object | B145 • Garden Quarter
Fra:1 Mem:55.27M (Peak 55.27M) | Time:00:00.03 | Mem:0.00M, Peak:0.00M | Scene, ViewLayer | Synchronizing object | B146 • Garden Quarter
Fra:1 Mem:55.33M (Peak 55.33M) | Time:00:00.03 | Mem:0.00M, Peak:0.00M | Scene, ViewLayer | Synchronizing object | Node_54
Fra:1 Mem:55.33M (Peak 55.33M) | Time:00:00.03 | Mem:0.00M, Peak:0.00M | Scene, ViewLayer | Synchronizing object | Node_53
Fra:1 Mem:55.39M (Peak 55.39M) | Time:00:00.03 | Mem:0.00M, Peak:0.00M | Scene, ViewLayer | Synchronizing object | Node_52
Fra:1 Mem:55.41M (Peak 55.41M) | Time:00:00.03 | Mem:0.00M, Peak:0.00M | Scene, ViewLayer | Synchronizing object | B150 • Garden Quarter
Fra:1 Mem:55.42M (Peak 55.42M) | Time:00:00.03 | Mem:0.00M, Peak:0.00M | Scene, ViewLayer | Synchronizing object | Node_51
Fra:1 Mem:55.47M (Peak 55.47M) | Time:00:00.03 | Mem:0.00M, Peak:0.00M | Scene, ViewLayer | Synchronizing object | Node_50
Fra:1 Mem:55.49M (Peak 55.49M) | Time:00:00.03 | Mem:0.00M, Peak:0.00M | Scene, ViewLayer | Synchronizing object | B151 • Innovation District
Fra:1 Mem:55.51M (Peak 55.52M) | Time:00:00.03 | Mem:0.00M, Peak:0.00M | Scene, ViewLayer | Synchronizing object | B152 • Innovation District
Fra:1 Mem:55.62M (Peak 55.62M) | Time:00:00.03 | Mem:0.00M, Peak:0.00M | Scene, ViewLayer | Synchronizing object | B153 • Innovation District
Fra:1 Mem:55.70M (Peak 55.70M) | Time:00:00.03 | Mem:0.00M, Peak:0.00M | Scene, ViewLayer | Synchronizing object | B154 • Innovation District
Fra:1 Mem:55.70M (Peak 55.70M) | Time:00:00.03 | Mem:0.00M, Peak:0.00M | Scene, ViewLayer | Synchronizing object | Node_48
Fra:1 Mem:55.84M (Peak 55.84M) | Time:00:00.03 | Mem:0.00M, Peak:0.00M | Scene, ViewLayer | Synchronizing object | Node_47
Fra:1 Mem:55.87M (Peak 55.87M) | Time:00:00.03 | Mem:0.00M, Peak:0.00M | Scene, ViewLayer | Synchronizing object | B155 • Innovation District
Fra:1 Mem:55.87M (Peak 55.87M) | Time:00:00.03 | Mem:0.00M, Peak:0.00M | Scene, ViewLayer | Synchronizing object | Node_46
Fra:1 Mem:55.97M (Peak 55.97M) | Time:00:00.03 | Mem:0.00M, Peak:0.00M | Scene, ViewLayer | Synchronizing object | Node_45
Fra:1 Mem:56.05M (Peak 56.05M) | Time:00:00.03 | Mem:0.00M, Peak:0.00M | Scene, ViewLayer | Synchronizing object | Node_44
Fra:1 Mem:56.11M (Peak 56.11M) | Time:00:00.03 | Mem:0.00M, Peak:0.00M | Scene, ViewLayer | Synchronizing object | Node_43
Fra:1 Mem:56.11M (Peak 56.11M) | Time:00:00.03 | Mem:0.00M, Peak:0.00M | Scene, ViewLayer | Synchronizing object | Node_42
Fra:1 Mem:56.16M (Peak 56.16M) | Time:00:00.03 | Mem:0.00M, Peak:0.00M | Scene, ViewLayer | Synchronizing object | B156 • Innovation District
Fra:1 Mem:56.16M (Peak 56.16M) | Time:00:00.03 | Mem:0.00M, Peak:0.00M | Scene, ViewLayer | Synchronizing object | Node_41
Fra:1 Mem:56.16M (Peak 56.16M) | Time:00:00.03 | Mem:0.00M, Peak:0.00M | Scene, ViewLayer | Synchronizing object | B157 • Innovation District
Fra:1 Mem:56.21M (Peak 56.21M) | Time:00:00.03 | Mem:0.00M, Peak:0.00M | Scene, ViewLayer | Synchronizing object | B158 • Innovation District
Fra:1 Mem:56.18M (Peak 56.21M) | Time:00:00.03 | Mem:0.00M, Peak:0.00M | Scene, ViewLayer | Synchronizing object | B159 • Innovation District
Fra:1 Mem:56.21M (Peak 56.21M) | Time:00:00.03 | Mem:0.00M, Peak:0.00M | Scene, ViewLayer | Synchronizing object | Node_39
Fra:1 Mem:56.25M (Peak 56.25M) | Time:00:00.03 | Mem:0.00M, Peak:0.00M | Scene, ViewLayer | Synchronizing object | Node_38
Fra:1 Mem:56.28M (Peak 56.28M) | Time:00:00.03 | Mem:0.00M, Peak:0.00M | Scene, ViewLayer | Synchronizing object | Node_37
Fra:1 Mem:56.32M (Peak 56.32M) | Time:00:00.03 | Mem:0.00M, Peak:0.00M | Scene, ViewLayer | Synchronizing object | Node_36
Fra:1 Mem:56.32M (Peak 56.32M) | Time:00:00.03 | Mem:0.00M, Peak:0.00M | Scene, ViewLayer | Synchronizing object | B160 • Innovation District
Fra:1 Mem:56.32M (Peak 56.32M) | Time:00:00.03 | Mem:0.00M, Peak:0.00M | Scene, ViewLayer | Synchronizing object | B161 • Innovation District
Fra:1 Mem:56.38M (Peak 56.38M) | Time:00:00.03 | Mem:0.00M, Peak:0.00M | Scene, ViewLayer | Synchronizing object | Node_35
Fra:1 Mem:56.41M (Peak 56.41M) | Time:00:00.03 | Mem:0.00M, Peak:0.00M | Scene, ViewLayer | Synchronizing object | B162 • Innovation District
Fra:1 Mem:56.46M (Peak 56.46M) | Time:00:00.03 | Mem:0.00M, Peak:0.00M | Scene, ViewLayer | Synchronizing object | Node_34
Fra:1 Mem:56.55M (Peak 56.55M) | Time:00:00.03 | Mem:0.00M, Peak:0.00M | Scene, ViewLayer | Synchronizing object | B163 • Innovation District
Fra:1 Mem:56.57M (Peak 56.57M) | Time:00:00.03 | Mem:0.00M, Peak:0.00M | Scene, ViewLayer | Synchronizing object | Node_33
Fra:1 Mem:56.66M (Peak 56.66M) | Time:00:00.03 | Mem:0.00M, Peak:0.00M | Scene, ViewLayer | Synchronizing object | Node_32
Fra:1 Mem:56.66M (Peak 56.66M) | Time:00:00.03 | Mem:0.00M, Peak:0.00M | Scene, ViewLayer | Synchronizing object | B164 • Innovation District
Fra:1 Mem:56.68M (Peak 56.68M) | Time:00:00.03 | Mem:0.00M, Peak:0.00M | Scene, ViewLayer | Synchronizing object | Node_31
Fra:1 Mem:56.75M (Peak 56.75M) | Time:00:00.03 | Mem:0.00M, Peak:0.00M | Scene, ViewLayer | Synchronizing object | Node_30
Fra:1 Mem:56.80M (Peak 56.80M) | Time:00:00.03 | Mem:0.00M, Peak:0.00M | Scene, ViewLayer | Synchronizing object | Node_29
Fra:1 Mem:56.82M (Peak 56.82M) | Time:00:00.03 | Mem:0.00M, Peak:0.00M | Scene, ViewLayer | Synchronizing object | Node_28
Fra:1 Mem:56.85M (Peak 56.82M) | Time:00:00.03 | Mem:0.00M, Peak:0.00M | Scene, ViewLayer | Synchronizing object | Node_27
Fra:1 Mem:56.86M (Peak 56.86M) | Time:00:00.03 | Mem:0.00M, Peak:0.00M | Scene, ViewLayer | Synchronizing object | B165 • Innovation District
Fra:1 Mem:56.83M (Peak 56.86M) | Time:00:00.03 | Mem:0.00M, Peak:0.00M | Scene, ViewLayer | Synchronizing object | Node_26
Fra:1 Mem:56.89M (Peak 56.89M) | Time:00:00.03 | Mem:0.00M, Peak:0.00M | Scene, ViewLayer | Synchronizing object | Node_25
Fra:1 Mem:56.91M (Peak 56.91M) | Time:00:00.03 | Mem:0.00M, Peak:0.00M | Scene, ViewLayer | Synchronizing object | B166 • Innovation District
Fra:1 Mem:56.89M (Peak 56.91M) | Time:00:00.03 | Mem:0.00M, Peak:0.00M | Scene, ViewLayer | Synchronizing object | B167 • Innovation District
Fra:1 Mem:57.02M (Peak 57.02M) | Time:00:00.03 | Mem:0.00M, Peak:0.00M | Scene, ViewLayer | Synchronizing object | Node_23
Fra:1 Mem:57.05M (Peak 57.05M) | Time:00:00.03 | Mem:0.00M, Peak:0.00M | Scene, ViewLayer | Synchronizing object | Node_22
Fra:1 Mem:57.07M (Peak 57.07M) | Time:00:00.03 | Mem:0.00M, Peak:0.00M | Scene, ViewLayer | Synchronizing object | Node_21
Fra:1 Mem:57.10M (Peak 57.10M) | Time:00:00.03 | Mem:0.00M, Peak:0.00M | Scene, ViewLayer | Synchronizing object | Node_20
Fra:1 Mem:57.05M (Peak 57.10M) | Time:00:00.03 | Mem:0.00M, Peak:0.00M | Scene, ViewLayer | Synchronizing object | Node_19
Fra:1 Mem:57.06M (Peak 57.10M) | Time:00:00.03 | Mem:0.00M, Peak:0.00M | Scene, ViewLayer | Synchronizing object | B168 • Innovation District
Fra:1 Mem:57.08M (Peak 57.10M) | Time:00:00.03 | Mem:0.00M, Peak:0.00M | Scene, ViewLayer | Synchronizing object | Node_18
Fra:1 Mem:57.10M (Peak 57.10M) | Time:00:00.03 | Mem:0.00M, Peak:0.00M | Scene, ViewLayer | Synchronizing object | Node_17
Fra:1 Mem:57.11M (Peak 57.11M) | Time:00:00.03 | Mem:0.00M, Peak:0.00M | Scene, ViewLayer | Synchronizing object | B170 • Garden Quarter
Fra:1 Mem:57.12M (Peak 57.12M) | Time:00:00.03 | Mem:0.00M, Peak:0.00M | Scene, ViewLayer | Synchronizing object | B171 • Garden Quarter
Fra:1 Mem:57.20M (Peak 57.20M) | Time:00:00.03 | Mem:0.00M, Peak:0.00M | Scene, ViewLayer | Synchronizing object | Node_15
Fra:1 Mem:57.25M (Peak 57.25M) | Time:00:00.03 | Mem:0.00M, Peak:0.00M | Scene, ViewLayer | Synchronizing object | Node_14
Fra:1 Mem:57.26M (Peak 57.26M) | Time:00:00.03 | Mem:0.00M, Peak:0.00M | Scene, ViewLayer | Synchronizing object | B172 • Garden Quarter
Fra:1 Mem:57.28M (Peak 57.28M) | Time:00:00.03 | Mem:0.00M, Peak:0.00M | Scene, ViewLayer | Synchronizing object | Node_13
Fra:1 Mem:57.30M (Peak 57.30M) | Time:00:00.03 | Mem:0.00M, Peak:0.00M | Scene, ViewLayer | Synchronizing object | B173 • Garden Quarter
Fra:1 Mem:57.31M (Peak 57.31M) | Time:00:00.03 | Mem:0.00M, Peak:0.00M | Scene, ViewLayer | Synchronizing object | Node_12
Fra:1 Mem:57.35M (Peak 57.35M) | Time:00:00.03 | Mem:0.00M, Peak:0.00M | Scene, ViewLayer | Synchronizing object | B174 • Garden Quarter
Fra:1 Mem:57.35M (Peak 57.35M) | Time:00:00.03 | Mem:0.00M, Peak:0.00M | Scene, ViewLayer | Synchronizing object | Node_11
Fra:1 Mem:57.42M (Peak 57.42M) | Time:00:00.03 | Mem:0.00M, Peak:0.00M | Scene, ViewLayer | Synchronizing object | Node_10
Fra:1 Mem:57.43M (Peak 57.43M) | Time:00:00.03 | Mem:0.00M, Peak:0.00M | Scene, ViewLayer | Synchronizing object | Node_9
Fra:1 Mem:57.42M (Peak 57.43M) | Time:00:00.03 | Mem:0.00M, Peak:0.00M | Scene, ViewLayer | Synchronizing object | B175 • Garden Quarter
Fra:1 Mem:57.42M (Peak 57.43M) | Time:00:00.03 | Mem:0.00M, Peak:0.00M | Scene, ViewLayer | Synchronizing object | Node_8
Fra:1 Mem:57.45M (Peak 57.45M) | Time:00:00.03 | Mem:0.00M, Peak:0.00M | Scene, ViewLayer | Synchronizing object | B177 • Garden Quarter
Fra:1 Mem:57.44M (Peak 57.45M) | Time:00:00.03 | Mem:0.00M, Peak:0.00M | Scene, ViewLayer | Synchronizing object | B178 • Garden Quarter
Fra:1 Mem:57.49M (Peak 57.49M) | Time:00:00.03 | Mem:0.00M, Peak:0.00M | Scene, ViewLayer | Synchronizing object | Node_6
Fra:1 Mem:57.57M (Peak 57.57M) | Time:00:00.03 | Mem:0.00M, Peak:0.00M | Scene, ViewLayer | Synchronizing object | Node_5
Fra:1 Mem:57.58M (Peak 57.58M) | Time:00:00.03 | Mem:0.00M, Peak:0.00M | Scene, ViewLayer | Synchronizing object | B179 • Garden Quarter
Fra:1 Mem:57.65M (Peak 57.65M) | Time:00:00.03 | Mem:0.00M, Peak:0.00M | Scene, ViewLayer | Synchronizing object | Node_4
Fra:1 Mem:57.67M (Peak 57.67M) | Time:00:00.03 | Mem:0.00M, Peak:0.00M | Scene, ViewLayer | Synchronizing object | Node_3
Fra:1 Mem:57.69M (Peak 57.69M) | Time:00:00.03 | Mem:0.00M, Peak:0.00M | Scene, ViewLayer | Synchronizing object | B180 • Garden Quarter
Fra:1 Mem:57.68M (Peak 57.69M) | Time:00:00.03 | Mem:0.00M, Peak:0.00M | Scene, ViewLayer | Synchronizing object | B182 • Garden Quarter
Fra:1 Mem:57.73M (Peak 57.73M) | Time:00:00.03 | Mem:0.00M, Peak:0.00M | Scene, ViewLayer | Synchronizing object | B183 • Garden Quarter
Fra:1 Mem:57.80M (Peak 57.80M) | Time:00:00.03 | Mem:0.00M, Peak:0.00M | Scene, ViewLayer | Synchronizing object | B184 • Garden Quarter
Fra:1 Mem:57.81M (Peak 57.81M) | Time:00:00.03 | Mem:0.00M, Peak:0.00M | Scene, ViewLayer | Synchronizing object | Node_1
Fra:1 Mem:57.82M (Peak 57.82M) | Time:00:00.03 | Mem:0.00M, Peak:0.00M | Scene, ViewLayer | Synchronizing object | B185 • Garden Quarter
Fra:1 Mem:57.83M (Peak 57.83M) | Time:00:00.03 | Mem:0.00M, Peak:0.00M | Scene, ViewLayer | Synchronizing object | B186 • Garden Quarter
Fra:1 Mem:57.91M (Peak 57.91M) | Time:00:00.03 | Mem:0.00M, Peak:0.00M | Scene, ViewLayer | Synchronizing object | Graph edges • exact road centre lines
Fra:1 Mem:57.97M (Peak 57.97M) | Time:00:00.03 | Mem:0.00M, Peak:0.00M | Scene, ViewLayer | Synchronizing object | B187 • Innovation District
Fra:1 Mem:57.97M (Peak 57.97M) | Time:00:00.03 | Mem:0.00M, Peak:0.00M | Scene, ViewLayer | Synchronizing object | B188 • Innovation District
Fra:1 Mem:58.09M (Peak 58.09M) | Time:00:00.03 | Mem:0.00M, Peak:0.00M | Scene, ViewLayer | Synchronizing object | B190 • Innovation District
Fra:1 Mem:58.31M (Peak 58.31M) | Time:00:00.03 | Mem:0.00M, Peak:0.00M | Scene, ViewLayer | Synchronizing object | B191 • Innovation District
Fra:1 Mem:58.63M (Peak 58.63M) | Time:00:00.03 | Mem:0.00M, Peak:0.00M | Scene, ViewLayer | Synchronizing object | B192 • Innovation District
Fra:1 Mem:58.71M (Peak 58.72M) | Time:00:00.03 | Mem:0.00M, Peak:0.00M | Scene, ViewLayer | Synchronizing object | B193 • Innovation District
Fra:1 Mem:58.73M (Peak 58.73M) | Time:00:00.03 | Mem:0.00M, Peak:0.00M | Scene, ViewLayer | Synchronizing object | B194 • Innovation District
Fra:1 Mem:58.83M (Peak 58.83M) | Time:00:00.03 | Mem:0.00M, Peak:0.00M | Scene, ViewLayer | Synchronizing object | B195 • Innovation District
Fra:1 Mem:58.85M (Peak 58.85M) | Time:00:00.03 | Mem:0.00M, Peak:0.00M | Scene, ViewLayer | Synchronizing object | B196 • Innovation District
Fra:1 Mem:58.98M (Peak 58.98M) | Time:00:00.03 | Mem:0.00M, Peak:0.00M | Scene, ViewLayer | Synchronizing object | B197 • Innovation District
Fra:1 Mem:59.05M (Peak 59.05M) | Time:00:00.03 | Mem:0.00M, Peak:0.00M | Scene, ViewLayer | Synchronizing object | B198 • Innovation District
Fra:1 Mem:59.15M (Peak 59.15M) | Time:00:00.03 | Mem:0.00M, Peak:0.00M | Scene, ViewLayer | Synchronizing object | B199 • Innovation District
Fra:1 Mem:59.26M (Peak 59.26M) | Time:00:00.03 | Mem:0.00M, Peak:0.00M | Scene, ViewLayer | Synchronizing object | B201 • Innovation District
Fra:1 Mem:59.30M (Peak 59.30M) | Time:00:00.03 | Mem:0.00M, Peak:0.00M | Scene, ViewLayer | Synchronizing object | B202 • Innovation District
Fra:1 Mem:59.33M (Peak 59.33M) | Time:00:00.03 | Mem:0.00M, Peak:0.00M | Scene, ViewLayer | Synchronizing object | Four station shelters • batched
Fra:1 Mem:59.41M (Peak 59.41M) | Time:00:00.03 | Mem:0.00M, Peak:0.00M | Scene, ViewLayer | Synchronizing object | B203 • Innovation District
Fra:1 Mem:59.48M (Peak 59.48M) | Time:00:00.03 | Mem:0.00M, Peak:0.00M | Scene, ViewLayer | Synchronizing object | B204 • Innovation District
Fra:1 Mem:59.54M (Peak 59.54M) | Time:00:00.03 | Mem:0.00M, Peak:0.00M | Scene, ViewLayer | Synchronizing object | Tree_00_00
Fra:1 Mem:59.56M (Peak 59.56M) | Time:00:00.03 | Mem:0.00M, Peak:0.00M | Scene, ViewLayer | Synchronizing object | Lamp_0
Fra:1 Mem:59.71M (Peak 59.71M) | Time:00:00.03 | Mem:0.00M, Peak:0.00M | Scene, ViewLayer | Initializing
Fra:1 Mem:44.01M (Peak 59.71M) | Time:00:00.04 | Mem:0.00M, Peak:0.00M | Scene, ViewLayer | Waiting for render to start
Fra:1 Mem:44.01M (Peak 59.71M) | Time:00:00.04 | Mem:0.00M, Peak:0.00M | Scene, ViewLayer | Updating Scene
Fra:1 Mem:44.01M (Peak 59.71M) | Time:00:00.04 | Mem:0.00M, Peak:0.00M | Scene, ViewLayer | Updating Shaders
Fra:1 Mem:44.01M (Peak 59.71M) | Time:00:00.04 | Mem:0.00M, Peak:0.00M | Scene, ViewLayer | Loading render kernels (may take a few minutes the first time)
Fra:1 Mem:44.14M (Peak 59.71M) | Time:00:00.04 | Mem:0.05M, Peak:0.05M | Scene, ViewLayer | Updating Procedurals
Fra:1 Mem:44.14M (Peak 59.71M) | Time:00:00.04 | Mem:0.05M, Peak:0.05M | Scene, ViewLayer | Updating Background
Fra:1 Mem:44.14M (Peak 59.71M) | Time:00:00.04 | Mem:0.05M, Peak:0.05M | Scene, ViewLayer | Updating Camera
Fra:1 Mem:44.14M (Peak 59.71M) | Time:00:00.04 | Mem:0.05M, Peak:0.05M | Scene, ViewLayer | Updating Meshes Flags
Fra:1 Mem:44.14M (Peak 59.71M) | Time:00:00.04 | Mem:0.05M, Peak:0.05M | Scene, ViewLayer | Updating Objects
Fra:1 Mem:44.14M (Peak 59.71M) | Time:00:00.04 | Mem:0.05M, Peak:0.05M | Scene, ViewLayer | Updating Objects | Copying Transformations to device
Fra:1 Mem:44.28M (Peak 59.71M) | Time:00:00.04 | Mem:0.18M, Peak:0.18M | Scene, ViewLayer | Updating Particle Systems
Fra:1 Mem:44.28M (Peak 59.71M) | Time:00:00.04 | Mem:0.18M, Peak:0.18M | Scene, ViewLayer | Updating Particle Systems | Copying Particles to device
Fra:1 Mem:44.28M (Peak 59.71M) | Time:00:00.04 | Mem:0.18M, Peak:0.18M | Scene, ViewLayer | Updating Meshes
Fra:1 Mem:44.28M (Peak 59.71M) | Time:00:00.04 | Mem:0.18M, Peak:0.18M | Scene, ViewLayer | Updating Objects | Applying Static Transformations
Fra:1 Mem:44.28M (Peak 59.71M) | Time:00:00.04 | Mem:0.18M, Peak:0.18M | Scene, ViewLayer | Updating Mesh | Computing attributes
Fra:1 Mem:46.78M (Peak 59.71M) | Time:00:00.04 | Mem:0.21M, Peak:0.21M | Scene, ViewLayer | Updating Mesh | Copying Attributes to device
Fra:1 Mem:46.72M (Peak 59.71M) | Time:00:00.04 | Mem:2.63M, Peak:2.63M | Scene, ViewLayer | Updating Geometry BVH Shared streetlight assembly 3/2 | Building BVH
Fra:1 Mem:46.72M (Peak 59.71M) | Time:00:00.04 | Mem:2.63M, Peak:2.63M | Scene, ViewLayer | Updating Geometry BVH Shared streetlight assembly 3/2 | Building BVH 0%
Fra:1 Mem:46.72M (Peak 59.71M) | Time:00:00.04 | Mem:2.63M, Peak:2.63M | Scene, ViewLayer | Updating Geometry BVH Shared tree • trunk and crown joined 2/2 | Building BVH
Fra:1 Mem:46.72M (Peak 59.71M) | Time:00:00.04 | Mem:2.64M, Peak:2.64M | Scene, ViewLayer | Updating Scene BVH | Building
Fra:1 Mem:46.73M (Peak 59.71M) | Time:00:00.04 | Mem:2.64M, Peak:2.64M | Scene, ViewLayer | Updating Scene BVH | Building BVH
Fra:1 Mem:46.73M (Peak 59.71M) | Time:00:00.06 | Mem:20.63M, Peak:28.43M | Scene, ViewLayer | Updating Scene BVH | Copying BVH to device
Fra:1 Mem:46.73M (Peak 59.71M) | Time:00:00.06 | Mem:20.63M, Peak:28.43M | Scene, ViewLayer | Updating Mesh | Computing normals
Fra:1 Mem:55.47M (Peak 59.71M) | Time:00:00.07 | Mem:20.63M, Peak:28.43M | Scene, ViewLayer | Updating Mesh | Copying Mesh to device
Fra:1 Mem:55.47M (Peak 59.71M) | Time:00:00.07 | Mem:29.37M, Peak:29.37M | Scene, ViewLayer | Updating Objects Flags
Fra:1 Mem:55.47M (Peak 59.71M) | Time:00:00.07 | Mem:29.37M, Peak:29.37M | Scene, ViewLayer | Updating Primitive Offsets
Fra:1 Mem:55.47M (Peak 59.71M) | Time:00:00.07 | Mem:29.38M, Peak:29.38M | Scene, ViewLayer | Updating Images
Fra:1 Mem:55.47M (Peak 59.71M) | Time:00:00.07 | Mem:29.38M, Peak:29.38M | Scene, ViewLayer | Updating Camera Volume
Fra:1 Mem:55.47M (Peak 59.71M) | Time:00:00.07 | Mem:29.38M, Peak:29.38M | Scene, ViewLayer | Updating Lookup Tables
Fra:1 Mem:55.47M (Peak 59.71M) | Time:00:00.07 | Mem:29.46M, Peak:29.46M | Scene, ViewLayer | Updating Lights
Fra:1 Mem:55.48M (Peak 59.71M) | Time:00:00.07 | Mem:29.46M, Peak:29.46M | Scene, ViewLayer | Updating Lights | Computing tree
Fra:1 Mem:55.80M (Peak 59.71M) | Time:00:00.07 | Mem:29.79M, Peak:29.79M | Scene, ViewLayer | Updating Integrator
Fra:1 Mem:55.80M (Peak 59.71M) | Time:00:00.07 | Mem:29.79M, Peak:29.79M | Scene, ViewLayer | Updating Film
Fra:1 Mem:55.81M (Peak 59.71M) | Time:00:00.08 | Mem:29.71M, Peak:29.79M | Scene, ViewLayer | Updating Lookup Tables
Fra:1 Mem:55.81M (Peak 59.71M) | Time:00:00.08 | Mem:29.79M, Peak:29.79M | Scene, ViewLayer | Updating Baking
Fra:1 Mem:55.81M (Peak 59.71M) | Time:00:00.08 | Mem:29.79M, Peak:29.79M | Scene, ViewLayer | Updating Device | Writing constant memory
Fra:1 Mem:55.82M (Peak 59.71M) | Time:00:00.08 | Mem:29.79M, Peak:29.79M | Scene, ViewLayer | Loading denoising kernels (may take a few minutes the first time)
Fra:1 Mem:55.82M (Peak 59.71M) | Time:00:00.08 | Mem:29.79M, Peak:29.79M | Scene, ViewLayer | Sample 0/32
Fra:1 Mem:160.27M (Peak 160.27M) | Time:00:01.10 | Remaining:00:31.70 | Mem:134.16M, Peak:134.16M | Scene, ViewLayer | Sample 1/32
Fra:1 Mem:204.22M (Peak 270.14M) | Time:00:45.22 | Mem:134.16M, Peak:134.16M | Scene, ViewLayer | Sample 32/32
Fra:1 Mem:204.22M (Peak 270.14M) | Time:00:45.22 | Mem:134.16M, Peak:134.16M | Scene, ViewLayer | Finished
Saved: '/home/naresh/Documents/nareshpane.github.io/research/gpt-6-astra-blender/renders/betweenness.png'
Time: 00:45.40 (Saving: 00:00.18)

Read blend: "/home/naresh/Documents/nareshpane.github.io/research/gpt-6-astra-blender/blender/city_master.blend"
Fra:1 Mem:35.96M (Peak 35.96M) | Time:00:00.03 | Mem:0.00M, Peak:0.00M | Scene, ViewLayer | Synchronizing object | City foundation
Fra:1 Mem:35.96M (Peak 35.96M) | Time:00:00.03 | Mem:0.00M, Peak:0.00M | Scene, ViewLayer | Synchronizing object | River • fictional coordinates
Fra:1 Mem:35.96M (Peak 35.96M) | Time:00:00.03 | Mem:0.00M, Peak:0.00M | Scene, ViewLayer | Synchronizing object | Park_5-1
Fra:1 Mem:35.96M (Peak 35.96M) | Time:00:00.03 | Mem:0.00M, Peak:0.00M | Scene, ViewLayer | Synchronizing object | Park_0-4
Fra:1 Mem:35.96M (Peak 35.96M) | Time:00:00.03 | Mem:0.00M, Peak:0.00M | Scene, ViewLayer | Synchronizing object | Road_0-1
Fra:1 Mem:35.97M (Peak 35.97M) | Time:00:00.03 | Mem:0.00M, Peak:0.00M | Scene, ViewLayer | Synchronizing object | Road_1-9
Fra:1 Mem:35.97M (Peak 35.97M) | Time:00:00.03 | Mem:0.00M, Peak:0.00M | Scene, ViewLayer | Synchronizing object | Road_1-2
Fra:1 Mem:35.97M (Peak 35.97M) | Time:00:00.03 | Mem:0.00M, Peak:0.00M | Scene, ViewLayer | Synchronizing object | Road_2-10
Fra:1 Mem:35.97M (Peak 35.97M) | Time:00:00.03 | Mem:0.00M, Peak:0.00M | Scene, ViewLayer | Synchronizing object | Road_3-11
Fra:1 Mem:35.97M (Peak 35.97M) | Time:00:00.03 | Mem:0.00M, Peak:0.00M | Scene, ViewLayer | Synchronizing object | Road_4-12
Fra:1 Mem:35.98M (Peak 35.98M) | Time:00:00.03 | Mem:0.00M, Peak:0.00M | Scene, ViewLayer | Synchronizing object | Road_4-5
Fra:1 Mem:35.98M (Peak 35.98M) | Time:00:00.03 | Mem:0.00M, Peak:0.00M | Scene, ViewLayer | Synchronizing object | Road_5-6
Fra:1 Mem:35.98M (Peak 35.98M) | Time:00:00.03 | Mem:0.00M, Peak:0.00M | Scene, ViewLayer | Synchronizing object | Road_6-14
Fra:1 Mem:35.98M (Peak 35.98M) | Time:00:00.03 | Mem:0.00M, Peak:0.00M | Scene, ViewLayer | Synchronizing object | Road_7-15
Fra:1 Mem:35.98M (Peak 35.98M) | Time:00:00.03 | Mem:0.00M, Peak:0.00M | Scene, ViewLayer | Synchronizing object | Road_8-16
Fra:1 Mem:35.99M (Peak 35.99M) | Time:00:00.03 | Mem:0.00M, Peak:0.00M | Scene, ViewLayer | Synchronizing object | Road_8-9
Fra:1 Mem:35.99M (Peak 35.99M) | Time:00:00.03 | Mem:0.00M, Peak:0.00M | Scene, ViewLayer | Synchronizing object | Road_9-10
Fra:1 Mem:35.99M (Peak 35.99M) | Time:00:00.03 | Mem:0.00M, Peak:0.00M | Scene, ViewLayer | Synchronizing object | Road_10-18
Fra:1 Mem:35.99M (Peak 35.99M) | Time:00:00.03 | Mem:0.00M, Peak:0.00M | Scene, ViewLayer | Synchronizing object | Road_10-11
Fra:1 Mem:35.99M (Peak 35.99M) | Time:00:00.03 | Mem:0.00M, Peak:0.00M | Scene, ViewLayer | Synchronizing object | Road_11-19
Fra:1 Mem:35.99M (Peak 35.99M) | Time:00:00.03 | Mem:0.00M, Peak:0.00M | Scene, ViewLayer | Synchronizing object | Road_11-12
Fra:1 Mem:36.00M (Peak 36.00M) | Time:00:00.03 | Mem:0.00M, Peak:0.00M | Scene, ViewLayer | Synchronizing object | BridgeRail_11-12
Fra:1 Mem:36.00M (Peak 36.00M) | Time:00:00.03 | Mem:0.00M, Peak:0.00M | Scene, ViewLayer | Synchronizing object | Road_12-20
Fra:1 Mem:36.01M (Peak 36.01M) | Time:00:00.03 | Mem:0.00M, Peak:0.00M | Scene, ViewLayer | Synchronizing object | Road_13-21
Fra:1 Mem:36.01M (Peak 36.01M) | Time:00:00.03 | Mem:0.00M, Peak:0.00M | Scene, ViewLayer | Synchronizing object | Road_13-14
Fra:1 Mem:36.02M (Peak 36.02M) | Time:00:00.03 | Mem:0.00M, Peak:0.00M | Scene, ViewLayer | Synchronizing object | Road_15-23
Fra:1 Mem:36.02M (Peak 36.02M) | Time:00:00.03 | Mem:0.00M, Peak:0.00M | Scene, ViewLayer | Synchronizing object | Road_16-17
Fra:1 Mem:36.02M (Peak 36.02M) | Time:00:00.03 | Mem:0.00M, Peak:0.00M | Scene, ViewLayer | Synchronizing object | Road_17-25
Fra:1 Mem:36.02M (Peak 36.02M) | Time:00:00.03 | Mem:0.00M, Peak:0.00M | Scene, ViewLayer | Synchronizing object | Road_18-26
Fra:1 Mem:36.02M (Peak 36.02M) | Time:00:00.03 | Mem:0.00M, Peak:0.00M | Scene, ViewLayer | Synchronizing object | Road_18-19
Fra:1 Mem:36.03M (Peak 36.03M) | Time:00:00.03 | Mem:0.00M, Peak:0.00M | Scene, ViewLayer | Synchronizing object | Road_19-27
Fra:1 Mem:36.03M (Peak 36.03M) | Time:00:00.03 | Mem:0.00M, Peak:0.00M | Scene, ViewLayer | Synchronizing object | Road_20-28
Fra:1 Mem:36.03M (Peak 36.03M) | Time:00:00.03 | Mem:0.00M, Peak:0.00M | Scene, ViewLayer | Synchronizing object | Road_20-21
Fra:1 Mem:36.03M (Peak 36.03M) | Time:00:00.03 | Mem:0.00M, Peak:0.00M | Scene, ViewLayer | Synchronizing object | Road_21-29
Fra:1 Mem:36.03M (Peak 36.03M) | Time:00:00.03 | Mem:0.00M, Peak:0.00M | Scene, ViewLayer | Synchronizing object | Road_21-22
Fra:1 Mem:36.03M (Peak 36.03M) | Time:00:00.03 | Mem:0.00M, Peak:0.00M | Scene, ViewLayer | Synchronizing object | Road_22-30
Fra:1 Mem:36.03M (Peak 36.03M) | Time:00:00.03 | Mem:0.00M, Peak:0.00M | Scene, ViewLayer | Synchronizing object | Road_23-31
Fra:1 Mem:36.04M (Peak 36.04M) | Time:00:00.03 | Mem:0.00M, Peak:0.00M | Scene, ViewLayer | Synchronizing object | Road_24-32
Fra:1 Mem:36.04M (Peak 36.04M) | Time:00:00.03 | Mem:0.00M, Peak:0.00M | Scene, ViewLayer | Synchronizing object | Road_24-25
Fra:1 Mem:36.04M (Peak 36.04M) | Time:00:00.03 | Mem:0.00M, Peak:0.00M | Scene, ViewLayer | Synchronizing object | Road_25-33
Fra:1 Mem:36.04M (Peak 36.04M) | Time:00:00.03 | Mem:0.00M, Peak:0.00M | Scene, ViewLayer | Synchronizing object | Road_25-26
Fra:1 Mem:36.04M (Peak 36.04M) | Time:00:00.03 | Mem:0.00M, Peak:0.00M | Scene, ViewLayer | Synchronizing object | Road_26-27
Fra:1 Mem:36.04M (Peak 36.04M) | Time:00:00.03 | Mem:0.00M, Peak:0.00M | Scene, ViewLayer | Synchronizing object | Road_27-35
Fra:1 Mem:36.04M (Peak 36.04M) | Time:00:00.03 | Mem:0.00M, Peak:0.00M | Scene, ViewLayer | Synchronizing object | Road_28-36
Fra:1 Mem:36.04M (Peak 36.04M) | Time:00:00.03 | Mem:0.00M, Peak:0.00M | Scene, ViewLayer | Synchronizing object | Road_28-29
Fra:1 Mem:36.04M (Peak 36.04M) | Time:00:00.03 | Mem:0.00M, Peak:0.00M | Scene, ViewLayer | Synchronizing object | Road_29-37
Fra:1 Mem:36.05M (Peak 36.05M) | Time:00:00.03 | Mem:0.00M, Peak:0.00M | Scene, ViewLayer | Synchronizing object | Road_29-30
Fra:1 Mem:36.05M (Peak 36.05M) | Time:00:00.03 | Mem:0.00M, Peak:0.00M | Scene, ViewLayer | Synchronizing object | Road_30-38
Fra:1 Mem:36.05M (Peak 36.05M) | Time:00:00.03 | Mem:0.00M, Peak:0.00M | Scene, ViewLayer | Synchronizing object | Road_30-31
Fra:1 Mem:36.05M (Peak 36.05M) | Time:00:00.03 | Mem:0.00M, Peak:0.00M | Scene, ViewLayer | Synchronizing object | Road_31-39
Fra:1 Mem:36.05M (Peak 36.05M) | Time:00:00.03 | Mem:0.00M, Peak:0.00M | Scene, ViewLayer | Synchronizing object | Road_32-40
Fra:1 Mem:36.05M (Peak 36.05M) | Time:00:00.03 | Mem:0.00M, Peak:0.00M | Scene, ViewLayer | Synchronizing object | Road_32-33
Fra:1 Mem:36.05M (Peak 36.05M) | Time:00:00.03 | Mem:0.00M, Peak:0.00M | Scene, ViewLayer | Synchronizing object | Road_33-41
Fra:1 Mem:36.06M (Peak 36.06M) | Time:00:00.03 | Mem:0.00M, Peak:0.00M | Scene, ViewLayer | Synchronizing object | Road_34-42
Fra:1 Mem:36.06M (Peak 36.06M) | Time:00:00.03 | Mem:0.00M, Peak:0.00M | Scene, ViewLayer | Synchronizing object | Road_34-35
Fra:1 Mem:36.06M (Peak 36.06M) | Time:00:00.03 | Mem:0.00M, Peak:0.00M | Scene, ViewLayer | Synchronizing object | Road_35-43
Fra:1 Mem:36.06M (Peak 36.06M) | Time:00:00.03 | Mem:0.00M, Peak:0.00M | Scene, ViewLayer | Synchronizing object | BridgeRail_35-36
Fra:1 Mem:36.06M (Peak 36.06M) | Time:00:00.03 | Mem:0.00M, Peak:0.00M | Scene, ViewLayer | Synchronizing object | Road_36-37
Fra:1 Mem:36.08M (Peak 36.08M) | Time:00:00.03 | Mem:0.00M, Peak:0.00M | Scene, ViewLayer | Synchronizing object | Road_37-45
Fra:1 Mem:36.08M (Peak 36.08M) | Time:00:00.03 | Mem:0.00M, Peak:0.00M | Scene, ViewLayer | Synchronizing object | Road_38-46
Fra:1 Mem:36.08M (Peak 36.08M) | Time:00:00.03 | Mem:0.00M, Peak:0.00M | Scene, ViewLayer | Synchronizing object | Road_38-39
Fra:1 Mem:36.08M (Peak 36.08M) | Time:00:00.03 | Mem:0.00M, Peak:0.00M | Scene, ViewLayer | Synchronizing object | Road_39-47
Fra:1 Mem:36.09M (Peak 36.09M) | Time:00:00.03 | Mem:0.00M, Peak:0.00M | Scene, ViewLayer | Synchronizing object | Road_40-48
Fra:1 Mem:36.09M (Peak 36.09M) | Time:00:00.03 | Mem:0.00M, Peak:0.00M | Scene, ViewLayer | Synchronizing object | Road_40-41
Fra:1 Mem:36.09M (Peak 36.09M) | Time:00:00.03 | Mem:0.00M, Peak:0.00M | Scene, ViewLayer | Synchronizing object | Road_41-49
Fra:1 Mem:36.09M (Peak 36.09M) | Time:00:00.03 | Mem:0.00M, Peak:0.00M | Scene, ViewLayer | Synchronizing object | Road_41-42
Fra:1 Mem:36.09M (Peak 36.09M) | Time:00:00.03 | Mem:0.00M, Peak:0.00M | Scene, ViewLayer | Synchronizing object | Road_42-50
Fra:1 Mem:36.09M (Peak 36.09M) | Time:00:00.03 | Mem:0.00M, Peak:0.00M | Scene, ViewLayer | Synchronizing object | Road_42-43
Fra:1 Mem:36.10M (Peak 36.10M) | Time:00:00.03 | Mem:0.00M, Peak:0.00M | Scene, ViewLayer | Synchronizing object | Road_43-51
Fra:1 Mem:36.10M (Peak 36.10M) | Time:00:00.03 | Mem:0.00M, Peak:0.00M | Scene, ViewLayer | Synchronizing object | Road_44-52
Fra:1 Mem:36.10M (Peak 36.10M) | Time:00:00.03 | Mem:0.00M, Peak:0.00M | Scene, ViewLayer | Synchronizing object | Road_44-45
Fra:1 Mem:36.10M (Peak 36.10M) | Time:00:00.03 | Mem:0.00M, Peak:0.00M | Scene, ViewLayer | Synchronizing object | Road_45-53
Fra:1 Mem:36.10M (Peak 36.10M) | Time:00:00.03 | Mem:0.00M, Peak:0.00M | Scene, ViewLayer | Synchronizing object | Road_45-46
Fra:1 Mem:36.10M (Peak 36.10M) | Time:00:00.03 | Mem:0.00M, Peak:0.00M | Scene, ViewLayer | Synchronizing object | Road_46-54
Fra:1 Mem:36.10M (Peak 36.10M) | Time:00:00.03 | Mem:0.00M, Peak:0.00M | Scene, ViewLayer | Synchronizing object | Road_47-55
Fra:1 Mem:36.11M (Peak 36.11M) | Time:00:00.03 | Mem:0.00M, Peak:0.00M | Scene, ViewLayer | Synchronizing object | Road_48-49
Fra:1 Mem:36.11M (Peak 36.11M) | Time:00:00.03 | Mem:0.00M, Peak:0.00M | Scene, ViewLayer | Synchronizing object | Road_50-51
Fra:1 Mem:36.11M (Peak 36.11M) | Time:00:00.03 | Mem:0.00M, Peak:0.00M | Scene, ViewLayer | Synchronizing object | Road_53-54
Fra:1 Mem:36.11M (Peak 36.11M) | Time:00:00.03 | Mem:0.00M, Peak:0.00M | Scene, ViewLayer | Synchronizing object | Road_54-55
Fra:1 Mem:36.12M (Peak 36.12M) | Time:00:00.03 | Mem:0.00M, Peak:0.00M | Scene, ViewLayer | Synchronizing object | All block sidewalks
Fra:1 Mem:36.12M (Peak 36.12M) | Time:00:00.03 | Mem:0.00M, Peak:0.00M | Scene, ViewLayer | Synchronizing object | B001 • Old Quay
Fra:1 Mem:36.12M (Peak 36.12M) | Time:00:00.03 | Mem:0.00M, Peak:0.00M | Scene, ViewLayer | Synchronizing object | B002 • Old Quay
Fra:1 Mem:36.39M (Peak 36.39M) | Time:00:00.03 | Mem:0.00M, Peak:0.00M | Scene, ViewLayer | Synchronizing object | B003 • Old Quay
Fra:1 Mem:36.85M (Peak 36.85M) | Time:00:00.03 | Mem:0.00M, Peak:0.00M | Scene, ViewLayer | Synchronizing object | B004 • Old Quay
Fra:1 Mem:36.89M (Peak 36.89M) | Time:00:00.03 | Mem:0.00M, Peak:0.00M | Scene, ViewLayer | Synchronizing object | B005 • Old Quay
Fra:1 Mem:36.89M (Peak 36.89M) | Time:00:00.03 | Mem:0.00M, Peak:0.00M | Scene, ViewLayer | Synchronizing object | B006 • Old Quay
Fra:1 Mem:37.08M (Peak 37.08M) | Time:00:00.03 | Mem:0.00M, Peak:0.00M | Scene, ViewLayer | Synchronizing object | B007 • Old Quay
Fra:1 Mem:37.14M (Peak 37.14M) | Time:00:00.03 | Mem:0.00M, Peak:0.00M | Scene, ViewLayer | Synchronizing object | B008 • Old Quay
Fra:1 Mem:37.18M (Peak 37.18M) | Time:00:00.03 | Mem:0.00M, Peak:0.00M | Scene, ViewLayer | Synchronizing object | B010 • Old Quay
Fra:1 Mem:37.24M (Peak 37.24M) | Time:00:00.03 | Mem:0.00M, Peak:0.00M | Scene, ViewLayer | Synchronizing object | B011 • Old Quay
Fra:1 Mem:37.32M (Peak 37.32M) | Time:00:00.03 | Mem:0.00M, Peak:0.00M | Scene, ViewLayer | Synchronizing object | B012 • Old Quay
Fra:1 Mem:37.32M (Peak 37.32M) | Time:00:00.03 | Mem:0.00M, Peak:0.00M | Scene, ViewLayer | Synchronizing object | B013 • Old Quay
Fra:1 Mem:37.51M (Peak 37.51M) | Time:00:00.03 | Mem:0.00M, Peak:0.00M | Scene, ViewLayer | Synchronizing object | B014 • Old Quay
Fra:1 Mem:37.57M (Peak 37.57M) | Time:00:00.03 | Mem:0.00M, Peak:0.00M | Scene, ViewLayer | Synchronizing object | B015 • Old Quay
Fra:1 Mem:37.59M (Peak 37.59M) | Time:00:00.03 | Mem:0.00M, Peak:0.00M | Scene, ViewLayer | Synchronizing object | B016 • Old Quay
Fra:1 Mem:37.64M (Peak 37.64M) | Time:00:00.03 | Mem:0.00M, Peak:0.00M | Scene, ViewLayer | Synchronizing object | B017 • Old Quay
Fra:1 Mem:37.68M (Peak 37.68M) | Time:00:00.03 | Mem:0.00M, Peak:0.00M | Scene, ViewLayer | Synchronizing object | B018 • Old Quay
Fra:1 Mem:37.72M (Peak 37.72M) | Time:00:00.03 | Mem:0.00M, Peak:0.00M | Scene, ViewLayer | Synchronizing object | B019 • Civic Terrace
Fra:1 Mem:37.74M (Peak 37.74M) | Time:00:00.03 | Mem:0.00M, Peak:0.00M | Scene, ViewLayer | Synchronizing object | B020 • Civic Terrace
Fra:1 Mem:37.91M (Peak 37.91M) | Time:00:00.03 | Mem:0.00M, Peak:0.00M | Scene, ViewLayer | Synchronizing object | B021 • Civic Terrace
Fra:1 Mem:38.01M (Peak 38.01M) | Time:00:00.03 | Mem:0.00M, Peak:0.00M | Scene, ViewLayer | Synchronizing object | B022 • Civic Terrace
Fra:1 Mem:38.25M (Peak 38.25M) | Time:00:00.03 | Mem:0.00M, Peak:0.00M | Scene, ViewLayer | Synchronizing object | B023 • Civic Terrace
Fra:1 Mem:38.27M (Peak 38.27M) | Time:00:00.03 | Mem:0.00M, Peak:0.00M | Scene, ViewLayer | Synchronizing object | B025 • Civic Terrace
Fra:1 Mem:38.50M (Peak 38.50M) | Time:00:00.03 | Mem:0.00M, Peak:0.00M | Scene, ViewLayer | Synchronizing object | B026 • Civic Terrace
Fra:1 Mem:38.72M (Peak 38.72M) | Time:00:00.03 | Mem:0.00M, Peak:0.00M | Scene, ViewLayer | Synchronizing object | B027 • Civic Terrace
Fra:1 Mem:38.67M (Peak 38.72M) | Time:00:00.03 | Mem:0.00M, Peak:0.00M | Scene, ViewLayer | Synchronizing object | B028 • Civic Terrace
Fra:1 Mem:38.74M (Peak 38.74M) | Time:00:00.03 | Mem:0.00M, Peak:0.00M | Scene, ViewLayer | Synchronizing object | B029 • Civic Terrace
Fra:1 Mem:38.86M (Peak 38.86M) | Time:00:00.03 | Mem:0.00M, Peak:0.00M | Scene, ViewLayer | Synchronizing object | B030 • Civic Terrace
Fra:1 Mem:39.05M (Peak 39.05M) | Time:00:00.03 | Mem:0.00M, Peak:0.00M | Scene, ViewLayer | Synchronizing object | B031 • Civic Terrace
Fra:1 Mem:39.07M (Peak 39.07M) | Time:00:00.03 | Mem:0.00M, Peak:0.00M | Scene, ViewLayer | Synchronizing object | B032 • Civic Terrace
Fra:1 Mem:39.19M (Peak 39.19M) | Time:00:00.03 | Mem:0.00M, Peak:0.00M | Scene, ViewLayer | Synchronizing object | B033 • Civic Terrace
Fra:1 Mem:39.37M (Peak 39.37M) | Time:00:00.03 | Mem:0.00M, Peak:0.00M | Scene, ViewLayer | Synchronizing object | B034 • Civic Terrace
Fra:1 Mem:39.47M (Peak 39.47M) | Time:00:00.03 | Mem:0.00M, Peak:0.00M | Scene, ViewLayer | Synchronizing object | B035 • Civic Terrace
Fra:1 Mem:39.53M (Peak 39.53M) | Time:00:00.03 | Mem:0.00M, Peak:0.00M | Scene, ViewLayer | Synchronizing object | B036 • Civic Terrace
Fra:1 Mem:39.53M (Peak 39.53M) | Time:00:00.03 | Mem:0.00M, Peak:0.00M | Scene, ViewLayer | Synchronizing object | B037 • Old Quay
Fra:1 Mem:39.67M (Peak 39.67M) | Time:00:00.03 | Mem:0.00M, Peak:0.00M | Scene, ViewLayer | Synchronizing object | B039 • Old Quay
Fra:1 Mem:39.72M (Peak 39.72M) | Time:00:00.03 | Mem:0.00M, Peak:0.00M | Scene, ViewLayer | Synchronizing object | B038 • Old Quay
Fra:1 Mem:39.76M (Peak 39.76M) | Time:00:00.03 | Mem:0.00M, Peak:0.00M | Scene, ViewLayer | Synchronizing object | B040 • Old Quay
Fra:1 Mem:39.78M (Peak 39.79M) | Time:00:00.03 | Mem:0.00M, Peak:0.00M | Scene, ViewLayer | Synchronizing object | B041 • Old Quay
Fra:1 Mem:39.81M (Peak 39.81M) | Time:00:00.03 | Mem:0.00M, Peak:0.00M | Scene, ViewLayer | Synchronizing object | B042 • Old Quay
Fra:1 Mem:39.89M (Peak 39.89M) | Time:00:00.03 | Mem:0.00M, Peak:0.00M | Scene, ViewLayer | Synchronizing object | B043 • Old Quay
Fra:1 Mem:39.95M (Peak 39.95M) | Time:00:00.03 | Mem:0.00M, Peak:0.00M | Scene, ViewLayer | Synchronizing object | B044 • Old Quay
Fra:1 Mem:40.02M (Peak 40.02M) | Time:00:00.03 | Mem:0.00M, Peak:0.00M | Scene, ViewLayer | Synchronizing object | B045 • Old Quay
Fra:1 Mem:40.02M (Peak 40.02M) | Time:00:00.03 | Mem:0.00M, Peak:0.00M | Scene, ViewLayer | Synchronizing object | B046 • Old Quay
Fra:1 Mem:40.04M (Peak 40.04M) | Time:00:00.03 | Mem:0.00M, Peak:0.00M | Scene, ViewLayer | Synchronizing object | B047 • Old Quay
Fra:1 Mem:40.16M (Peak 40.16M) | Time:00:00.03 | Mem:0.00M, Peak:0.00M | Scene, ViewLayer | Synchronizing object | B048 • Old Quay
Fra:1 Mem:40.17M (Peak 40.17M) | Time:00:00.03 | Mem:0.00M, Peak:0.00M | Scene, ViewLayer | Synchronizing object | B049 • Old Quay
Fra:1 Mem:40.20M (Peak 40.20M) | Time:00:00.03 | Mem:0.00M, Peak:0.00M | Scene, ViewLayer | Synchronizing object | B050 • Old Quay
Fra:1 Mem:40.29M (Peak 40.29M) | Time:00:00.03 | Mem:0.00M, Peak:0.00M | Scene, ViewLayer | Synchronizing object | B051 • Old Quay
Fra:1 Mem:40.32M (Peak 40.32M) | Time:00:00.03 | Mem:0.00M, Peak:0.00M | Scene, ViewLayer | Synchronizing object | B052 • Old Quay
Fra:1 Mem:40.37M (Peak 40.37M) | Time:00:00.03 | Mem:0.00M, Peak:0.00M | Scene, ViewLayer | Synchronizing object | B053 • Old Quay
Fra:1 Mem:40.40M (Peak 40.40M) | Time:00:00.03 | Mem:0.00M, Peak:0.00M | Scene, ViewLayer | Synchronizing object | B054 • Old Quay
Fra:1 Mem:40.47M (Peak 40.47M) | Time:00:00.03 | Mem:0.00M, Peak:0.00M | Scene, ViewLayer | Synchronizing object | B055 • Civic Terrace
Fra:1 Mem:40.50M (Peak 40.50M) | Time:00:00.03 | Mem:0.00M, Peak:0.00M | Scene, ViewLayer | Synchronizing object | B056 • Civic Terrace
Fra:1 Mem:40.51M (Peak 40.51M) | Time:00:00.03 | Mem:0.00M, Peak:0.00M | Scene, ViewLayer | Synchronizing object | B057 • Civic Terrace
Fra:1 Mem:40.67M (Peak 40.70M) | Time:00:00.03 | Mem:0.00M, Peak:0.00M | Scene, ViewLayer | Synchronizing object | B058 • Civic Terrace
Fra:1 Mem:40.76M (Peak 40.76M) | Time:00:00.03 | Mem:0.00M, Peak:0.00M | Scene, ViewLayer | Synchronizing object | B059 • Civic Terrace
Fra:1 Mem:40.84M (Peak 40.84M) | Time:00:00.03 | Mem:0.00M, Peak:0.00M | Scene, ViewLayer | Synchronizing object | B060 • Civic Terrace
Fra:1 Mem:40.97M (Peak 40.97M) | Time:00:00.03 | Mem:0.00M, Peak:0.00M | Scene, ViewLayer | Synchronizing object | B061 • Civic Terrace
Fra:1 Mem:40.96M (Peak 40.97M) | Time:00:00.03 | Mem:0.00M, Peak:0.00M | Scene, ViewLayer | Synchronizing object | B062 • Civic Terrace
Fra:1 Mem:41.16M (Peak 41.16M) | Time:00:00.03 | Mem:0.00M, Peak:0.00M | Scene, ViewLayer | Synchronizing object | B063 • Civic Terrace
Fra:1 Mem:41.19M (Peak 41.19M) | Time:00:00.03 | Mem:0.00M, Peak:0.00M | Scene, ViewLayer | Synchronizing object | B064 • Civic Terrace
Fra:1 Mem:41.32M (Peak 41.32M) | Time:00:00.03 | Mem:0.00M, Peak:0.00M | Scene, ViewLayer | Synchronizing object | B065 • Civic Terrace
Fra:1 Mem:41.41M (Peak 41.41M) | Time:00:00.03 | Mem:0.00M, Peak:0.00M | Scene, ViewLayer | Synchronizing object | B066 • Civic Terrace
Fra:1 Mem:41.42M (Peak 41.42M) | Time:00:00.03 | Mem:0.00M, Peak:0.00M | Scene, ViewLayer | Synchronizing object | B067 • Old Quay
Fra:1 Mem:41.52M (Peak 41.52M) | Time:00:00.03 | Mem:0.00M, Peak:0.00M | Scene, ViewLayer | Synchronizing object | B068 • Old Quay
Fra:1 Mem:41.60M (Peak 41.60M) | Time:00:00.03 | Mem:0.00M, Peak:0.00M | Scene, ViewLayer | Synchronizing object | B069 • Old Quay
Fra:1 Mem:41.66M (Peak 41.66M) | Time:00:00.03 | Mem:0.00M, Peak:0.00M | Scene, ViewLayer | Synchronizing object | B070 • Old Quay
Fra:1 Mem:41.68M (Peak 41.68M) | Time:00:00.03 | Mem:0.00M, Peak:0.00M | Scene, ViewLayer | Synchronizing object | B071 • Old Quay
Fra:1 Mem:41.74M (Peak 41.74M) | Time:00:00.03 | Mem:0.00M, Peak:0.00M | Scene, ViewLayer | Synchronizing object | B072 • Old Quay
Fra:1 Mem:41.78M (Peak 41.78M) | Time:00:00.03 | Mem:0.00M, Peak:0.00M | Scene, ViewLayer | Synchronizing object | B073 • Old Quay
Fra:1 Mem:41.81M (Peak 41.81M) | Time:00:00.03 | Mem:0.00M, Peak:0.00M | Scene, ViewLayer | Synchronizing object | B074 • Old Quay
Fra:1 Mem:41.86M (Peak 41.86M) | Time:00:00.03 | Mem:0.00M, Peak:0.00M | Scene, ViewLayer | Synchronizing object | B075 • Old Quay
Fra:1 Mem:41.92M (Peak 41.92M) | Time:00:00.03 | Mem:0.00M, Peak:0.00M | Scene, ViewLayer | Synchronizing object | B076 • Old Quay
Fra:1 Mem:41.92M (Peak 41.92M) | Time:00:00.03 | Mem:0.00M, Peak:0.00M | Scene, ViewLayer | Synchronizing object | B078 • Old Quay
Fra:1 Mem:42.03M (Peak 42.03M) | Time:00:00.03 | Mem:0.00M, Peak:0.00M | Scene, ViewLayer | Synchronizing object | B079 • Old Quay
Fra:1 Mem:42.09M (Peak 42.09M) | Time:00:00.03 | Mem:0.00M, Peak:0.00M | Scene, ViewLayer | Synchronizing object | B080 • Old Quay
Fra:1 Mem:42.12M (Peak 42.12M) | Time:00:00.03 | Mem:0.00M, Peak:0.00M | Scene, ViewLayer | Synchronizing object | B082 • Old Quay
Fra:1 Mem:42.15M (Peak 42.15M) | Time:00:00.03 | Mem:0.00M, Peak:0.00M | Scene, ViewLayer | Synchronizing object | B083 • Old Quay
Fra:1 Mem:42.20M (Peak 42.20M) | Time:00:00.03 | Mem:0.00M, Peak:0.00M | Scene, ViewLayer | Synchronizing object | B084 • Old Quay
Fra:1 Mem:42.22M (Peak 42.22M) | Time:00:00.03 | Mem:0.00M, Peak:0.00M | Scene, ViewLayer | Synchronizing object | B085 • Civic Terrace
Fra:1 Mem:42.27M (Peak 42.27M) | Time:00:00.03 | Mem:0.00M, Peak:0.00M | Scene, ViewLayer | Synchronizing object | B086 • Civic Terrace
Fra:1 Mem:42.35M (Peak 42.36M) | Time:00:00.03 | Mem:0.00M, Peak:0.00M | Scene, ViewLayer | Synchronizing object | B087 • Civic Terrace
Fra:1 Mem:42.45M (Peak 42.45M) | Time:00:00.03 | Mem:0.00M, Peak:0.00M | Scene, ViewLayer | Synchronizing object | B088 • Civic Terrace
Fra:1 Mem:42.54M (Peak 42.54M) | Time:00:00.03 | Mem:0.00M, Peak:0.00M | Scene, ViewLayer | Synchronizing object | B089 • Civic Terrace
Fra:1 Mem:42.72M (Peak 42.72M) | Time:00:00.03 | Mem:0.00M, Peak:0.00M | Scene, ViewLayer | Synchronizing object | B090 • Civic Terrace
Fra:1 Mem:42.81M (Peak 42.81M) | Time:00:00.03 | Mem:0.00M, Peak:0.00M | Scene, ViewLayer | Synchronizing object | B091 • Civic Terrace
Fra:1 Mem:42.87M (Peak 42.87M) | Time:00:00.03 | Mem:0.00M, Peak:0.00M | Scene, ViewLayer | Synchronizing object | B092 • Civic Terrace
Fra:1 Mem:42.93M (Peak 42.93M) | Time:00:00.03 | Mem:0.00M, Peak:0.00M | Scene, ViewLayer | Synchronizing object | B093 • Civic Terrace
Fra:1 Mem:43.16M (Peak 43.16M) | Time:00:00.03 | Mem:0.00M, Peak:0.00M | Scene, ViewLayer | Synchronizing object | B094 • Civic Terrace
Fra:1 Mem:43.21M (Peak 43.21M) | Time:00:00.03 | Mem:0.00M, Peak:0.00M | Scene, ViewLayer | Synchronizing object | B095 • Civic Terrace
Fra:1 Mem:43.18M (Peak 43.21M) | Time:00:00.03 | Mem:0.00M, Peak:0.00M | Scene, ViewLayer | Synchronizing object | B096 • Civic Terrace
Fra:1 Mem:43.18M (Peak 43.21M) | Time:00:00.03 | Mem:0.00M, Peak:0.00M | Scene, ViewLayer | Synchronizing object | B097 • Civic Terrace
Fra:1 Mem:43.48M (Peak 43.48M) | Time:00:00.03 | Mem:0.00M, Peak:0.00M | Scene, ViewLayer | Synchronizing object | B098 • Civic Terrace
Fra:1 Mem:43.47M (Peak 43.48M) | Time:00:00.03 | Mem:0.00M, Peak:0.00M | Scene, ViewLayer | Synchronizing object | B099 • Civic Terrace
Fra:1 Mem:43.49M (Peak 43.49M) | Time:00:00.03 | Mem:0.00M, Peak:0.00M | Scene, ViewLayer | Synchronizing object | B100 • Civic Terrace
Fra:1 Mem:43.66M (Peak 43.66M) | Time:00:00.03 | Mem:0.00M, Peak:0.00M | Scene, ViewLayer | Synchronizing object | B101 • Civic Terrace
Fra:1 Mem:43.73M (Peak 43.73M) | Time:00:00.03 | Mem:0.00M, Peak:0.00M | Scene, ViewLayer | Synchronizing object | B102 • Civic Terrace
Fra:1 Mem:43.77M (Peak 43.77M) | Time:00:00.03 | Mem:0.00M, Peak:0.00M | Scene, ViewLayer | Synchronizing object | B103 • Garden Quarter
Fra:1 Mem:43.89M (Peak 43.89M) | Time:00:00.03 | Mem:0.00M, Peak:0.00M | Scene, ViewLayer | Synchronizing object | B104 • Garden Quarter
Fra:1 Mem:43.92M (Peak 43.92M) | Time:00:00.03 | Mem:0.00M, Peak:0.00M | Scene, ViewLayer | Synchronizing object | B105 • Garden Quarter
Fra:1 Mem:43.93M (Peak 43.93M) | Time:00:00.03 | Mem:0.00M, Peak:0.00M | Scene, ViewLayer | Synchronizing object | B106 • Garden Quarter
Fra:1 Mem:43.93M (Peak 43.93M) | Time:00:00.03 | Mem:0.00M, Peak:0.00M | Scene, ViewLayer | Synchronizing object | B107 • Garden Quarter
Fra:1 Mem:43.98M (Peak 43.98M) | Time:00:00.03 | Mem:0.00M, Peak:0.00M | Scene, ViewLayer | Synchronizing object | B108 • Garden Quarter
Fra:1 Mem:44.05M (Peak 44.05M) | Time:00:00.03 | Mem:0.00M, Peak:0.00M | Scene, ViewLayer | Synchronizing object | B109 • Garden Quarter
Fra:1 Mem:44.07M (Peak 44.07M) | Time:00:00.03 | Mem:0.00M, Peak:0.00M | Scene, ViewLayer | Synchronizing object | B110 • Garden Quarter
Fra:1 Mem:44.10M (Peak 44.10M) | Time:00:00.03 | Mem:0.00M, Peak:0.00M | Scene, ViewLayer | Synchronizing object | B111 • Garden Quarter
Fra:1 Mem:44.20M (Peak 44.20M) | Time:00:00.03 | Mem:0.00M, Peak:0.00M | Scene, ViewLayer | Synchronizing object | B112 • Garden Quarter
Fra:1 Mem:44.28M (Peak 44.28M) | Time:00:00.03 | Mem:0.00M, Peak:0.00M | Scene, ViewLayer | Synchronizing object | B113 • Garden Quarter
Fra:1 Mem:44.33M (Peak 44.33M) | Time:00:00.03 | Mem:0.00M, Peak:0.00M | Scene, ViewLayer | Synchronizing object | B114 • Garden Quarter
Fra:1 Mem:44.38M (Peak 44.38M) | Time:00:00.03 | Mem:0.00M, Peak:0.00M | Scene, ViewLayer | Synchronizing object | B115 • Garden Quarter
Fra:1 Mem:44.46M (Peak 44.46M) | Time:00:00.03 | Mem:0.00M, Peak:0.00M | Scene, ViewLayer | Synchronizing object | B116 • Garden Quarter
Fra:1 Mem:44.48M (Peak 44.48M) | Time:00:00.03 | Mem:0.00M, Peak:0.00M | Scene, ViewLayer | Synchronizing object | B117 • Garden Quarter
Fra:1 Mem:44.49M (Peak 44.49M) | Time:00:00.03 | Mem:0.00M, Peak:0.00M | Scene, ViewLayer | Synchronizing object | B119 • Garden Quarter
Fra:1 Mem:44.56M (Peak 44.56M) | Time:00:00.03 | Mem:0.00M, Peak:0.00M | Scene, ViewLayer | Synchronizing object | B120 • Garden Quarter
Fra:1 Mem:44.70M (Peak 44.70M) | Time:00:00.03 | Mem:0.00M, Peak:0.00M | Scene, ViewLayer | Synchronizing object | B121 • Innovation District
Fra:1 Mem:44.76M (Peak 44.76M) | Time:00:00.03 | Mem:0.00M, Peak:0.00M | Scene, ViewLayer | Synchronizing object | B122 • Innovation District
Fra:1 Mem:44.78M (Peak 44.78M) | Time:00:00.04 | Mem:0.00M, Peak:0.00M | Scene, ViewLayer | Synchronizing object | B124 • Innovation District
Fra:1 Mem:44.90M (Peak 44.90M) | Time:00:00.04 | Mem:0.00M, Peak:0.00M | Scene, ViewLayer | Synchronizing object | B125 • Innovation District
Fra:1 Mem:44.94M (Peak 44.94M) | Time:00:00.04 | Mem:0.00M, Peak:0.00M | Scene, ViewLayer | Synchronizing object | Afternoon sun
Fra:1 Mem:45.02M (Peak 45.02M) | Time:00:00.04 | Mem:0.00M, Peak:0.00M | Scene, ViewLayer | Synchronizing object | B126 • Innovation District
Fra:1 Mem:45.10M (Peak 45.10M) | Time:00:00.04 | Mem:0.00M, Peak:0.00M | Scene, ViewLayer | Synchronizing object | B127 • Innovation District
Fra:1 Mem:45.29M (Peak 45.29M) | Time:00:00.04 | Mem:0.00M, Peak:0.00M | Scene, ViewLayer | Synchronizing object | B128 • Innovation District
Fra:1 Mem:45.37M (Peak 45.37M) | Time:00:00.04 | Mem:0.00M, Peak:0.00M | Scene, ViewLayer | Synchronizing object | B129 • Innovation District
Fra:1 Mem:45.39M (Peak 45.39M) | Time:00:00.04 | Mem:0.00M, Peak:0.00M | Scene, ViewLayer | Synchronizing object | B130 • Innovation District
Fra:1 Mem:45.35M (Peak 45.39M) | Time:00:00.04 | Mem:0.00M, Peak:0.00M | Scene, ViewLayer | Synchronizing object | Studio floor • excluded from GLB
Fra:1 Mem:45.41M (Peak 45.41M) | Time:00:00.04 | Mem:0.00M, Peak:0.00M | Scene, ViewLayer | Synchronizing object | B131 • Innovation District
Fra:1 Mem:45.46M (Peak 45.46M) | Time:00:00.04 | Mem:0.00M, Peak:0.00M | Scene, ViewLayer | Synchronizing object | B132 • Innovation District
Fra:1 Mem:45.68M (Peak 45.68M) | Time:00:00.04 | Mem:0.00M, Peak:0.00M | Scene, ViewLayer | Synchronizing object | route
Fra:1 Mem:45.68M (Peak 45.68M) | Time:00:00.04 | Mem:0.00M, Peak:0.00M | Scene, ViewLayer | Synchronizing object | B134 • Innovation District
Fra:1 Mem:45.72M (Peak 45.72M) | Time:00:00.04 | Mem:0.00M, Peak:0.00M | Scene, ViewLayer | Synchronizing object | B135 • Innovation District
Fra:1 Mem:45.90M (Peak 45.90M) | Time:00:00.04 | Mem:0.00M, Peak:0.00M | Scene, ViewLayer | Synchronizing object | B136 • Innovation District
Fra:1 Mem:45.92M (Peak 45.92M) | Time:00:00.04 | Mem:0.00M, Peak:0.00M | Scene, ViewLayer | Synchronizing object | B137 • Innovation District
Fra:1 Mem:45.98M (Peak 45.98M) | Time:00:00.04 | Mem:0.00M, Peak:0.00M | Scene, ViewLayer | Synchronizing object | B138 • Innovation District
Fra:1 Mem:46.15M (Peak 46.15M) | Time:00:00.04 | Mem:0.00M, Peak:0.00M | Scene, ViewLayer | Synchronizing object | B139 • Garden Quarter
Fra:1 Mem:46.17M (Peak 46.17M) | Time:00:00.04 | Mem:0.00M, Peak:0.00M | Scene, ViewLayer | Synchronizing object | B141 • Garden Quarter
Fra:1 Mem:46.32M (Peak 46.32M) | Time:00:00.04 | Mem:0.00M, Peak:0.00M | Scene, ViewLayer | Synchronizing object | B142 • Garden Quarter
Fra:1 Mem:46.30M (Peak 46.32M) | Time:00:00.04 | Mem:0.00M, Peak:0.00M | Scene, ViewLayer | Synchronizing object | B143 • Garden Quarter
Fra:1 Mem:46.35M (Peak 46.35M) | Time:00:00.04 | Mem:0.00M, Peak:0.00M | Scene, ViewLayer | Synchronizing object | B144 • Garden Quarter
Fra:1 Mem:46.38M (Peak 46.38M) | Time:00:00.04 | Mem:0.00M, Peak:0.00M | Scene, ViewLayer | Synchronizing object | B146 • Garden Quarter
Fra:1 Mem:46.47M (Peak 46.47M) | Time:00:00.04 | Mem:0.00M, Peak:0.00M | Scene, ViewLayer | Synchronizing object | B147 • Garden Quarter
Fra:1 Mem:46.52M (Peak 46.52M) | Time:00:00.04 | Mem:0.00M, Peak:0.00M | Scene, ViewLayer | Synchronizing object | B148 • Garden Quarter
Fra:1 Mem:46.52M (Peak 46.52M) | Time:00:00.04 | Mem:0.00M, Peak:0.00M | Scene, ViewLayer | Synchronizing object | B149 • Garden Quarter
Fra:1 Mem:46.60M (Peak 46.60M) | Time:00:00.04 | Mem:0.00M, Peak:0.00M | Scene, ViewLayer | Synchronizing object | B150 • Garden Quarter
Fra:1 Mem:46.62M (Peak 46.62M) | Time:00:00.04 | Mem:0.00M, Peak:0.00M | Scene, ViewLayer | Synchronizing object | B151 • Innovation District
Fra:1 Mem:46.73M (Peak 46.73M) | Time:00:00.04 | Mem:0.00M, Peak:0.00M | Scene, ViewLayer | Synchronizing object | B152 • Innovation District
Fra:1 Mem:46.84M (Peak 46.84M) | Time:00:00.04 | Mem:0.00M, Peak:0.00M | Scene, ViewLayer | Synchronizing object | B153 • Innovation District
Fra:1 Mem:46.92M (Peak 46.92M) | Time:00:00.04 | Mem:0.00M, Peak:0.00M | Scene, ViewLayer | Synchronizing object | B155 • Innovation District
Fra:1 Mem:47.00M (Peak 47.00M) | Time:00:00.04 | Mem:0.00M, Peak:0.00M | Scene, ViewLayer | Synchronizing object | B156 • Innovation District
Fra:1 Mem:47.33M (Peak 47.33M) | Time:00:00.04 | Mem:0.00M, Peak:0.00M | Scene, ViewLayer | Synchronizing object | B157 • Innovation District
Fra:1 Mem:47.37M (Peak 47.37M) | Time:00:00.04 | Mem:0.00M, Peak:0.00M | Scene, ViewLayer | Synchronizing object | B158 • Innovation District
Fra:1 Mem:47.42M (Peak 47.42M) | Time:00:00.04 | Mem:0.00M, Peak:0.00M | Scene, ViewLayer | Synchronizing object | B159 • Innovation District
Fra:1 Mem:47.49M (Peak 47.49M) | Time:00:00.04 | Mem:0.00M, Peak:0.00M | Scene, ViewLayer | Synchronizing object | B160 • Innovation District
Fra:1 Mem:47.54M (Peak 47.54M) | Time:00:00.04 | Mem:0.00M, Peak:0.00M | Scene, ViewLayer | Synchronizing object | B161 • Innovation District
Fra:1 Mem:47.62M (Peak 47.62M) | Time:00:00.04 | Mem:0.00M, Peak:0.00M | Scene, ViewLayer | Synchronizing object | B162 • Innovation District
Fra:1 Mem:47.61M (Peak 47.62M) | Time:00:00.04 | Mem:0.00M, Peak:0.00M | Scene, ViewLayer | Synchronizing object | B163 • Innovation District
Fra:1 Mem:47.73M (Peak 47.73M) | Time:00:00.04 | Mem:0.00M, Peak:0.00M | Scene, ViewLayer | Synchronizing object | B164 • Innovation District
Fra:1 Mem:47.96M (Peak 47.96M) | Time:00:00.04 | Mem:0.00M, Peak:0.00M | Scene, ViewLayer | Synchronizing object | B165 • Innovation District
Fra:1 Mem:47.96M (Peak 47.96M) | Time:00:00.04 | Mem:0.00M, Peak:0.00M | Scene, ViewLayer | Synchronizing object | B167 • Innovation District
Fra:1 Mem:48.25M (Peak 48.25M) | Time:00:00.04 | Mem:0.00M, Peak:0.00M | Scene, ViewLayer | Synchronizing object | B168 • Innovation District
Fra:1 Mem:48.27M (Peak 48.27M) | Time:00:00.04 | Mem:0.00M, Peak:0.00M | Scene, ViewLayer | Synchronizing object | B169 • Garden Quarter
Fra:1 Mem:48.29M (Peak 48.29M) | Time:00:00.04 | Mem:0.00M, Peak:0.00M | Scene, ViewLayer | Synchronizing object | B171 • Garden Quarter
Fra:1 Mem:48.34M (Peak 48.34M) | Time:00:00.04 | Mem:0.00M, Peak:0.00M | Scene, ViewLayer | Synchronizing object | B172 • Garden Quarter
Fra:1 Mem:48.48M (Peak 48.48M) | Time:00:00.04 | Mem:0.00M, Peak:0.00M | Scene, ViewLayer | Synchronizing object | B173 • Garden Quarter
Fra:1 Mem:48.47M (Peak 48.48M) | Time:00:00.04 | Mem:0.00M, Peak:0.00M | Scene, ViewLayer | Synchronizing object | B174 • Garden Quarter
Fra:1 Mem:48.53M (Peak 48.53M) | Time:00:00.04 | Mem:0.00M, Peak:0.00M | Scene, ViewLayer | Synchronizing object | B175 • Garden Quarter
Fra:1 Mem:48.56M (Peak 48.56M) | Time:00:00.04 | Mem:0.00M, Peak:0.00M | Scene, ViewLayer | Synchronizing object | B176 • Garden Quarter
Fra:1 Mem:48.60M (Peak 48.60M) | Time:00:00.04 | Mem:0.00M, Peak:0.00M | Scene, ViewLayer | Synchronizing object | B177 • Garden Quarter
Fra:1 Mem:48.65M (Peak 48.65M) | Time:00:00.04 | Mem:0.00M, Peak:0.00M | Scene, ViewLayer | Synchronizing object | B178 • Garden Quarter
Fra:1 Mem:48.67M (Peak 48.67M) | Time:00:00.04 | Mem:0.00M, Peak:0.00M | Scene, ViewLayer | Synchronizing object | B179 • Garden Quarter
Fra:1 Mem:48.70M (Peak 48.70M) | Time:00:00.04 | Mem:0.00M, Peak:0.00M | Scene, ViewLayer | Synchronizing object | B180 • Garden Quarter
Fra:1 Mem:48.79M (Peak 48.79M) | Time:00:00.04 | Mem:0.00M, Peak:0.00M | Scene, ViewLayer | Synchronizing object | B181 • Garden Quarter
Fra:1 Mem:48.81M (Peak 48.81M) | Time:00:00.04 | Mem:0.00M, Peak:0.00M | Scene, ViewLayer | Synchronizing object | B182 • Garden Quarter
Fra:1 Mem:48.88M (Peak 48.88M) | Time:00:00.04 | Mem:0.00M, Peak:0.00M | Scene, ViewLayer | Synchronizing object | B183 • Garden Quarter
Fra:1 Mem:48.90M (Peak 48.90M) | Time:00:00.04 | Mem:0.00M, Peak:0.00M | Scene, ViewLayer | Synchronizing object | B185 • Garden Quarter
Fra:1 Mem:48.94M (Peak 48.94M) | Time:00:00.04 | Mem:0.00M, Peak:0.00M | Scene, ViewLayer | Synchronizing object | B186 • Garden Quarter
Fra:1 Mem:49.12M (Peak 49.12M) | Time:00:00.04 | Mem:0.00M, Peak:0.00M | Scene, ViewLayer | Synchronizing object | B190 • Innovation District
Fra:1 Mem:49.23M (Peak 49.22M) | Time:00:00.04 | Mem:0.00M, Peak:0.00M | Scene, ViewLayer | Synchronizing object | B191 • Innovation District
Fra:1 Mem:49.39M (Peak 49.39M) | Time:00:00.04 | Mem:0.00M, Peak:0.00M | Scene, ViewLayer | Synchronizing object | B192 • Innovation District
Fra:1 Mem:49.58M (Peak 49.58M) | Time:00:00.04 | Mem:0.00M, Peak:0.00M | Scene, ViewLayer | Synchronizing object | B193 • Innovation District
Fra:1 Mem:49.71M (Peak 49.71M) | Time:00:00.04 | Mem:0.00M, Peak:0.00M | Scene, ViewLayer | Synchronizing object | B194 • Innovation District
Fra:1 Mem:49.80M (Peak 49.80M) | Time:00:00.04 | Mem:0.00M, Peak:0.00M | Scene, ViewLayer | Synchronizing object | B195 • Innovation District
Fra:1 Mem:49.77M (Peak 49.80M) | Time:00:00.04 | Mem:0.00M, Peak:0.00M | Scene, ViewLayer | Synchronizing object | B197 • Innovation District
Fra:1 Mem:49.81M (Peak 49.81M) | Time:00:00.04 | Mem:0.00M, Peak:0.00M | Scene, ViewLayer | Synchronizing object | B199 • Innovation District
Fra:1 Mem:50.24M (Peak 50.24M) | Time:00:00.04 | Mem:0.00M, Peak:0.00M | Scene, ViewLayer | Synchronizing object | Tree_00_00
Fra:1 Mem:50.17M (Peak 50.24M) | Time:00:00.04 | Mem:0.00M, Peak:0.00M | Scene, ViewLayer | Synchronizing object | B200 • Innovation District
Fra:1 Mem:50.19M (Peak 50.24M) | Time:00:00.04 | Mem:0.00M, Peak:0.00M | Scene, ViewLayer | Synchronizing object | B203 • Innovation District
Fra:1 Mem:50.23M (Peak 50.24M) | Time:00:00.04 | Mem:0.00M, Peak:0.00M | Scene, ViewLayer | Synchronizing object | B204 • Innovation District
Fra:1 Mem:50.58M (Peak 50.58M) | Time:00:00.04 | Mem:0.00M, Peak:0.00M | Scene, ViewLayer | Initializing
Fra:1 Mem:38.24M (Peak 50.58M) | Time:00:00.04 | Mem:0.00M, Peak:0.00M | Scene, ViewLayer | Waiting for render to start
Fra:1 Mem:38.24M (Peak 50.58M) | Time:00:00.04 | Mem:0.00M, Peak:0.00M | Scene, ViewLayer | Updating Scene
Fra:1 Mem:38.24M (Peak 50.58M) | Time:00:00.04 | Mem:0.00M, Peak:0.00M | Scene, ViewLayer | Updating Shaders
Fra:1 Mem:38.24M (Peak 50.58M) | Time:00:00.04 | Mem:0.00M, Peak:0.00M | Scene, ViewLayer | Loading render kernels (may take a few minutes the first time)
Fra:1 Mem:38.34M (Peak 50.58M) | Time:00:00.04 | Mem:0.01M, Peak:0.01M | Scene, ViewLayer | Updating Procedurals
Fra:1 Mem:38.34M (Peak 50.58M) | Time:00:00.04 | Mem:0.01M, Peak:0.01M | Scene, ViewLayer | Updating Background
Fra:1 Mem:38.34M (Peak 50.58M) | Time:00:00.04 | Mem:0.01M, Peak:0.01M | Scene, ViewLayer | Updating Camera
Fra:1 Mem:38.34M (Peak 50.58M) | Time:00:00.04 | Mem:0.01M, Peak:0.01M | Scene, ViewLayer | Updating Meshes Flags
Fra:1 Mem:38.34M (Peak 50.58M) | Time:00:00.04 | Mem:0.01M, Peak:0.01M | Scene, ViewLayer | Updating Objects
Fra:1 Mem:38.34M (Peak 50.58M) | Time:00:00.04 | Mem:0.01M, Peak:0.01M | Scene, ViewLayer | Updating Objects | Copying Transformations to device
Fra:1 Mem:38.46M (Peak 50.58M) | Time:00:00.04 | Mem:0.13M, Peak:0.13M | Scene, ViewLayer | Updating Particle Systems
Fra:1 Mem:38.46M (Peak 50.58M) | Time:00:00.04 | Mem:0.13M, Peak:0.13M | Scene, ViewLayer | Updating Particle Systems | Copying Particles to device
Fra:1 Mem:38.46M (Peak 50.58M) | Time:00:00.04 | Mem:0.13M, Peak:0.13M | Scene, ViewLayer | Updating Meshes
Fra:1 Mem:38.46M (Peak 50.58M) | Time:00:00.04 | Mem:0.13M, Peak:0.13M | Scene, ViewLayer | Updating Objects | Applying Static Transformations
Fra:1 Mem:38.46M (Peak 50.58M) | Time:00:00.05 | Mem:0.13M, Peak:0.13M | Scene, ViewLayer | Updating Mesh | Computing attributes
Fra:1 Mem:40.93M (Peak 50.58M) | Time:00:00.05 | Mem:0.15M, Peak:0.15M | Scene, ViewLayer | Updating Mesh | Copying Attributes to device
Fra:1 Mem:40.88M (Peak 50.58M) | Time:00:00.05 | Mem:2.55M, Peak:2.55M | Scene, ViewLayer | Updating Geometry BVH Shared streetlight assembly 3/2 | Building BVH
Fra:1 Mem:40.88M (Peak 50.58M) | Time:00:00.05 | Mem:2.55M, Peak:2.55M | Scene, ViewLayer | Updating Geometry BVH Shared streetlight assembly 3/2 | Building BVH 0%
Fra:1 Mem:40.88M (Peak 50.58M) | Time:00:00.05 | Mem:2.55M, Peak:2.55M | Scene, ViewLayer | Updating Geometry BVH Shared tree • trunk and crown joined 2/2 | Building BVH
Fra:1 Mem:40.88M (Peak 50.58M) | Time:00:00.05 | Mem:2.56M, Peak:2.56M | Scene, ViewLayer | Updating Scene BVH | Building
Fra:1 Mem:40.88M (Peak 50.58M) | Time:00:00.05 | Mem:2.56M, Peak:2.56M | Scene, ViewLayer | Updating Scene BVH | Building BVH
Fra:1 Mem:40.88M (Peak 50.58M) | Time:00:00.07 | Mem:20.27M, Peak:27.96M | Scene, ViewLayer | Updating Scene BVH | Copying BVH to device
Fra:1 Mem:40.88M (Peak 50.58M) | Time:00:00.07 | Mem:20.27M, Peak:27.96M | Scene, ViewLayer | Updating Mesh | Computing normals
Fra:1 Mem:49.51M (Peak 50.58M) | Time:00:00.08 | Mem:20.27M, Peak:27.96M | Scene, ViewLayer | Updating Mesh | Copying Mesh to device
Fra:1 Mem:49.51M (Peak 50.58M) | Time:00:00.08 | Mem:28.90M, Peak:28.90M | Scene, ViewLayer | Updating Objects Flags
Fra:1 Mem:49.51M (Peak 50.58M) | Time:00:00.08 | Mem:28.91M, Peak:28.91M | Scene, ViewLayer | Updating Primitive Offsets
Fra:1 Mem:49.52M (Peak 50.58M) | Time:00:00.08 | Mem:28.91M, Peak:28.91M | Scene, ViewLayer | Updating Images
Fra:1 Mem:49.52M (Peak 50.58M) | Time:00:00.08 | Mem:28.91M, Peak:28.91M | Scene, ViewLayer | Updating Camera Volume
Fra:1 Mem:49.52M (Peak 50.58M) | Time:00:00.08 | Mem:28.91M, Peak:28.91M | Scene, ViewLayer | Updating Lookup Tables
Fra:1 Mem:49.52M (Peak 50.58M) | Time:00:00.08 | Mem:28.99M, Peak:28.99M | Scene, ViewLayer | Updating Lights
Fra:1 Mem:49.52M (Peak 50.58M) | Time:00:00.08 | Mem:28.99M, Peak:28.99M | Scene, ViewLayer | Updating Lights | Computing tree
Fra:1 Mem:49.54M (Peak 50.58M) | Time:00:00.08 | Mem:29.01M, Peak:29.01M | Scene, ViewLayer | Updating Integrator
Fra:1 Mem:49.54M (Peak 50.58M) | Time:00:00.08 | Mem:29.01M, Peak:29.01M | Scene, ViewLayer | Updating Film
Fra:1 Mem:49.54M (Peak 50.58M) | Time:00:00.08 | Mem:28.93M, Peak:29.01M | Scene, ViewLayer | Updating Lookup Tables
Fra:1 Mem:49.54M (Peak 50.58M) | Time:00:00.08 | Mem:29.02M, Peak:29.02M | Scene, ViewLayer | Updating Baking
Fra:1 Mem:49.54M (Peak 50.58M) | Time:00:00.08 | Mem:29.02M, Peak:29.02M | Scene, ViewLayer | Updating Device | Writing constant memory
Fra:1 Mem:49.55M (Peak 50.58M) | Time:00:00.08 | Mem:29.02M, Peak:29.02M | Scene, ViewLayer | Loading denoising kernels (may take a few minutes the first time)
Fra:1 Mem:49.55M (Peak 50.58M) | Time:00:00.08 | Mem:29.02M, Peak:29.02M | Scene, ViewLayer | Sample 0/32
Fra:1 Mem:154.00M (Peak 154.00M) | Time:00:01.09 | Remaining:00:31.40 | Mem:133.39M, Peak:133.39M | Scene, ViewLayer | Sample 1/32
Fra:1 Mem:197.95M (Peak 263.87M) | Time:00:41.19 | Mem:133.39M, Peak:133.39M | Scene, ViewLayer | Sample 32/32
Fra:1 Mem:197.95M (Peak 263.87M) | Time:00:41.19 | Mem:133.39M, Peak:133.39M | Scene, ViewLayer | Finished
Saved: '/home/naresh/Documents/nareshpane.github.io/research/gpt-6-astra-blender/renders/route.png'
Time: 00:41.36 (Saving: 00:00.16)

Read blend: "/home/naresh/Documents/nareshpane.github.io/research/gpt-6-astra-blender/blender/city_master.blend"
Fra:1 Mem:35.85M (Peak 35.85M) | Time:00:00.03 | Mem:0.00M, Peak:0.00M | Scene, ViewLayer | Synchronizing object | City foundation
Fra:1 Mem:35.85M (Peak 35.85M) | Time:00:00.03 | Mem:0.00M, Peak:0.00M | Scene, ViewLayer | Synchronizing object | River retaining walls
Fra:1 Mem:35.85M (Peak 35.85M) | Time:00:00.03 | Mem:0.00M, Peak:0.00M | Scene, ViewLayer | Synchronizing object | Park_5-1
Fra:1 Mem:35.86M (Peak 35.86M) | Time:00:00.03 | Mem:0.00M, Peak:0.00M | Scene, ViewLayer | Synchronizing object | Park_0-4
Fra:1 Mem:35.86M (Peak 35.86M) | Time:00:00.03 | Mem:0.00M, Peak:0.00M | Scene, ViewLayer | Synchronizing object | Road_1-9
Fra:1 Mem:35.86M (Peak 35.86M) | Time:00:00.03 | Mem:0.00M, Peak:0.00M | Scene, ViewLayer | Synchronizing object | Road_1-2
Fra:1 Mem:35.86M (Peak 35.86M) | Time:00:00.03 | Mem:0.00M, Peak:0.00M | Scene, ViewLayer | Synchronizing object | Road_2-10
Fra:1 Mem:35.87M (Peak 35.87M) | Time:00:00.03 | Mem:0.00M, Peak:0.00M | Scene, ViewLayer | Synchronizing object | Road_2-3
Fra:1 Mem:35.87M (Peak 35.87M) | Time:00:00.03 | Mem:0.00M, Peak:0.00M | Scene, ViewLayer | Synchronizing object | Road_3-11
Fra:1 Mem:35.87M (Peak 35.87M) | Time:00:00.03 | Mem:0.00M, Peak:0.00M | Scene, ViewLayer | Synchronizing object | Road_4-12
Fra:1 Mem:35.87M (Peak 35.87M) | Time:00:00.03 | Mem:0.00M, Peak:0.00M | Scene, ViewLayer | Synchronizing object | Road_4-5
Fra:1 Mem:35.87M (Peak 35.87M) | Time:00:00.03 | Mem:0.00M, Peak:0.00M | Scene, ViewLayer | Synchronizing object | Road_5-13
Fra:1 Mem:35.87M (Peak 35.87M) | Time:00:00.03 | Mem:0.00M, Peak:0.00M | Scene, ViewLayer | Synchronizing object | Road_5-6
Fra:1 Mem:35.87M (Peak 35.87M) | Time:00:00.03 | Mem:0.00M, Peak:0.00M | Scene, ViewLayer | Synchronizing object | Road_6-14
Fra:1 Mem:35.87M (Peak 35.87M) | Time:00:00.03 | Mem:0.00M, Peak:0.00M | Scene, ViewLayer | Synchronizing object | Road_6-7
Fra:1 Mem:35.88M (Peak 35.88M) | Time:00:00.03 | Mem:0.00M, Peak:0.00M | Scene, ViewLayer | Synchronizing object | Road_7-15
Fra:1 Mem:35.88M (Peak 35.88M) | Time:00:00.03 | Mem:0.00M, Peak:0.00M | Scene, ViewLayer | Synchronizing object | Road_8-16
Fra:1 Mem:35.88M (Peak 35.88M) | Time:00:00.03 | Mem:0.00M, Peak:0.00M | Scene, ViewLayer | Synchronizing object | Road_9-10
Fra:1 Mem:35.88M (Peak 35.88M) | Time:00:00.03 | Mem:0.00M, Peak:0.00M | Scene, ViewLayer | Synchronizing object | Road_10-18
Fra:1 Mem:35.88M (Peak 35.88M) | Time:00:00.03 | Mem:0.00M, Peak:0.00M | Scene, ViewLayer | Synchronizing object | Road_10-11
Fra:1 Mem:35.88M (Peak 35.88M) | Time:00:00.03 | Mem:0.00M, Peak:0.00M | Scene, ViewLayer | Synchronizing object | Road_11-19
Fra:1 Mem:35.89M (Peak 35.89M) | Time:00:00.03 | Mem:0.00M, Peak:0.00M | Scene, ViewLayer | Synchronizing object | Road_11-12
Fra:1 Mem:35.89M (Peak 35.89M) | Time:00:00.03 | Mem:0.00M, Peak:0.00M | Scene, ViewLayer | Synchronizing object | BridgeRail_11-12
Fra:1 Mem:35.90M (Peak 35.90M) | Time:00:00.03 | Mem:0.00M, Peak:0.00M | Scene, ViewLayer | Synchronizing object | Road_12-20
Fra:1 Mem:35.90M (Peak 35.90M) | Time:00:00.03 | Mem:0.00M, Peak:0.00M | Scene, ViewLayer | Synchronizing object | Road_12-13
Fra:1 Mem:35.91M (Peak 35.91M) | Time:00:00.03 | Mem:0.00M, Peak:0.00M | Scene, ViewLayer | Synchronizing object | Road_13-21
Fra:1 Mem:35.91M (Peak 35.91M) | Time:00:00.03 | Mem:0.00M, Peak:0.00M | Scene, ViewLayer | Synchronizing object | Road_13-14
Fra:1 Mem:35.91M (Peak 35.91M) | Time:00:00.03 | Mem:0.00M, Peak:0.00M | Scene, ViewLayer | Synchronizing object | Road_14-22
Fra:1 Mem:35.91M (Peak 35.91M) | Time:00:00.03 | Mem:0.00M, Peak:0.00M | Scene, ViewLayer | Synchronizing object | Road_16-24
Fra:1 Mem:35.91M (Peak 35.91M) | Time:00:00.03 | Mem:0.00M, Peak:0.00M | Scene, ViewLayer | Synchronizing object | Road_16-17
Fra:1 Mem:35.91M (Peak 35.91M) | Time:00:00.03 | Mem:0.00M, Peak:0.00M | Scene, ViewLayer | Synchronizing object | Road_17-25
Fra:1 Mem:35.91M (Peak 35.91M) | Time:00:00.03 | Mem:0.00M, Peak:0.00M | Scene, ViewLayer | Synchronizing object | Road_17-18
Fra:1 Mem:35.91M (Peak 35.91M) | Time:00:00.03 | Mem:0.00M, Peak:0.00M | Scene, ViewLayer | Synchronizing object | Road_18-26
Fra:1 Mem:35.92M (Peak 35.92M) | Time:00:00.03 | Mem:0.00M, Peak:0.00M | Scene, ViewLayer | Synchronizing object | Road_18-19
Fra:1 Mem:35.92M (Peak 35.92M) | Time:00:00.03 | Mem:0.00M, Peak:0.00M | Scene, ViewLayer | Synchronizing object | Road_19-27
Fra:1 Mem:35.92M (Peak 35.92M) | Time:00:00.03 | Mem:0.00M, Peak:0.00M | Scene, ViewLayer | Synchronizing object | Road_20-21
Fra:1 Mem:35.92M (Peak 35.92M) | Time:00:00.03 | Mem:0.00M, Peak:0.00M | Scene, ViewLayer | Synchronizing object | Road_21-29
Fra:1 Mem:35.92M (Peak 35.92M) | Time:00:00.03 | Mem:0.00M, Peak:0.00M | Scene, ViewLayer | Synchronizing object | Road_21-22
Fra:1 Mem:35.92M (Peak 35.92M) | Time:00:00.03 | Mem:0.00M, Peak:0.00M | Scene, ViewLayer | Synchronizing object | Road_22-30
Fra:1 Mem:35.92M (Peak 35.92M) | Time:00:00.03 | Mem:0.00M, Peak:0.00M | Scene, ViewLayer | Synchronizing object | Road_22-23
Fra:1 Mem:35.93M (Peak 35.93M) | Time:00:00.03 | Mem:0.00M, Peak:0.00M | Scene, ViewLayer | Synchronizing object | Road_23-31
Fra:1 Mem:35.93M (Peak 35.93M) | Time:00:00.03 | Mem:0.00M, Peak:0.00M | Scene, ViewLayer | Synchronizing object | Road_24-32
Fra:1 Mem:35.93M (Peak 35.93M) | Time:00:00.03 | Mem:0.00M, Peak:0.00M | Scene, ViewLayer | Synchronizing object | Road_24-25
Fra:1 Mem:35.93M (Peak 35.93M) | Time:00:00.03 | Mem:0.00M, Peak:0.00M | Scene, ViewLayer | Synchronizing object | Road_25-33
Fra:1 Mem:35.93M (Peak 35.93M) | Time:00:00.03 | Mem:0.00M, Peak:0.00M | Scene, ViewLayer | Synchronizing object | Road_25-26
Fra:1 Mem:35.93M (Peak 35.93M) | Time:00:00.03 | Mem:0.00M, Peak:0.00M | Scene, ViewLayer | Synchronizing object | Road_27-35
Fra:1 Mem:35.94M (Peak 35.94M) | Time:00:00.03 | Mem:0.00M, Peak:0.00M | Scene, ViewLayer | Synchronizing object | Road_28-36
Fra:1 Mem:35.94M (Peak 35.94M) | Time:00:00.03 | Mem:0.00M, Peak:0.00M | Scene, ViewLayer | Synchronizing object | Road_28-29
Fra:1 Mem:35.94M (Peak 35.94M) | Time:00:00.03 | Mem:0.00M, Peak:0.00M | Scene, ViewLayer | Synchronizing object | Road_29-37
Fra:1 Mem:35.94M (Peak 35.94M) | Time:00:00.03 | Mem:0.00M, Peak:0.00M | Scene, ViewLayer | Synchronizing object | Road_30-38
Fra:1 Mem:35.94M (Peak 35.94M) | Time:00:00.03 | Mem:0.00M, Peak:0.00M | Scene, ViewLayer | Synchronizing object | Road_30-31
Fra:1 Mem:35.94M (Peak 35.94M) | Time:00:00.03 | Mem:0.00M, Peak:0.00M | Scene, ViewLayer | Synchronizing object | Road_31-39
Fra:1 Mem:35.94M (Peak 35.94M) | Time:00:00.03 | Mem:0.00M, Peak:0.00M | Scene, ViewLayer | Synchronizing object | Road_32-40
Fra:1 Mem:35.95M (Peak 35.95M) | Time:00:00.03 | Mem:0.00M, Peak:0.00M | Scene, ViewLayer | Synchronizing object | Road_32-33
Fra:1 Mem:35.95M (Peak 35.95M) | Time:00:00.03 | Mem:0.00M, Peak:0.00M | Scene, ViewLayer | Synchronizing object | Road_33-41
Fra:1 Mem:35.95M (Peak 35.95M) | Time:00:00.03 | Mem:0.00M, Peak:0.00M | Scene, ViewLayer | Synchronizing object | Road_33-34
Fra:1 Mem:35.95M (Peak 35.95M) | Time:00:00.03 | Mem:0.00M, Peak:0.00M | Scene, ViewLayer | Synchronizing object | Road_34-42
Fra:1 Mem:35.95M (Peak 35.95M) | Time:00:00.03 | Mem:0.00M, Peak:0.00M | Scene, ViewLayer | Synchronizing object | Road_34-35
Fra:1 Mem:35.95M (Peak 35.95M) | Time:00:00.03 | Mem:0.00M, Peak:0.00M | Scene, ViewLayer | Synchronizing object | Road_36-44
Fra:1 Mem:35.95M (Peak 35.95M) | Time:00:00.03 | Mem:0.00M, Peak:0.00M | Scene, ViewLayer | Synchronizing object | Road_36-37
Fra:1 Mem:35.96M (Peak 35.96M) | Time:00:00.03 | Mem:0.00M, Peak:0.00M | Scene, ViewLayer | Synchronizing object | Road_37-45
Fra:1 Mem:35.96M (Peak 35.96M) | Time:00:00.03 | Mem:0.00M, Peak:0.00M | Scene, ViewLayer | Synchronizing object | Road_37-38
Fra:1 Mem:35.96M (Peak 35.96M) | Time:00:00.03 | Mem:0.00M, Peak:0.00M | Scene, ViewLayer | Synchronizing object | Road_38-46
Fra:1 Mem:35.96M (Peak 35.96M) | Time:00:00.03 | Mem:0.00M, Peak:0.00M | Scene, ViewLayer | Synchronizing object | Road_38-39
Fra:1 Mem:35.96M (Peak 35.96M) | Time:00:00.03 | Mem:0.00M, Peak:0.00M | Scene, ViewLayer | Synchronizing object | Road_40-41
Fra:1 Mem:35.96M (Peak 35.96M) | Time:00:00.03 | Mem:0.00M, Peak:0.00M | Scene, ViewLayer | Synchronizing object | Road_41-49
Fra:1 Mem:35.96M (Peak 35.96M) | Time:00:00.03 | Mem:0.00M, Peak:0.00M | Scene, ViewLayer | Synchronizing object | Road_41-42
Fra:1 Mem:35.97M (Peak 35.97M) | Time:00:00.03 | Mem:0.00M, Peak:0.00M | Scene, ViewLayer | Synchronizing object | Road_42-50
Fra:1 Mem:35.97M (Peak 35.97M) | Time:00:00.03 | Mem:0.00M, Peak:0.00M | Scene, ViewLayer | Synchronizing object | Road_43-51
Fra:1 Mem:35.97M (Peak 35.97M) | Time:00:00.03 | Mem:0.00M, Peak:0.00M | Scene, ViewLayer | Synchronizing object | Road_44-52
Fra:1 Mem:35.97M (Peak 35.97M) | Time:00:00.03 | Mem:0.00M, Peak:0.00M | Scene, ViewLayer | Synchronizing object | Road_44-45
Fra:1 Mem:35.97M (Peak 35.97M) | Time:00:00.03 | Mem:0.00M, Peak:0.00M | Scene, ViewLayer | Synchronizing object | Road_46-54
Fra:1 Mem:35.98M (Peak 35.98M) | Time:00:00.03 | Mem:0.00M, Peak:0.00M | Scene, ViewLayer | Synchronizing object | Road_46-47
Fra:1 Mem:35.98M (Peak 35.98M) | Time:00:00.03 | Mem:0.00M, Peak:0.00M | Scene, ViewLayer | Synchronizing object | Road_47-55
Fra:1 Mem:35.98M (Peak 35.98M) | Time:00:00.03 | Mem:0.00M, Peak:0.00M | Scene, ViewLayer | Synchronizing object | Road_48-49
Fra:1 Mem:35.98M (Peak 35.98M) | Time:00:00.03 | Mem:0.00M, Peak:0.00M | Scene, ViewLayer | Synchronizing object | Road_49-50
Fra:1 Mem:35.98M (Peak 35.98M) | Time:00:00.03 | Mem:0.00M, Peak:0.00M | Scene, ViewLayer | Synchronizing object | Road_50-51
Fra:1 Mem:35.98M (Peak 35.98M) | Time:00:00.03 | Mem:0.00M, Peak:0.00M | Scene, ViewLayer | Synchronizing object | Road_52-53
Fra:1 Mem:35.98M (Peak 35.98M) | Time:00:00.03 | Mem:0.00M, Peak:0.00M | Scene, ViewLayer | Synchronizing object | Road_53-54
Fra:1 Mem:35.98M (Peak 35.98M) | Time:00:00.03 | Mem:0.00M, Peak:0.00M | Scene, ViewLayer | Synchronizing object | Road_54-55
Fra:1 Mem:35.99M (Peak 35.99M) | Time:00:00.03 | Mem:0.00M, Peak:0.00M | Scene, ViewLayer | Synchronizing object | All block sidewalks
Fra:1 Mem:35.99M (Peak 35.99M) | Time:00:00.03 | Mem:0.00M, Peak:0.00M | Scene, ViewLayer | Synchronizing object | All lane dashes and crossings
Fra:1 Mem:36.01M (Peak 36.01M) | Time:00:00.03 | Mem:0.00M, Peak:0.00M | Scene, ViewLayer | Synchronizing object | B002 • Old Quay
Fra:1 Mem:36.07M (Peak 36.07M) | Time:00:00.03 | Mem:0.00M, Peak:0.00M | Scene, ViewLayer | Synchronizing object | B003 • Old Quay
Fra:1 Mem:36.14M (Peak 36.14M) | Time:00:00.03 | Mem:0.00M, Peak:0.00M | Scene, ViewLayer | Synchronizing object | B004 • Old Quay
Fra:1 Mem:36.18M (Peak 36.18M) | Time:00:00.03 | Mem:0.00M, Peak:0.00M | Scene, ViewLayer | Synchronizing object | B005 • Old Quay
Fra:1 Mem:36.22M (Peak 36.22M) | Time:00:00.03 | Mem:0.00M, Peak:0.00M | Scene, ViewLayer | Synchronizing object | B006 • Old Quay
Fra:1 Mem:36.25M (Peak 36.25M) | Time:00:00.03 | Mem:0.00M, Peak:0.00M | Scene, ViewLayer | Synchronizing object | B007 • Old Quay
Fra:1 Mem:36.42M (Peak 36.42M) | Time:00:00.03 | Mem:0.00M, Peak:0.00M | Scene, ViewLayer | Synchronizing object | B008 • Old Quay
Fra:1 Mem:36.44M (Peak 36.44M) | Time:00:00.03 | Mem:0.00M, Peak:0.00M | Scene, ViewLayer | Synchronizing object | B009 • Old Quay
Fra:1 Mem:36.50M (Peak 36.50M) | Time:00:00.03 | Mem:0.00M, Peak:0.00M | Scene, ViewLayer | Synchronizing object | B010 • Old Quay
Fra:1 Mem:36.87M (Peak 36.87M) | Time:00:00.03 | Mem:0.00M, Peak:0.00M | Scene, ViewLayer | Synchronizing object | B011 • Old Quay
Fra:1 Mem:37.03M (Peak 37.03M) | Time:00:00.03 | Mem:0.00M, Peak:0.00M | Scene, ViewLayer | Synchronizing object | B012 • Old Quay
Fra:1 Mem:37.22M (Peak 37.22M) | Time:00:00.03 | Mem:0.00M, Peak:0.00M | Scene, ViewLayer | Synchronizing object | B013 • Old Quay
Fra:1 Mem:37.26M (Peak 37.26M) | Time:00:00.03 | Mem:0.00M, Peak:0.00M | Scene, ViewLayer | Synchronizing object | B014 • Old Quay
Fra:1 Mem:37.33M (Peak 37.33M) | Time:00:00.03 | Mem:0.00M, Peak:0.00M | Scene, ViewLayer | Synchronizing object | B015 • Old Quay
Fra:1 Mem:37.36M (Peak 37.36M) | Time:00:00.03 | Mem:0.00M, Peak:0.00M | Scene, ViewLayer | Synchronizing object | B016 • Old Quay
Fra:1 Mem:37.36M (Peak 37.36M) | Time:00:00.03 | Mem:0.00M, Peak:0.00M | Scene, ViewLayer | Synchronizing object | B017 • Old Quay
Fra:1 Mem:37.57M (Peak 37.57M) | Time:00:00.03 | Mem:0.00M, Peak:0.00M | Scene, ViewLayer | Synchronizing object | B018 • Old Quay
Fra:1 Mem:37.60M (Peak 37.60M) | Time:00:00.03 | Mem:0.00M, Peak:0.00M | Scene, ViewLayer | Synchronizing object | B019 • Civic Terrace
Fra:1 Mem:37.66M (Peak 37.66M) | Time:00:00.03 | Mem:0.00M, Peak:0.00M | Scene, ViewLayer | Synchronizing object | B020 • Civic Terrace
Fra:1 Mem:37.84M (Peak 37.84M) | Time:00:00.03 | Mem:0.00M, Peak:0.00M | Scene, ViewLayer | Synchronizing object | B021 • Civic Terrace
Fra:1 Mem:37.96M (Peak 37.96M) | Time:00:00.03 | Mem:0.00M, Peak:0.00M | Scene, ViewLayer | Synchronizing object | B022 • Civic Terrace
Fra:1 Mem:38.04M (Peak 38.04M) | Time:00:00.03 | Mem:0.00M, Peak:0.00M | Scene, ViewLayer | Synchronizing object | B023 • Civic Terrace
Fra:1 Mem:38.13M (Peak 38.13M) | Time:00:00.03 | Mem:0.00M, Peak:0.00M | Scene, ViewLayer | Synchronizing object | B024 • Civic Terrace
Fra:1 Mem:38.21M (Peak 38.21M) | Time:00:00.03 | Mem:0.00M, Peak:0.00M | Scene, ViewLayer | Synchronizing object | B025 • Civic Terrace
Fra:1 Mem:38.24M (Peak 38.24M) | Time:00:00.03 | Mem:0.00M, Peak:0.00M | Scene, ViewLayer | Synchronizing object | B026 • Civic Terrace
Fra:1 Mem:38.40M (Peak 38.40M) | Time:00:00.03 | Mem:0.00M, Peak:0.00M | Scene, ViewLayer | Synchronizing object | B027 • Civic Terrace
Fra:1 Mem:38.55M (Peak 38.55M) | Time:00:00.03 | Mem:0.00M, Peak:0.00M | Scene, ViewLayer | Synchronizing object | B028 • Civic Terrace
Fra:1 Mem:38.60M (Peak 38.60M) | Time:00:00.03 | Mem:0.00M, Peak:0.00M | Scene, ViewLayer | Synchronizing object | B029 • Civic Terrace
Fra:1 Mem:38.69M (Peak 38.69M) | Time:00:00.03 | Mem:0.00M, Peak:0.00M | Scene, ViewLayer | Synchronizing object | B030 • Civic Terrace
Fra:1 Mem:38.75M (Peak 38.75M) | Time:00:00.03 | Mem:0.00M, Peak:0.00M | Scene, ViewLayer | Synchronizing object | B031 • Civic Terrace
Fra:1 Mem:38.84M (Peak 38.84M) | Time:00:00.03 | Mem:0.00M, Peak:0.00M | Scene, ViewLayer | Synchronizing object | B032 • Civic Terrace
Fra:1 Mem:38.96M (Peak 38.96M) | Time:00:00.03 | Mem:0.00M, Peak:0.00M | Scene, ViewLayer | Synchronizing object | B033 • Civic Terrace
Fra:1 Mem:39.14M (Peak 39.14M) | Time:00:00.03 | Mem:0.00M, Peak:0.00M | Scene, ViewLayer | Synchronizing object | B034 • Civic Terrace
Fra:1 Mem:39.19M (Peak 39.19M) | Time:00:00.03 | Mem:0.00M, Peak:0.00M | Scene, ViewLayer | Synchronizing object | B036 • Civic Terrace
Fra:1 Mem:39.45M (Peak 39.45M) | Time:00:00.03 | Mem:0.00M, Peak:0.00M | Scene, ViewLayer | Synchronizing object | B037 • Old Quay
Fra:1 Mem:39.43M (Peak 39.45M) | Time:00:00.03 | Mem:0.00M, Peak:0.00M | Scene, ViewLayer | Synchronizing object | B038 • Old Quay
Fra:1 Mem:39.66M (Peak 39.66M) | Time:00:00.03 | Mem:0.00M, Peak:0.00M | Scene, ViewLayer | Synchronizing object | B039 • Old Quay
Fra:1 Mem:39.66M (Peak 39.66M) | Time:00:00.03 | Mem:0.00M, Peak:0.00M | Scene, ViewLayer | Synchronizing object | B040 • Old Quay
Fra:1 Mem:39.72M (Peak 39.72M) | Time:00:00.03 | Mem:0.00M, Peak:0.00M | Scene, ViewLayer | Synchronizing object | B041 • Old Quay
Fra:1 Mem:39.75M (Peak 39.75M) | Time:00:00.03 | Mem:0.00M, Peak:0.00M | Scene, ViewLayer | Synchronizing object | B042 • Old Quay
Fra:1 Mem:39.72M (Peak 39.75M) | Time:00:00.03 | Mem:0.00M, Peak:0.00M | Scene, ViewLayer | Synchronizing object | B043 • Old Quay
Fra:1 Mem:39.77M (Peak 39.77M) | Time:00:00.03 | Mem:0.00M, Peak:0.00M | Scene, ViewLayer | Synchronizing object | B044 • Old Quay
Fra:1 Mem:39.84M (Peak 39.84M) | Time:00:00.03 | Mem:0.00M, Peak:0.00M | Scene, ViewLayer | Synchronizing object | B046 • Old Quay
Fra:1 Mem:39.89M (Peak 39.89M) | Time:00:00.03 | Mem:0.00M, Peak:0.00M | Scene, ViewLayer | Synchronizing object | B047 • Old Quay
Fra:1 Mem:39.88M (Peak 39.90M) | Time:00:00.03 | Mem:0.00M, Peak:0.00M | Scene, ViewLayer | Synchronizing object | B048 • Old Quay
Fra:1 Mem:39.96M (Peak 39.96M) | Time:00:00.03 | Mem:0.00M, Peak:0.00M | Scene, ViewLayer | Synchronizing object | B049 • Old Quay
Fra:1 Mem:40.01M (Peak 40.01M) | Time:00:00.03 | Mem:0.00M, Peak:0.00M | Scene, ViewLayer | Synchronizing object | B050 • Old Quay
Fra:1 Mem:40.05M (Peak 40.05M) | Time:00:00.03 | Mem:0.00M, Peak:0.00M | Scene, ViewLayer | Synchronizing object | B051 • Old Quay
Fra:1 Mem:40.07M (Peak 40.07M) | Time:00:00.03 | Mem:0.00M, Peak:0.00M | Scene, ViewLayer | Synchronizing object | B052 • Old Quay
Fra:1 Mem:40.14M (Peak 40.14M) | Time:00:00.03 | Mem:0.00M, Peak:0.00M | Scene, ViewLayer | Synchronizing object | B053 • Old Quay
Fra:1 Mem:40.24M (Peak 40.24M) | Time:00:00.03 | Mem:0.00M, Peak:0.00M | Scene, ViewLayer | Synchronizing object | B054 • Old Quay
Fra:1 Mem:40.28M (Peak 40.28M) | Time:00:00.03 | Mem:0.00M, Peak:0.00M | Scene, ViewLayer | Synchronizing object | B055 • Civic Terrace
Fra:1 Mem:40.35M (Peak 40.35M) | Time:00:00.03 | Mem:0.00M, Peak:0.00M | Scene, ViewLayer | Synchronizing object | B056 • Civic Terrace
Fra:1 Mem:40.43M (Peak 40.43M) | Time:00:00.03 | Mem:0.00M, Peak:0.00M | Scene, ViewLayer | Synchronizing object | B058 • Civic Terrace
Fra:1 Mem:40.50M (Peak 40.50M) | Time:00:00.03 | Mem:0.00M, Peak:0.00M | Scene, ViewLayer | Synchronizing object | B059 • Civic Terrace
Fra:1 Mem:40.74M (Peak 40.74M) | Time:00:00.03 | Mem:0.00M, Peak:0.00M | Scene, ViewLayer | Synchronizing object | B060 • Civic Terrace
Fra:1 Mem:40.75M (Peak 40.75M) | Time:00:00.03 | Mem:0.00M, Peak:0.00M | Scene, ViewLayer | Synchronizing object | B061 • Civic Terrace
Fra:1 Mem:40.92M (Peak 40.92M) | Time:00:00.03 | Mem:0.00M, Peak:0.00M | Scene, ViewLayer | Synchronizing object | B062 • Civic Terrace
Fra:1 Mem:40.95M (Peak 40.95M) | Time:00:00.03 | Mem:0.00M, Peak:0.00M | Scene, ViewLayer | Synchronizing object | B063 • Civic Terrace
Fra:1 Mem:41.11M (Peak 41.11M) | Time:00:00.03 | Mem:0.00M, Peak:0.00M | Scene, ViewLayer | Synchronizing object | B064 • Civic Terrace
Fra:1 Mem:41.23M (Peak 41.23M) | Time:00:00.03 | Mem:0.00M, Peak:0.00M | Scene, ViewLayer | Synchronizing object | B065 • Civic Terrace
Fra:1 Mem:41.22M (Peak 41.23M) | Time:00:00.03 | Mem:0.00M, Peak:0.00M | Scene, ViewLayer | Synchronizing object | B066 • Civic Terrace
Fra:1 Mem:41.22M (Peak 41.23M) | Time:00:00.03 | Mem:0.00M, Peak:0.00M | Scene, ViewLayer | Synchronizing object | B067 • Old Quay
Fra:1 Mem:41.28M (Peak 41.28M) | Time:00:00.03 | Mem:0.00M, Peak:0.00M | Scene, ViewLayer | Synchronizing object | B068 • Old Quay
Fra:1 Mem:41.45M (Peak 41.45M) | Time:00:00.03 | Mem:0.00M, Peak:0.00M | Scene, ViewLayer | Synchronizing object | B069 • Old Quay
Fra:1 Mem:41.43M (Peak 41.45M) | Time:00:00.03 | Mem:0.00M, Peak:0.00M | Scene, ViewLayer | Synchronizing object | B071 • Old Quay
Fra:1 Mem:41.54M (Peak 41.54M) | Time:00:00.03 | Mem:0.00M, Peak:0.00M | Scene, ViewLayer | Synchronizing object | B072 • Old Quay
Fra:1 Mem:41.58M (Peak 41.58M) | Time:00:00.03 | Mem:0.00M, Peak:0.00M | Scene, ViewLayer | Synchronizing object | B074 • Old Quay
Fra:1 Mem:41.68M (Peak 41.68M) | Time:00:00.03 | Mem:0.00M, Peak:0.00M | Scene, ViewLayer | Synchronizing object | B075 • Old Quay
Fra:1 Mem:41.67M (Peak 41.68M) | Time:00:00.03 | Mem:0.00M, Peak:0.00M | Scene, ViewLayer | Synchronizing object | B077 • Old Quay
Fra:1 Mem:41.83M (Peak 41.83M) | Time:00:00.03 | Mem:0.00M, Peak:0.00M | Scene, ViewLayer | Synchronizing object | B078 • Old Quay
Fra:1 Mem:41.83M (Peak 41.83M) | Time:00:00.03 | Mem:0.00M, Peak:0.00M | Scene, ViewLayer | Synchronizing object | B080 • Old Quay
Fra:1 Mem:41.93M (Peak 41.93M) | Time:00:00.03 | Mem:0.00M, Peak:0.00M | Scene, ViewLayer | Synchronizing object | B081 • Old Quay
Fra:1 Mem:41.93M (Peak 41.93M) | Time:00:00.03 | Mem:0.00M, Peak:0.00M | Scene, ViewLayer | Synchronizing object | B082 • Old Quay
Fra:1 Mem:42.00M (Peak 42.00M) | Time:00:00.03 | Mem:0.00M, Peak:0.00M | Scene, ViewLayer | Synchronizing object | B083 • Old Quay
Fra:1 Mem:42.06M (Peak 42.06M) | Time:00:00.03 | Mem:0.00M, Peak:0.00M | Scene, ViewLayer | Synchronizing object | B084 • Old Quay
Fra:1 Mem:42.06M (Peak 42.06M) | Time:00:00.03 | Mem:0.00M, Peak:0.00M | Scene, ViewLayer | Synchronizing object | B085 • Civic Terrace
Fra:1 Mem:42.12M (Peak 42.12M) | Time:00:00.03 | Mem:0.00M, Peak:0.00M | Scene, ViewLayer | Synchronizing object | B086 • Civic Terrace
Fra:1 Mem:42.25M (Peak 42.25M) | Time:00:00.03 | Mem:0.00M, Peak:0.00M | Scene, ViewLayer | Synchronizing object | B087 • Civic Terrace
Fra:1 Mem:42.41M (Peak 42.41M) | Time:00:00.03 | Mem:0.00M, Peak:0.00M | Scene, ViewLayer | Synchronizing object | B088 • Civic Terrace
Fra:1 Mem:42.38M (Peak 42.41M) | Time:00:00.03 | Mem:0.00M, Peak:0.00M | Scene, ViewLayer | Synchronizing object | B090 • Civic Terrace
Fra:1 Mem:42.45M (Peak 42.45M) | Time:00:00.03 | Mem:0.00M, Peak:0.00M | Scene, ViewLayer | Synchronizing object | B091 • Civic Terrace
Fra:1 Mem:42.89M (Peak 42.89M) | Time:00:00.03 | Mem:0.00M, Peak:0.00M | Scene, ViewLayer | Synchronizing object | B092 • Civic Terrace
Fra:1 Mem:42.90M (Peak 42.90M) | Time:00:00.03 | Mem:0.00M, Peak:0.00M | Scene, ViewLayer | Synchronizing object | B093 • Civic Terrace
Fra:1 Mem:42.87M (Peak 42.90M) | Time:00:00.03 | Mem:0.00M, Peak:0.00M | Scene, ViewLayer | Synchronizing object | B094 • Civic Terrace
Fra:1 Mem:42.91M (Peak 42.91M) | Time:00:00.03 | Mem:0.00M, Peak:0.00M | Scene, ViewLayer | Synchronizing object | B095 • Civic Terrace
Fra:1 Mem:43.26M (Peak 43.26M) | Time:00:00.03 | Mem:0.00M, Peak:0.00M | Scene, ViewLayer | Synchronizing object | B096 • Civic Terrace
Fra:1 Mem:43.28M (Peak 43.28M) | Time:00:00.03 | Mem:0.00M, Peak:0.00M | Scene, ViewLayer | Synchronizing object | Afternoon sun
Fra:1 Mem:43.25M (Peak 43.28M) | Time:00:00.03 | Mem:0.00M, Peak:0.00M | Scene, ViewLayer | Synchronizing object | B099 • Civic Terrace
Fra:1 Mem:43.25M (Peak 43.28M) | Time:00:00.03 | Mem:0.00M, Peak:0.00M | Scene, ViewLayer | Synchronizing object | Sky fill
Fra:1 Mem:43.52M (Peak 43.52M) | Time:00:00.03 | Mem:0.00M, Peak:0.00M | Scene, ViewLayer | Synchronizing object | B100 • Civic Terrace
Fra:1 Mem:43.53M (Peak 43.53M) | Time:00:00.03 | Mem:0.00M, Peak:0.00M | Scene, ViewLayer | Synchronizing object | B101 • Civic Terrace
Fra:1 Mem:43.59M (Peak 43.59M) | Time:00:00.03 | Mem:0.00M, Peak:0.00M | Scene, ViewLayer | Synchronizing object | B102 • Civic Terrace
Fra:1 Mem:43.64M (Peak 43.64M) | Time:00:00.03 | Mem:0.00M, Peak:0.00M | Scene, ViewLayer | Synchronizing object | Warm softbox
Fra:1 Mem:43.65M (Peak 43.65M) | Time:00:00.03 | Mem:0.00M, Peak:0.00M | Scene, ViewLayer | Synchronizing object | Studio floor • excluded from GLB
Fra:1 Mem:43.65M (Peak 43.65M) | Time:00:00.03 | Mem:0.00M, Peak:0.00M | Scene, ViewLayer | Synchronizing object | B103 • Garden Quarter
Fra:1 Mem:43.62M (Peak 43.65M) | Time:00:00.03 | Mem:0.00M, Peak:0.00M | Scene, ViewLayer | Synchronizing object | B104 • Garden Quarter
Fra:1 Mem:43.66M (Peak 43.66M) | Time:00:00.03 | Mem:0.00M, Peak:0.00M | Scene, ViewLayer | Synchronizing object | closure_route
Fra:1 Mem:43.86M (Peak 43.86M) | Time:00:00.03 | Mem:0.00M, Peak:0.00M | Scene, ViewLayer | Synchronizing object | B106 • Garden Quarter
Fra:1 Mem:43.85M (Peak 43.86M) | Time:00:00.03 | Mem:0.00M, Peak:0.00M | Scene, ViewLayer | Synchronizing object | B107 • Garden Quarter
Fra:1 Mem:43.96M (Peak 43.96M) | Time:00:00.03 | Mem:0.00M, Peak:0.00M | Scene, ViewLayer | Synchronizing object | Four station shelters • batched
Fra:1 Mem:43.97M (Peak 43.97M) | Time:00:00.03 | Mem:0.00M, Peak:0.00M | Scene, ViewLayer | Synchronizing object | B108 • Garden Quarter
Fra:1 Mem:43.98M (Peak 43.98M) | Time:00:00.03 | Mem:0.00M, Peak:0.00M | Scene, ViewLayer | Synchronizing object | B109 • Garden Quarter
Fra:1 Mem:44.03M (Peak 44.03M) | Time:00:00.03 | Mem:0.00M, Peak:0.00M | Scene, ViewLayer | Synchronizing object | B110 • Garden Quarter
Fra:1 Mem:44.05M (Peak 44.05M) | Time:00:00.03 | Mem:0.00M, Peak:0.00M | Scene, ViewLayer | Synchronizing object | B111 • Garden Quarter
Fra:1 Mem:44.07M (Peak 44.07M) | Time:00:00.03 | Mem:0.00M, Peak:0.00M | Scene, ViewLayer | Synchronizing object | Existing transit • corridor offset 2 m for visibility
Fra:1 Mem:44.22M (Peak 44.22M) | Time:00:00.03 | Mem:0.00M, Peak:0.00M | Scene, ViewLayer | Synchronizing object | B112 • Garden Quarter
Fra:1 Mem:44.21M (Peak 44.22M) | Time:00:00.03 | Mem:0.00M, Peak:0.00M | Scene, ViewLayer | Synchronizing object | B113 • Garden Quarter
Fra:1 Mem:44.30M (Peak 44.30M) | Time:00:00.03 | Mem:0.00M, Peak:0.00M | Scene, ViewLayer | Synchronizing object | B114 • Garden Quarter
Fra:1 Mem:44.30M (Peak 44.30M) | Time:00:00.03 | Mem:0.00M, Peak:0.00M | Scene, ViewLayer | Synchronizing object | B115 • Garden Quarter
Fra:1 Mem:44.32M (Peak 44.32M) | Time:00:00.03 | Mem:0.00M, Peak:0.00M | Scene, ViewLayer | Synchronizing object | B116 • Garden Quarter
Fra:1 Mem:44.36M (Peak 44.36M) | Time:00:00.03 | Mem:0.00M, Peak:0.00M | Scene, ViewLayer | Synchronizing object | B117 • Garden Quarter
Fra:1 Mem:44.43M (Peak 44.43M) | Time:00:00.03 | Mem:0.00M, Peak:0.00M | Scene, ViewLayer | Synchronizing object | Lamp_0
Fra:1 Mem:44.44M (Peak 44.46M) | Time:00:00.03 | Mem:0.00M, Peak:0.00M | Scene, ViewLayer | Synchronizing object | B118 • Garden Quarter
Fra:1 Mem:44.46M (Peak 44.46M) | Time:00:00.03 | Mem:0.00M, Peak:0.00M | Scene, ViewLayer | Synchronizing object | B119 • Garden Quarter
Fra:1 Mem:44.49M (Peak 44.49M) | Time:00:00.03 | Mem:0.00M, Peak:0.00M | Scene, ViewLayer | Synchronizing object | B120 • Garden Quarter
Fra:1 Mem:44.54M (Peak 44.54M) | Time:00:00.03 | Mem:0.00M, Peak:0.00M | Scene, ViewLayer | Synchronizing object | B121 • Innovation District
Fra:1 Mem:44.56M (Peak 44.56M) | Time:00:00.03 | Mem:0.00M, Peak:0.00M | Scene, ViewLayer | Synchronizing object | Tree_00_00
Fra:1 Mem:44.64M (Peak 44.64M) | Time:00:00.03 | Mem:0.00M, Peak:0.00M | Scene, ViewLayer | Synchronizing object | B122 • Innovation District
Fra:1 Mem:44.75M (Peak 44.75M) | Time:00:00.03 | Mem:0.00M, Peak:0.00M | Scene, ViewLayer | Synchronizing object | B123 • Innovation District
Fra:1 Mem:44.92M (Peak 44.92M) | Time:00:00.03 | Mem:0.00M, Peak:0.00M | Scene, ViewLayer | Synchronizing object | B124 • Innovation District
Fra:1 Mem:45.01M (Peak 45.01M) | Time:00:00.03 | Mem:0.00M, Peak:0.00M | Scene, ViewLayer | Synchronizing object | B125 • Innovation District
Fra:1 Mem:45.09M (Peak 45.09M) | Time:00:00.03 | Mem:0.00M, Peak:0.00M | Scene, ViewLayer | Synchronizing object | B203 • Innovation District
Fra:1 Mem:45.06M (Peak 45.09M) | Time:00:00.03 | Mem:0.00M, Peak:0.00M | Scene, ViewLayer | Synchronizing object | B127 • Innovation District
Fra:1 Mem:45.09M (Peak 45.11M) | Time:00:00.03 | Mem:0.00M, Peak:0.00M | Scene, ViewLayer | Synchronizing object | B128 • Innovation District
Fra:1 Mem:45.40M (Peak 45.40M) | Time:00:00.03 | Mem:0.00M, Peak:0.00M | Scene, ViewLayer | Synchronizing object | B129 • Innovation District
Fra:1 Mem:45.39M (Peak 45.40M) | Time:00:00.03 | Mem:0.00M, Peak:0.00M | Scene, ViewLayer | Synchronizing object | B130 • Innovation District
Fra:1 Mem:45.58M (Peak 45.58M) | Time:00:00.03 | Mem:0.00M, Peak:0.00M | Scene, ViewLayer | Synchronizing object | B131 • Innovation District
Fra:1 Mem:45.61M (Peak 45.61M) | Time:00:00.03 | Mem:0.00M, Peak:0.00M | Scene, ViewLayer | Synchronizing object | B202 • Innovation District
Fra:1 Mem:45.74M (Peak 45.74M) | Time:00:00.03 | Mem:0.00M, Peak:0.00M | Scene, ViewLayer | Synchronizing object | B132 • Innovation District
Fra:1 Mem:45.80M (Peak 45.80M) | Time:00:00.03 | Mem:0.00M, Peak:0.00M | Scene, ViewLayer | Synchronizing object | B133 • Innovation District
Fra:1 Mem:45.83M (Peak 45.83M) | Time:00:00.03 | Mem:0.00M, Peak:0.00M | Scene, ViewLayer | Synchronizing object | B134 • Innovation District
Fra:1 Mem:45.85M (Peak 45.85M) | Time:00:00.03 | Mem:0.00M, Peak:0.00M | Scene, ViewLayer | Synchronizing object | B135 • Innovation District
Fra:1 Mem:46.05M (Peak 46.05M) | Time:00:00.03 | Mem:0.00M, Peak:0.00M | Scene, ViewLayer | Synchronizing object | B136 • Innovation District
Fra:1 Mem:46.12M (Peak 46.12M) | Time:00:00.03 | Mem:0.00M, Peak:0.00M | Scene, ViewLayer | Synchronizing object | B137 • Innovation District
Fra:1 Mem:46.23M (Peak 46.23M) | Time:00:00.03 | Mem:0.00M, Peak:0.00M | Scene, ViewLayer | Synchronizing object | B138 • Innovation District
Fra:1 Mem:46.23M (Peak 46.23M) | Time:00:00.03 | Mem:0.00M, Peak:0.00M | Scene, ViewLayer | Synchronizing object | B139 • Garden Quarter
Fra:1 Mem:46.36M (Peak 46.36M) | Time:00:00.03 | Mem:0.00M, Peak:0.00M | Scene, ViewLayer | Synchronizing object | B200 • Innovation District
Fra:1 Mem:46.41M (Peak 46.41M) | Time:00:00.03 | Mem:0.00M, Peak:0.00M | Scene, ViewLayer | Synchronizing object | B140 • Garden Quarter
Fra:1 Mem:46.49M (Peak 46.49M) | Time:00:00.03 | Mem:0.00M, Peak:0.00M | Scene, ViewLayer | Synchronizing object | B141 • Garden Quarter
Fra:1 Mem:46.52M (Peak 46.52M) | Time:00:00.03 | Mem:0.00M, Peak:0.00M | Scene, ViewLayer | Synchronizing object | B142 • Garden Quarter
Fra:1 Mem:46.66M (Peak 46.66M) | Time:00:00.03 | Mem:0.00M, Peak:0.00M | Scene, ViewLayer | Synchronizing object | B143 • Garden Quarter
Fra:1 Mem:46.71M (Peak 46.71M) | Time:00:00.03 | Mem:0.00M, Peak:0.00M | Scene, ViewLayer | Synchronizing object | B144 • Garden Quarter
Fra:1 Mem:46.77M (Peak 46.77M) | Time:00:00.03 | Mem:0.00M, Peak:0.00M | Scene, ViewLayer | Synchronizing object | B145 • Garden Quarter
Fra:1 Mem:46.77M (Peak 46.77M) | Time:00:00.03 | Mem:0.00M, Peak:0.00M | Scene, ViewLayer | Synchronizing object | B146 • Garden Quarter
Fra:1 Mem:46.80M (Peak 46.80M) | Time:00:00.03 | Mem:0.00M, Peak:0.00M | Scene, ViewLayer | Synchronizing object | B147 • Garden Quarter
Fra:1 Mem:46.85M (Peak 46.85M) | Time:00:00.03 | Mem:0.00M, Peak:0.00M | Scene, ViewLayer | Synchronizing object | B148 • Garden Quarter
Fra:1 Mem:46.93M (Peak 46.93M) | Time:00:00.03 | Mem:0.00M, Peak:0.00M | Scene, ViewLayer | Synchronizing object | B149 • Garden Quarter
Fra:1 Mem:46.98M (Peak 46.98M) | Time:00:00.03 | Mem:0.00M, Peak:0.00M | Scene, ViewLayer | Synchronizing object | B150 • Garden Quarter
Fra:1 Mem:46.95M (Peak 46.98M) | Time:00:00.03 | Mem:0.00M, Peak:0.00M | Scene, ViewLayer | Synchronizing object | B151 • Innovation District
Fra:1 Mem:46.97M (Peak 46.98M) | Time:00:00.03 | Mem:0.00M, Peak:0.00M | Scene, ViewLayer | Synchronizing object | B152 • Innovation District
Fra:1 Mem:47.16M (Peak 47.16M) | Time:00:00.03 | Mem:0.00M, Peak:0.00M | Scene, ViewLayer | Synchronizing object | B153 • Innovation District
Fra:1 Mem:47.30M (Peak 47.30M) | Time:00:00.03 | Mem:0.00M, Peak:0.00M | Scene, ViewLayer | Synchronizing object | B154 • Innovation District
Fra:1 Mem:47.46M (Peak 47.46M) | Time:00:00.03 | Mem:0.00M, Peak:0.00M | Scene, ViewLayer | Synchronizing object | B155 • Innovation District
Fra:1 Mem:47.58M (Peak 47.58M) | Time:00:00.03 | Mem:0.00M, Peak:0.00M | Scene, ViewLayer | Synchronizing object | B156 • Innovation District
Fra:1 Mem:47.64M (Peak 47.64M) | Time:00:00.03 | Mem:0.00M, Peak:0.00M | Scene, ViewLayer | Synchronizing object | B157 • Innovation District
Fra:1 Mem:47.66M (Peak 47.66M) | Time:00:00.03 | Mem:0.00M, Peak:0.00M | Scene, ViewLayer | Synchronizing object | B158 • Innovation District
Fra:1 Mem:47.95M (Peak 47.95M) | Time:00:00.03 | Mem:0.00M, Peak:0.00M | Scene, ViewLayer | Synchronizing object | B159 • Innovation District
Fra:1 Mem:47.97M (Peak 47.97M) | Time:00:00.03 | Mem:0.00M, Peak:0.00M | Scene, ViewLayer | Synchronizing object | B160 • Innovation District
Fra:1 Mem:47.99M (Peak 47.99M) | Time:00:00.03 | Mem:0.00M, Peak:0.00M | Scene, ViewLayer | Synchronizing object | B161 • Innovation District
Fra:1 Mem:48.03M (Peak 48.03M) | Time:00:00.03 | Mem:0.00M, Peak:0.00M | Scene, ViewLayer | Synchronizing object | B197 • Innovation District
Fra:1 Mem:48.12M (Peak 48.12M) | Time:00:00.03 | Mem:0.00M, Peak:0.00M | Scene, ViewLayer | Synchronizing object | B162 • Innovation District
Fra:1 Mem:48.14M (Peak 48.14M) | Time:00:00.03 | Mem:0.00M, Peak:0.00M | Scene, ViewLayer | Synchronizing object | B163 • Innovation District
Fra:1 Mem:48.37M (Peak 48.37M) | Time:00:00.03 | Mem:0.00M, Peak:0.00M | Scene, ViewLayer | Synchronizing object | B164 • Innovation District
Fra:1 Mem:48.53M (Peak 48.53M) | Time:00:00.03 | Mem:0.00M, Peak:0.00M | Scene, ViewLayer | Synchronizing object | B196 • Innovation District
Fra:1 Mem:48.55M (Peak 48.55M) | Time:00:00.03 | Mem:0.00M, Peak:0.00M | Scene, ViewLayer | Synchronizing object | B165 • Innovation District
Fra:1 Mem:48.73M (Peak 48.73M) | Time:00:00.03 | Mem:0.00M, Peak:0.00M | Scene, ViewLayer | Synchronizing object | B166 • Innovation District
Fra:1 Mem:48.78M (Peak 48.78M) | Time:00:00.03 | Mem:0.00M, Peak:0.00M | Scene, ViewLayer | Synchronizing object | B167 • Innovation District
Fra:1 Mem:48.78M (Peak 48.78M) | Time:00:00.03 | Mem:0.00M, Peak:0.00M | Scene, ViewLayer | Synchronizing object | B195 • Innovation District
Fra:1 Mem:48.86M (Peak 48.86M) | Time:00:00.03 | Mem:0.00M, Peak:0.00M | Scene, ViewLayer | Synchronizing object | B168 • Innovation District
Fra:1 Mem:48.92M (Peak 48.92M) | Time:00:00.03 | Mem:0.00M, Peak:0.00M | Scene, ViewLayer | Synchronizing object | B169 • Garden Quarter
Fra:1 Mem:49.01M (Peak 49.01M) | Time:00:00.03 | Mem:0.00M, Peak:0.00M | Scene, ViewLayer | Synchronizing object | B170 • Garden Quarter
Fra:1 Mem:49.05M (Peak 49.05M) | Time:00:00.03 | Mem:0.00M, Peak:0.00M | Scene, ViewLayer | Synchronizing object | B171 • Garden Quarter
Fra:1 Mem:49.11M (Peak 49.11M) | Time:00:00.03 | Mem:0.00M, Peak:0.00M | Scene, ViewLayer | Synchronizing object | B172 • Garden Quarter
Fra:1 Mem:49.09M (Peak 49.11M) | Time:00:00.03 | Mem:0.00M, Peak:0.00M | Scene, ViewLayer | Synchronizing object | B194 • Innovation District
Fra:1 Mem:49.17M (Peak 49.17M) | Time:00:00.03 | Mem:0.00M, Peak:0.00M | Scene, ViewLayer | Synchronizing object | B173 • Garden Quarter
Fra:1 Mem:49.27M (Peak 49.27M) | Time:00:00.03 | Mem:0.00M, Peak:0.00M | Scene, ViewLayer | Synchronizing object | B174 • Garden Quarter
Fra:1 Mem:49.30M (Peak 49.32M) | Time:00:00.03 | Mem:0.00M, Peak:0.00M | Scene, ViewLayer | Synchronizing object | B175 • Garden Quarter
Fra:1 Mem:49.32M (Peak 49.32M) | Time:00:00.03 | Mem:0.00M, Peak:0.00M | Scene, ViewLayer | Synchronizing object | B193 • Innovation District
Fra:1 Mem:49.38M (Peak 49.38M) | Time:00:00.03 | Mem:0.00M, Peak:0.00M | Scene, ViewLayer | Synchronizing object | B176 • Garden Quarter
Fra:1 Mem:49.39M (Peak 49.39M) | Time:00:00.03 | Mem:0.00M, Peak:0.00M | Scene, ViewLayer | Synchronizing object | B177 • Garden Quarter
Fra:1 Mem:49.41M (Peak 49.41M) | Time:00:00.03 | Mem:0.00M, Peak:0.00M | Scene, ViewLayer | Synchronizing object | B178 • Garden Quarter
Fra:1 Mem:49.51M (Peak 49.51M) | Time:00:00.03 | Mem:0.00M, Peak:0.00M | Scene, ViewLayer | Synchronizing object | B179 • Garden Quarter
Fra:1 Mem:49.59M (Peak 49.59M) | Time:00:00.03 | Mem:0.00M, Peak:0.00M | Scene, ViewLayer | Synchronizing object | B180 • Garden Quarter
Fra:1 Mem:49.60M (Peak 49.60M) | Time:00:00.03 | Mem:0.00M, Peak:0.00M | Scene, ViewLayer | Synchronizing object | B182 • Garden Quarter
Fra:1 Mem:49.58M (Peak 49.60M) | Time:00:00.03 | Mem:0.00M, Peak:0.00M | Scene, ViewLayer | Synchronizing object | B192 • Innovation District
Fra:1 Mem:49.67M (Peak 49.67M) | Time:00:00.03 | Mem:0.00M, Peak:0.00M | Scene, ViewLayer | Synchronizing object | B183 • Garden Quarter
Fra:1 Mem:49.83M (Peak 49.83M) | Time:00:00.03 | Mem:0.00M, Peak:0.00M | Scene, ViewLayer | Synchronizing object | B184 • Garden Quarter
Fra:1 Mem:49.84M (Peak 49.84M) | Time:00:00.03 | Mem:0.00M, Peak:0.00M | Scene, ViewLayer | Synchronizing object | B185 • Garden Quarter
Fra:1 Mem:49.85M (Peak 49.85M) | Time:00:00.03 | Mem:0.00M, Peak:0.00M | Scene, ViewLayer | Synchronizing object | B187 • Innovation District
Fra:1 Mem:49.95M (Peak 49.95M) | Time:00:00.03 | Mem:0.00M, Peak:0.00M | Scene, ViewLayer | Synchronizing object | B188 • Innovation District
Fra:1 Mem:49.93M (Peak 49.95M) | Time:00:00.03 | Mem:0.00M, Peak:0.00M | Scene, ViewLayer | Synchronizing object | B191 • Innovation District
Fra:1 Mem:50.17M (Peak 50.17M) | Time:00:00.03 | Mem:0.00M, Peak:0.00M | Scene, ViewLayer | Synchronizing object | B190 • Innovation District
Fra:1 Mem:50.48M (Peak 50.48M) | Time:00:00.03 | Mem:0.00M, Peak:0.00M | Scene, ViewLayer | Initializing
Fra:1 Mem:38.24M (Peak 50.48M) | Time:00:00.04 | Mem:0.00M, Peak:0.00M | Scene, ViewLayer | Waiting for render to start
Fra:1 Mem:38.24M (Peak 50.48M) | Time:00:00.04 | Mem:0.00M, Peak:0.00M | Scene, ViewLayer | Updating Scene
Fra:1 Mem:38.24M (Peak 50.48M) | Time:00:00.04 | Mem:0.00M, Peak:0.00M | Scene, ViewLayer | Updating Shaders
Fra:1 Mem:38.24M (Peak 50.48M) | Time:00:00.04 | Mem:0.00M, Peak:0.00M | Scene, ViewLayer | Loading render kernels (may take a few minutes the first time)
Fra:1 Mem:38.33M (Peak 50.48M) | Time:00:00.04 | Mem:0.01M, Peak:0.01M | Scene, ViewLayer | Updating Procedurals
Fra:1 Mem:38.33M (Peak 50.48M) | Time:00:00.04 | Mem:0.01M, Peak:0.01M | Scene, ViewLayer | Updating Background
Fra:1 Mem:38.33M (Peak 50.48M) | Time:00:00.04 | Mem:0.01M, Peak:0.01M | Scene, ViewLayer | Updating Camera
Fra:1 Mem:38.33M (Peak 50.48M) | Time:00:00.04 | Mem:0.01M, Peak:0.01M | Scene, ViewLayer | Updating Meshes Flags
Fra:1 Mem:38.33M (Peak 50.48M) | Time:00:00.04 | Mem:0.01M, Peak:0.01M | Scene, ViewLayer | Updating Objects
Fra:1 Mem:38.33M (Peak 50.48M) | Time:00:00.04 | Mem:0.01M, Peak:0.01M | Scene, ViewLayer | Updating Objects | Copying Transformations to device
Fra:1 Mem:38.46M (Peak 50.48M) | Time:00:00.04 | Mem:0.13M, Peak:0.13M | Scene, ViewLayer | Updating Particle Systems
Fra:1 Mem:38.46M (Peak 50.48M) | Time:00:00.04 | Mem:0.13M, Peak:0.13M | Scene, ViewLayer | Updating Particle Systems | Copying Particles to device
Fra:1 Mem:38.46M (Peak 50.48M) | Time:00:00.04 | Mem:0.13M, Peak:0.13M | Scene, ViewLayer | Updating Meshes
Fra:1 Mem:38.46M (Peak 50.48M) | Time:00:00.04 | Mem:0.13M, Peak:0.13M | Scene, ViewLayer | Updating Objects | Applying Static Transformations
Fra:1 Mem:38.46M (Peak 50.48M) | Time:00:00.04 | Mem:0.13M, Peak:0.13M | Scene, ViewLayer | Updating Mesh | Computing attributes
Fra:1 Mem:40.93M (Peak 50.48M) | Time:00:00.04 | Mem:0.15M, Peak:0.15M | Scene, ViewLayer | Updating Mesh | Copying Attributes to device
Fra:1 Mem:40.87M (Peak 50.48M) | Time:00:00.04 | Mem:2.55M, Peak:2.55M | Scene, ViewLayer | Updating Geometry BVH Shared streetlight assembly 3/2 | Building BVH
Fra:1 Mem:40.87M (Peak 50.48M) | Time:00:00.04 | Mem:2.55M, Peak:2.55M | Scene, ViewLayer | Updating Geometry BVH Shared streetlight assembly 3/2 | Building BVH 0%
Fra:1 Mem:40.87M (Peak 50.48M) | Time:00:00.04 | Mem:2.55M, Peak:2.55M | Scene, ViewLayer | Updating Geometry BVH Shared tree • trunk and crown joined 2/2 | Building BVH
Fra:1 Mem:40.87M (Peak 50.48M) | Time:00:00.04 | Mem:2.56M, Peak:2.56M | Scene, ViewLayer | Updating Scene BVH | Building
Fra:1 Mem:40.88M (Peak 50.48M) | Time:00:00.04 | Mem:2.56M, Peak:2.56M | Scene, ViewLayer | Updating Scene BVH | Building BVH
Fra:1 Mem:40.88M (Peak 50.48M) | Time:00:00.06 | Mem:20.27M, Peak:27.95M | Scene, ViewLayer | Updating Scene BVH | Copying BVH to device
Fra:1 Mem:40.88M (Peak 50.48M) | Time:00:00.06 | Mem:20.27M, Peak:27.95M | Scene, ViewLayer | Updating Mesh | Computing normals
Fra:1 Mem:49.51M (Peak 50.48M) | Time:00:00.07 | Mem:20.27M, Peak:27.95M | Scene, ViewLayer | Updating Mesh | Copying Mesh to device
Fra:1 Mem:49.51M (Peak 50.48M) | Time:00:00.07 | Mem:28.90M, Peak:28.90M | Scene, ViewLayer | Updating Objects Flags
Fra:1 Mem:49.51M (Peak 50.48M) | Time:00:00.07 | Mem:28.90M, Peak:28.90M | Scene, ViewLayer | Updating Primitive Offsets
Fra:1 Mem:49.51M (Peak 50.48M) | Time:00:00.07 | Mem:28.91M, Peak:28.91M | Scene, ViewLayer | Updating Images
Fra:1 Mem:49.51M (Peak 50.48M) | Time:00:00.07 | Mem:28.91M, Peak:28.91M | Scene, ViewLayer | Updating Camera Volume
Fra:1 Mem:49.51M (Peak 50.48M) | Time:00:00.07 | Mem:28.91M, Peak:28.91M | Scene, ViewLayer | Updating Lookup Tables
Fra:1 Mem:49.51M (Peak 50.48M) | Time:00:00.07 | Mem:28.99M, Peak:28.99M | Scene, ViewLayer | Updating Lights
Fra:1 Mem:49.51M (Peak 50.48M) | Time:00:00.07 | Mem:28.99M, Peak:28.99M | Scene, ViewLayer | Updating Lights | Computing tree
Fra:1 Mem:49.52M (Peak 50.48M) | Time:00:00.07 | Mem:28.99M, Peak:28.99M | Scene, ViewLayer | Updating Integrator
Fra:1 Mem:49.52M (Peak 50.48M) | Time:00:00.07 | Mem:28.99M, Peak:28.99M | Scene, ViewLayer | Updating Film
Fra:1 Mem:49.52M (Peak 50.48M) | Time:00:00.07 | Mem:28.91M, Peak:28.99M | Scene, ViewLayer | Updating Lookup Tables
Fra:1 Mem:49.52M (Peak 50.48M) | Time:00:00.07 | Mem:29.00M, Peak:29.00M | Scene, ViewLayer | Updating Baking
Fra:1 Mem:49.52M (Peak 50.48M) | Time:00:00.07 | Mem:29.00M, Peak:29.00M | Scene, ViewLayer | Updating Device | Writing constant memory
Fra:1 Mem:49.53M (Peak 50.48M) | Time:00:00.07 | Mem:29.00M, Peak:29.00M | Scene, ViewLayer | Loading denoising kernels (may take a few minutes the first time)
Fra:1 Mem:49.53M (Peak 50.48M) | Time:00:00.07 | Mem:29.00M, Peak:29.00M | Scene, ViewLayer | Sample 0/32
Fra:1 Mem:153.98M (Peak 153.98M) | Time:00:01.39 | Remaining:00:40.97 | Mem:133.37M, Peak:133.37M | Scene, ViewLayer | Sample 1/32
Fra:1 Mem:153.98M (Peak 153.98M) | Time:00:19.27 | Remaining:00:16.94 | Mem:133.37M, Peak:133.37M | Scene, ViewLayer | Sample 17/32
Fra:1 Mem:197.93M (Peak 263.85M) | Time:00:45.23 | Mem:133.37M, Peak:133.37M | Scene, ViewLayer | Sample 32/32
Fra:1 Mem:197.93M (Peak 263.85M) | Time:00:45.23 | Mem:133.37M, Peak:133.37M | Scene, ViewLayer | Finished
Saved: '/home/naresh/Documents/nareshpane.github.io/research/gpt-6-astra-blender/renders/closure.png'
Time: 00:45.40 (Saving: 00:00.16)

Read blend: "/home/naresh/Documents/nareshpane.github.io/research/gpt-6-astra-blender/blender/city_master.blend"
Fra:1 Mem:42.31M (Peak 42.31M) | Time:00:00.03 | Mem:0.00M, Peak:0.00M | Scene, ViewLayer | Synchronizing object | City foundation
Fra:1 Mem:42.31M (Peak 42.31M) | Time:00:00.03 | Mem:0.00M, Peak:0.00M | Scene, ViewLayer | Synchronizing object | River retaining walls
Fra:1 Mem:42.31M (Peak 42.31M) | Time:00:00.03 | Mem:0.00M, Peak:0.00M | Scene, ViewLayer | Synchronizing object | Park_5-1
Fra:1 Mem:42.32M (Peak 42.32M) | Time:00:00.03 | Mem:0.00M, Peak:0.00M | Scene, ViewLayer | Synchronizing object | Park_0-4
Fra:1 Mem:42.32M (Peak 42.32M) | Time:00:00.03 | Mem:0.00M, Peak:0.00M | Scene, ViewLayer | Synchronizing object | Road_0-1
Fra:1 Mem:42.32M (Peak 42.32M) | Time:00:00.03 | Mem:0.00M, Peak:0.00M | Scene, ViewLayer | Synchronizing object | Road_1-2
Fra:1 Mem:42.33M (Peak 42.33M) | Time:00:00.03 | Mem:0.00M, Peak:0.00M | Scene, ViewLayer | Synchronizing object | Road_2-10
Fra:1 Mem:42.33M (Peak 42.33M) | Time:00:00.03 | Mem:0.00M, Peak:0.00M | Scene, ViewLayer | Synchronizing object | Road_3-11
Fra:1 Mem:42.33M (Peak 42.33M) | Time:00:00.03 | Mem:0.00M, Peak:0.00M | Scene, ViewLayer | Synchronizing object | Road_4-12
Fra:1 Mem:42.33M (Peak 42.33M) | Time:00:00.03 | Mem:0.00M, Peak:0.00M | Scene, ViewLayer | Synchronizing object | Road_4-5
Fra:1 Mem:42.33M (Peak 42.33M) | Time:00:00.03 | Mem:0.00M, Peak:0.00M | Scene, ViewLayer | Synchronizing object | Road_5-6
Fra:1 Mem:42.33M (Peak 42.33M) | Time:00:00.03 | Mem:0.00M, Peak:0.00M | Scene, ViewLayer | Synchronizing object | Road_6-14
Fra:1 Mem:42.33M (Peak 42.33M) | Time:00:00.03 | Mem:0.00M, Peak:0.00M | Scene, ViewLayer | Synchronizing object | Road_6-7
Fra:1 Mem:42.34M (Peak 42.34M) | Time:00:00.03 | Mem:0.00M, Peak:0.00M | Scene, ViewLayer | Synchronizing object | Road_7-15
Fra:1 Mem:42.34M (Peak 42.34M) | Time:00:00.03 | Mem:0.00M, Peak:0.00M | Scene, ViewLayer | Synchronizing object | Road_8-9
Fra:1 Mem:42.34M (Peak 42.34M) | Time:00:00.03 | Mem:0.00M, Peak:0.00M | Scene, ViewLayer | Synchronizing object | Road_9-10
Fra:1 Mem:42.34M (Peak 42.34M) | Time:00:00.03 | Mem:0.00M, Peak:0.00M | Scene, ViewLayer | Synchronizing object | Road_10-18
Fra:1 Mem:42.34M (Peak 42.34M) | Time:00:00.03 | Mem:0.00M, Peak:0.00M | Scene, ViewLayer | Synchronizing object | Road_10-11
Fra:1 Mem:42.34M (Peak 42.34M) | Time:00:00.03 | Mem:0.00M, Peak:0.00M | Scene, ViewLayer | Synchronizing object | Road_11-19
Fra:1 Mem:42.35M (Peak 42.35M) | Time:00:00.03 | Mem:0.00M, Peak:0.00M | Scene, ViewLayer | Synchronizing object | BridgeRail_11-12
Fra:1 Mem:42.36M (Peak 42.36M) | Time:00:00.03 | Mem:0.00M, Peak:0.00M | Scene, ViewLayer | Synchronizing object | Road_12-13
Fra:1 Mem:42.36M (Peak 42.36M) | Time:00:00.03 | Mem:0.00M, Peak:0.00M | Scene, ViewLayer | Synchronizing object | Road_13-21
Fra:1 Mem:42.36M (Peak 42.36M) | Time:00:00.03 | Mem:0.00M, Peak:0.00M | Scene, ViewLayer | Synchronizing object | Road_14-22
Fra:1 Mem:42.37M (Peak 42.37M) | Time:00:00.03 | Mem:0.00M, Peak:0.00M | Scene, ViewLayer | Synchronizing object | Road_14-15
Fra:1 Mem:42.37M (Peak 42.37M) | Time:00:00.03 | Mem:0.00M, Peak:0.00M | Scene, ViewLayer | Synchronizing object | Road_15-23
Fra:1 Mem:42.37M (Peak 42.37M) | Time:00:00.03 | Mem:0.00M, Peak:0.00M | Scene, ViewLayer | Synchronizing object | Road_16-24
Fra:1 Mem:42.37M (Peak 42.37M) | Time:00:00.03 | Mem:0.00M, Peak:0.00M | Scene, ViewLayer | Synchronizing object | Road_17-25
Fra:1 Mem:42.37M (Peak 42.37M) | Time:00:00.03 | Mem:0.00M, Peak:0.00M | Scene, ViewLayer | Synchronizing object | Road_17-18
Fra:1 Mem:42.37M (Peak 42.37M) | Time:00:00.03 | Mem:0.00M, Peak:0.00M | Scene, ViewLayer | Synchronizing object | Road_18-26
Fra:1 Mem:42.38M (Peak 42.38M) | Time:00:00.03 | Mem:0.00M, Peak:0.00M | Scene, ViewLayer | Synchronizing object | Road_18-19
Fra:1 Mem:42.38M (Peak 42.38M) | Time:00:00.03 | Mem:0.00M, Peak:0.00M | Scene, ViewLayer | Synchronizing object | Road_19-27
Fra:1 Mem:42.38M (Peak 42.38M) | Time:00:00.03 | Mem:0.00M, Peak:0.00M | Scene, ViewLayer | Synchronizing object | Road_20-28
Fra:1 Mem:42.38M (Peak 42.38M) | Time:00:00.03 | Mem:0.00M, Peak:0.00M | Scene, ViewLayer | Synchronizing object | Road_20-21
Fra:1 Mem:42.38M (Peak 42.38M) | Time:00:00.03 | Mem:0.00M, Peak:0.00M | Scene, ViewLayer | Synchronizing object | Road_21-29
Fra:1 Mem:42.38M (Peak 42.38M) | Time:00:00.03 | Mem:0.00M, Peak:0.00M | Scene, ViewLayer | Synchronizing object | Road_21-22
Fra:1 Mem:42.38M (Peak 42.38M) | Time:00:00.03 | Mem:0.00M, Peak:0.00M | Scene, ViewLayer | Synchronizing object | Road_22-23
Fra:1 Mem:42.38M (Peak 42.38M) | Time:00:00.03 | Mem:0.00M, Peak:0.00M | Scene, ViewLayer | Synchronizing object | Road_23-31
Fra:1 Mem:42.39M (Peak 42.39M) | Time:00:00.03 | Mem:0.00M, Peak:0.00M | Scene, ViewLayer | Synchronizing object | Road_24-32
Fra:1 Mem:42.39M (Peak 42.39M) | Time:00:00.03 | Mem:0.00M, Peak:0.00M | Scene, ViewLayer | Synchronizing object | Road_24-25
Fra:1 Mem:42.39M (Peak 42.39M) | Time:00:00.03 | Mem:0.00M, Peak:0.00M | Scene, ViewLayer | Synchronizing object | Road_25-33
Fra:1 Mem:42.39M (Peak 42.39M) | Time:00:00.03 | Mem:0.00M, Peak:0.00M | Scene, ViewLayer | Synchronizing object | Road_26-34
Fra:1 Mem:42.39M (Peak 42.39M) | Time:00:00.03 | Mem:0.00M, Peak:0.00M | Scene, ViewLayer | Synchronizing object | Road_26-27
Fra:1 Mem:42.39M (Peak 42.39M) | Time:00:00.03 | Mem:0.00M, Peak:0.00M | Scene, ViewLayer | Synchronizing object | Road_27-35
Fra:1 Mem:42.39M (Peak 42.39M) | Time:00:00.03 | Mem:0.00M, Peak:0.00M | Scene, ViewLayer | Synchronizing object | Road_28-29
Fra:1 Mem:42.40M (Peak 42.40M) | Time:00:00.03 | Mem:0.00M, Peak:0.00M | Scene, ViewLayer | Synchronizing object | Road_29-37
Fra:1 Mem:42.40M (Peak 42.40M) | Time:00:00.03 | Mem:0.00M, Peak:0.00M | Scene, ViewLayer | Synchronizing object | Road_29-30
Fra:1 Mem:42.40M (Peak 42.40M) | Time:00:00.03 | Mem:0.00M, Peak:0.00M | Scene, ViewLayer | Synchronizing object | Road_30-31
Fra:1 Mem:42.40M (Peak 42.40M) | Time:00:00.03 | Mem:0.00M, Peak:0.00M | Scene, ViewLayer | Synchronizing object | Road_31-39
Fra:1 Mem:42.40M (Peak 42.40M) | Time:00:00.03 | Mem:0.00M, Peak:0.00M | Scene, ViewLayer | Synchronizing object | Road_32-40
Fra:1 Mem:42.40M (Peak 42.40M) | Time:00:00.03 | Mem:0.00M, Peak:0.00M | Scene, ViewLayer | Synchronizing object | Road_32-33
Fra:1 Mem:42.40M (Peak 42.40M) | Time:00:00.03 | Mem:0.00M, Peak:0.00M | Scene, ViewLayer | Synchronizing object | Road_33-41
Fra:1 Mem:42.41M (Peak 42.41M) | Time:00:00.03 | Mem:0.00M, Peak:0.00M | Scene, ViewLayer | Synchronizing object | Road_33-34
Fra:1 Mem:42.41M (Peak 42.41M) | Time:00:00.03 | Mem:0.00M, Peak:0.00M | Scene, ViewLayer | Synchronizing object | Road_34-42
Fra:1 Mem:42.41M (Peak 42.41M) | Time:00:00.03 | Mem:0.00M, Peak:0.00M | Scene, ViewLayer | Synchronizing object | Road_34-35
Fra:1 Mem:42.41M (Peak 42.41M) | Time:00:00.03 | Mem:0.00M, Peak:0.00M | Scene, ViewLayer | Synchronizing object | Road_35-36
Fra:1 Mem:42.41M (Peak 42.41M) | Time:00:00.03 | Mem:0.00M, Peak:0.00M | Scene, ViewLayer | Synchronizing object | Road_36-44
Fra:1 Mem:42.41M (Peak 42.41M) | Time:00:00.03 | Mem:0.00M, Peak:0.00M | Scene, ViewLayer | Synchronizing object | Road_36-37
Fra:1 Mem:42.42M (Peak 42.42M) | Time:00:00.03 | Mem:0.00M, Peak:0.00M | Scene, ViewLayer | Synchronizing object | Road_37-45
Fra:1 Mem:42.42M (Peak 42.42M) | Time:00:00.03 | Mem:0.00M, Peak:0.00M | Scene, ViewLayer | Synchronizing object | Road_37-38
Fra:1 Mem:42.42M (Peak 42.42M) | Time:00:00.03 | Mem:0.00M, Peak:0.00M | Scene, ViewLayer | Synchronizing object | Road_38-46
Fra:1 Mem:42.42M (Peak 42.42M) | Time:00:00.03 | Mem:0.00M, Peak:0.00M | Scene, ViewLayer | Synchronizing object | Road_38-39
Fra:1 Mem:42.43M (Peak 42.43M) | Time:00:00.03 | Mem:0.00M, Peak:0.00M | Scene, ViewLayer | Synchronizing object | Road_39-47
Fra:1 Mem:42.43M (Peak 42.43M) | Time:00:00.03 | Mem:0.00M, Peak:0.00M | Scene, ViewLayer | Synchronizing object | Road_40-48
Fra:1 Mem:42.44M (Peak 42.44M) | Time:00:00.03 | Mem:0.00M, Peak:0.00M | Scene, ViewLayer | Synchronizing object | Road_40-41
Fra:1 Mem:42.44M (Peak 42.44M) | Time:00:00.03 | Mem:0.00M, Peak:0.00M | Scene, ViewLayer | Synchronizing object | Road_41-49
Fra:1 Mem:42.44M (Peak 42.44M) | Time:00:00.03 | Mem:0.00M, Peak:0.00M | Scene, ViewLayer | Synchronizing object | Road_41-42
Fra:1 Mem:42.44M (Peak 42.44M) | Time:00:00.03 | Mem:0.00M, Peak:0.00M | Scene, ViewLayer | Synchronizing object | Road_42-50
Fra:1 Mem:42.44M (Peak 42.44M) | Time:00:00.03 | Mem:0.00M, Peak:0.00M | Scene, ViewLayer | Synchronizing object | Road_42-43
Fra:1 Mem:42.45M (Peak 42.45M) | Time:00:00.03 | Mem:0.00M, Peak:0.00M | Scene, ViewLayer | Synchronizing object | Road_43-51
Fra:1 Mem:42.45M (Peak 42.45M) | Time:00:00.03 | Mem:0.00M, Peak:0.00M | Scene, ViewLayer | Synchronizing object | Road_44-52
Fra:1 Mem:42.45M (Peak 42.45M) | Time:00:00.03 | Mem:0.00M, Peak:0.00M | Scene, ViewLayer | Synchronizing object | Road_45-53
Fra:1 Mem:42.45M (Peak 42.45M) | Time:00:00.03 | Mem:0.00M, Peak:0.00M | Scene, ViewLayer | Synchronizing object | Road_45-46
Fra:1 Mem:42.45M (Peak 42.45M) | Time:00:00.03 | Mem:0.00M, Peak:0.00M | Scene, ViewLayer | Synchronizing object | Road_46-54
Fra:1 Mem:42.45M (Peak 42.45M) | Time:00:00.03 | Mem:0.00M, Peak:0.00M | Scene, ViewLayer | Synchronizing object | Road_46-47
Fra:1 Mem:42.45M (Peak 42.45M) | Time:00:00.03 | Mem:0.00M, Peak:0.00M | Scene, ViewLayer | Synchronizing object | Road_47-55
Fra:1 Mem:42.45M (Peak 42.45M) | Time:00:00.03 | Mem:0.00M, Peak:0.00M | Scene, ViewLayer | Synchronizing object | Road_48-49
Fra:1 Mem:42.45M (Peak 42.45M) | Time:00:00.03 | Mem:0.00M, Peak:0.00M | Scene, ViewLayer | Synchronizing object | Road_49-50
Fra:1 Mem:42.46M (Peak 42.46M) | Time:00:00.03 | Mem:0.00M, Peak:0.00M | Scene, ViewLayer | Synchronizing object | Road_50-51
Fra:1 Mem:42.46M (Peak 42.46M) | Time:00:00.03 | Mem:0.00M, Peak:0.00M | Scene, ViewLayer | Synchronizing object | Road_52-53
Fra:1 Mem:42.46M (Peak 42.46M) | Time:00:00.03 | Mem:0.00M, Peak:0.00M | Scene, ViewLayer | Synchronizing object | Road_53-54
Fra:1 Mem:42.46M (Peak 42.46M) | Time:00:00.03 | Mem:0.00M, Peak:0.00M | Scene, ViewLayer | Synchronizing object | Road_54-55
Fra:1 Mem:42.46M (Peak 42.46M) | Time:00:00.03 | Mem:0.00M, Peak:0.00M | Scene, ViewLayer | Synchronizing object | All block sidewalks
Fra:1 Mem:42.47M (Peak 42.47M) | Time:00:00.03 | Mem:0.00M, Peak:0.00M | Scene, ViewLayer | Synchronizing object | All lane dashes and crossings
Fra:1 Mem:42.49M (Peak 42.49M) | Time:00:00.03 | Mem:0.00M, Peak:0.00M | Scene, ViewLayer | Synchronizing object | B003 • Old Quay
Fra:1 Mem:43.01M (Peak 43.01M) | Time:00:00.03 | Mem:0.00M, Peak:0.00M | Scene, ViewLayer | Synchronizing object | B004 • Old Quay
Fra:1 Mem:43.23M (Peak 43.23M) | Time:00:00.03 | Mem:0.00M, Peak:0.00M | Scene, ViewLayer | Synchronizing object | B005 • Old Quay
Fra:1 Mem:43.25M (Peak 43.25M) | Time:00:00.03 | Mem:0.00M, Peak:0.00M | Scene, ViewLayer | Synchronizing object | B006 • Old Quay
Fra:1 Mem:43.43M (Peak 43.43M) | Time:00:00.03 | Mem:0.00M, Peak:0.00M | Scene, ViewLayer | Synchronizing object | B007 • Old Quay
Fra:1 Mem:43.49M (Peak 43.49M) | Time:00:00.03 | Mem:0.00M, Peak:0.00M | Scene, ViewLayer | Synchronizing object | B008 • Old Quay
Fra:1 Mem:43.49M (Peak 43.49M) | Time:00:00.03 | Mem:0.00M, Peak:0.00M | Scene, ViewLayer | Synchronizing object | B010 • Old Quay
Fra:1 Mem:43.54M (Peak 43.54M) | Time:00:00.03 | Mem:0.00M, Peak:0.00M | Scene, ViewLayer | Synchronizing object | B011 • Old Quay
Fra:1 Mem:43.68M (Peak 43.68M) | Time:00:00.03 | Mem:0.00M, Peak:0.00M | Scene, ViewLayer | Synchronizing object | B012 • Old Quay
Fra:1 Mem:43.74M (Peak 43.74M) | Time:00:00.03 | Mem:0.00M, Peak:0.00M | Scene, ViewLayer | Synchronizing object | B013 • Old Quay
Fra:1 Mem:43.78M (Peak 43.78M) | Time:00:00.03 | Mem:0.00M, Peak:0.00M | Scene, ViewLayer | Synchronizing object | B014 • Old Quay
Fra:1 Mem:43.93M (Peak 43.93M) | Time:00:00.03 | Mem:0.00M, Peak:0.00M | Scene, ViewLayer | Synchronizing object | B015 • Old Quay
Fra:1 Mem:44.00M (Peak 44.00M) | Time:00:00.03 | Mem:0.00M, Peak:0.00M | Scene, ViewLayer | Synchronizing object | B016 • Old Quay
Fra:1 Mem:44.00M (Peak 44.00M) | Time:00:00.03 | Mem:0.00M, Peak:0.00M | Scene, ViewLayer | Synchronizing object | B017 • Old Quay
Fra:1 Mem:44.03M (Peak 44.03M) | Time:00:00.03 | Mem:0.00M, Peak:0.00M | Scene, ViewLayer | Synchronizing object | B018 • Old Quay
Fra:1 Mem:44.13M (Peak 44.13M) | Time:00:00.03 | Mem:0.00M, Peak:0.00M | Scene, ViewLayer | Synchronizing object | B019 • Civic Terrace
Fra:1 Mem:44.17M (Peak 44.17M) | Time:00:00.03 | Mem:0.00M, Peak:0.00M | Scene, ViewLayer | Synchronizing object | B020 • Civic Terrace
Fra:1 Mem:44.16M (Peak 44.17M) | Time:00:00.03 | Mem:0.00M, Peak:0.00M | Scene, ViewLayer | Synchronizing object | B022 • Civic Terrace
Fra:1 Mem:44.43M (Peak 44.43M) | Time:00:00.03 | Mem:0.00M, Peak:0.00M | Scene, ViewLayer | Synchronizing object | B023 • Civic Terrace
Fra:1 Mem:44.56M (Peak 44.56M) | Time:00:00.03 | Mem:0.00M, Peak:0.00M | Scene, ViewLayer | Synchronizing object | B024 • Civic Terrace
Fra:1 Mem:44.58M (Peak 44.58M) | Time:00:00.03 | Mem:0.00M, Peak:0.00M | Scene, ViewLayer | Synchronizing object | B025 • Civic Terrace
Fra:1 Mem:44.68M (Peak 44.68M) | Time:00:00.03 | Mem:0.00M, Peak:0.00M | Scene, ViewLayer | Synchronizing object | B026 • Civic Terrace
Fra:1 Mem:45.03M (Peak 45.05M) | Time:00:00.03 | Mem:0.00M, Peak:0.00M | Scene, ViewLayer | Synchronizing object | B027 • Civic Terrace
Fra:1 Mem:45.04M (Peak 45.05M) | Time:00:00.03 | Mem:0.00M, Peak:0.00M | Scene, ViewLayer | Synchronizing object | B028 • Civic Terrace
Fra:1 Mem:45.13M (Peak 45.13M) | Time:00:00.03 | Mem:0.00M, Peak:0.00M | Scene, ViewLayer | Synchronizing object | B029 • Civic Terrace
Fra:1 Mem:45.31M (Peak 45.31M) | Time:00:00.03 | Mem:0.00M, Peak:0.00M | Scene, ViewLayer | Synchronizing object | B030 • Civic Terrace
Fra:1 Mem:45.32M (Peak 45.32M) | Time:00:00.03 | Mem:0.00M, Peak:0.00M | Scene, ViewLayer | Synchronizing object | B031 • Civic Terrace
Fra:1 Mem:45.43M (Peak 45.43M) | Time:00:00.03 | Mem:0.00M, Peak:0.00M | Scene, ViewLayer | Synchronizing object | B032 • Civic Terrace
Fra:1 Mem:45.43M (Peak 45.43M) | Time:00:00.03 | Mem:0.00M, Peak:0.00M | Scene, ViewLayer | Synchronizing object | B033 • Civic Terrace
Fra:1 Mem:45.74M (Peak 45.74M) | Time:00:00.03 | Mem:0.00M, Peak:0.00M | Scene, ViewLayer | Synchronizing object | B034 • Civic Terrace
Fra:1 Mem:45.82M (Peak 45.82M) | Time:00:00.03 | Mem:0.00M, Peak:0.00M | Scene, ViewLayer | Synchronizing object | B035 • Civic Terrace
Fra:1 Mem:45.87M (Peak 45.87M) | Time:00:00.03 | Mem:0.00M, Peak:0.00M | Scene, ViewLayer | Synchronizing object | B036 • Civic Terrace
Fra:1 Mem:45.96M (Peak 45.96M) | Time:00:00.03 | Mem:0.00M, Peak:0.00M | Scene, ViewLayer | Synchronizing object | B037 • Old Quay
Fra:1 Mem:46.05M (Peak 46.05M) | Time:00:00.03 | Mem:0.00M, Peak:0.00M | Scene, ViewLayer | Synchronizing object | B038 • Old Quay
Fra:1 Mem:46.09M (Peak 46.09M) | Time:00:00.03 | Mem:0.00M, Peak:0.00M | Scene, ViewLayer | Synchronizing object | B039 • Old Quay
Fra:1 Mem:46.11M (Peak 46.11M) | Time:00:00.03 | Mem:0.00M, Peak:0.00M | Scene, ViewLayer | Synchronizing object | B040 • Old Quay
Fra:1 Mem:46.12M (Peak 46.12M) | Time:00:00.03 | Mem:0.00M, Peak:0.00M | Scene, ViewLayer | Synchronizing object | B042 • Old Quay
Fra:1 Mem:46.15M (Peak 46.15M) | Time:00:00.03 | Mem:0.00M, Peak:0.00M | Scene, ViewLayer | Synchronizing object | B043 • Old Quay
Fra:1 Mem:46.16M (Peak 46.16M) | Time:00:00.03 | Mem:0.00M, Peak:0.00M | Scene, ViewLayer | Synchronizing object | B044 • Old Quay
Fra:1 Mem:46.30M (Peak 46.30M) | Time:00:00.03 | Mem:0.00M, Peak:0.00M | Scene, ViewLayer | Synchronizing object | B045 • Old Quay
Fra:1 Mem:46.41M (Peak 46.41M) | Time:00:00.03 | Mem:0.00M, Peak:0.00M | Scene, ViewLayer | Synchronizing object | B046 • Old Quay
Fra:1 Mem:46.41M (Peak 46.41M) | Time:00:00.03 | Mem:0.00M, Peak:0.00M | Scene, ViewLayer | Synchronizing object | B047 • Old Quay
Fra:1 Mem:46.45M (Peak 46.44M) | Time:00:00.03 | Mem:0.00M, Peak:0.00M | Scene, ViewLayer | Synchronizing object | B048 • Old Quay
Fra:1 Mem:46.47M (Peak 46.47M) | Time:00:00.03 | Mem:0.00M, Peak:0.00M | Scene, ViewLayer | Synchronizing object | B049 • Old Quay
Fra:1 Mem:46.56M (Peak 46.56M) | Time:00:00.03 | Mem:0.00M, Peak:0.00M | Scene, ViewLayer | Synchronizing object | B050 • Old Quay
Fra:1 Mem:46.55M (Peak 46.56M) | Time:00:00.03 | Mem:0.00M, Peak:0.00M | Scene, ViewLayer | Synchronizing object | B052 • Old Quay
Fra:1 Mem:46.62M (Peak 46.62M) | Time:00:00.03 | Mem:0.00M, Peak:0.00M | Scene, ViewLayer | Synchronizing object | B053 • Old Quay
Fra:1 Mem:46.65M (Peak 46.65M) | Time:00:00.04 | Mem:0.00M, Peak:0.00M | Scene, ViewLayer | Synchronizing object | B054 • Old Quay
Fra:1 Mem:46.74M (Peak 46.74M) | Time:00:00.04 | Mem:0.00M, Peak:0.00M | Scene, ViewLayer | Synchronizing object | B055 • Civic Terrace
Fra:1 Mem:46.75M (Peak 46.75M) | Time:00:00.04 | Mem:0.00M, Peak:0.00M | Scene, ViewLayer | Synchronizing object | B057 • Civic Terrace
Fra:1 Mem:46.88M (Peak 46.89M) | Time:00:00.04 | Mem:0.00M, Peak:0.00M | Scene, ViewLayer | Synchronizing object | B058 • Civic Terrace
Fra:1 Mem:47.04M (Peak 47.04M) | Time:00:00.04 | Mem:0.00M, Peak:0.00M | Scene, ViewLayer | Synchronizing object | B059 • Civic Terrace
Fra:1 Mem:47.07M (Peak 47.07M) | Time:00:00.04 | Mem:0.00M, Peak:0.00M | Scene, ViewLayer | Synchronizing object | B060 • Civic Terrace
Fra:1 Mem:47.32M (Peak 47.32M) | Time:00:00.04 | Mem:0.00M, Peak:0.00M | Scene, ViewLayer | Synchronizing object | B061 • Civic Terrace
Fra:1 Mem:47.35M (Peak 47.35M) | Time:00:00.04 | Mem:0.00M, Peak:0.00M | Scene, ViewLayer | Synchronizing object | B062 • Civic Terrace
Fra:1 Mem:47.41M (Peak 47.41M) | Time:00:00.04 | Mem:0.00M, Peak:0.00M | Scene, ViewLayer | Synchronizing object | B063 • Civic Terrace
Fra:1 Mem:47.48M (Peak 47.48M) | Time:00:00.04 | Mem:0.00M, Peak:0.00M | Scene, ViewLayer | Synchronizing object | B064 • Civic Terrace
Fra:1 Mem:47.62M (Peak 47.62M) | Time:00:00.04 | Mem:0.00M, Peak:0.00M | Scene, ViewLayer | Synchronizing object | B065 • Civic Terrace
Fra:1 Mem:47.78M (Peak 47.78M) | Time:00:00.04 | Mem:0.00M, Peak:0.00M | Scene, ViewLayer | Synchronizing object | B066 • Civic Terrace
Fra:1 Mem:47.78M (Peak 47.78M) | Time:00:00.04 | Mem:0.00M, Peak:0.00M | Scene, ViewLayer | Synchronizing object | B067 • Old Quay
Fra:1 Mem:47.84M (Peak 47.84M) | Time:00:00.04 | Mem:0.00M, Peak:0.00M | Scene, ViewLayer | Synchronizing object | B068 • Old Quay
Fra:1 Mem:47.88M (Peak 47.88M) | Time:00:00.04 | Mem:0.00M, Peak:0.00M | Scene, ViewLayer | Synchronizing object | B069 • Old Quay
Fra:1 Mem:47.95M (Peak 47.95M) | Time:00:00.04 | Mem:0.00M, Peak:0.00M | Scene, ViewLayer | Synchronizing object | B070 • Old Quay
Fra:1 Mem:48.01M (Peak 48.01M) | Time:00:00.04 | Mem:0.00M, Peak:0.00M | Scene, ViewLayer | Synchronizing object | B071 • Old Quay
Fra:1 Mem:48.07M (Peak 48.07M) | Time:00:00.04 | Mem:0.00M, Peak:0.00M | Scene, ViewLayer | Synchronizing object | B072 • Old Quay
Fra:1 Mem:48.13M (Peak 48.13M) | Time:00:00.04 | Mem:0.00M, Peak:0.00M | Scene, ViewLayer | Synchronizing object | B073 • Old Quay
Fra:1 Mem:48.15M (Peak 48.15M) | Time:00:00.04 | Mem:0.00M, Peak:0.00M | Scene, ViewLayer | Synchronizing object | B075 • Old Quay
Fra:1 Mem:48.15M (Peak 48.15M) | Time:00:00.04 | Mem:0.00M, Peak:0.00M | Scene, ViewLayer | Synchronizing object | B074 • Old Quay
Fra:1 Mem:48.22M (Peak 48.22M) | Time:00:00.04 | Mem:0.00M, Peak:0.00M | Scene, ViewLayer | Synchronizing object | B076 • Old Quay
Fra:1 Mem:48.27M (Peak 48.27M) | Time:00:00.04 | Mem:0.00M, Peak:0.00M | Scene, ViewLayer | Synchronizing object | B077 • Old Quay
Fra:1 Mem:48.36M (Peak 48.36M) | Time:00:00.04 | Mem:0.00M, Peak:0.00M | Scene, ViewLayer | Synchronizing object | B079 • Old Quay
Fra:1 Mem:48.36M (Peak 48.36M) | Time:00:00.04 | Mem:0.00M, Peak:0.00M | Scene, ViewLayer | Synchronizing object | B080 • Old Quay
Fra:1 Mem:48.40M (Peak 48.40M) | Time:00:00.04 | Mem:0.00M, Peak:0.00M | Scene, ViewLayer | Synchronizing object | B081 • Old Quay
Fra:1 Mem:48.47M (Peak 48.47M) | Time:00:00.04 | Mem:0.00M, Peak:0.00M | Scene, ViewLayer | Synchronizing object | B082 • Old Quay
Fra:1 Mem:48.53M (Peak 48.53M) | Time:00:00.04 | Mem:0.00M, Peak:0.00M | Scene, ViewLayer | Synchronizing object | B083 • Old Quay
Fra:1 Mem:48.56M (Peak 48.56M) | Time:00:00.04 | Mem:0.00M, Peak:0.00M | Scene, ViewLayer | Synchronizing object | B084 • Old Quay
Fra:1 Mem:48.59M (Peak 48.59M) | Time:00:00.04 | Mem:0.00M, Peak:0.00M | Scene, ViewLayer | Synchronizing object | B085 • Civic Terrace
Fra:1 Mem:48.59M (Peak 48.59M) | Time:00:00.04 | Mem:0.00M, Peak:0.00M | Scene, ViewLayer | Synchronizing object | B086 • Civic Terrace
Fra:1 Mem:48.72M (Peak 48.72M) | Time:00:00.04 | Mem:0.00M, Peak:0.00M | Scene, ViewLayer | Synchronizing object | B087 • Civic Terrace
Fra:1 Mem:48.71M (Peak 48.72M) | Time:00:00.04 | Mem:0.00M, Peak:0.00M | Scene, ViewLayer | Synchronizing object | B088 • Civic Terrace
Fra:1 Mem:48.87M (Peak 48.87M) | Time:00:00.04 | Mem:0.00M, Peak:0.00M | Scene, ViewLayer | Synchronizing object | B089 • Civic Terrace
Fra:1 Mem:49.07M (Peak 49.07M) | Time:00:00.04 | Mem:0.00M, Peak:0.00M | Scene, ViewLayer | Synchronizing object | B090 • Civic Terrace
Fra:1 Mem:49.17M (Peak 49.17M) | Time:00:00.04 | Mem:0.00M, Peak:0.00M | Scene, ViewLayer | Synchronizing object | B091 • Civic Terrace
Fra:1 Mem:49.15M (Peak 49.18M) | Time:00:00.04 | Mem:0.00M, Peak:0.00M | Scene, ViewLayer | Synchronizing object | B092 • Civic Terrace
Fra:1 Mem:49.31M (Peak 49.31M) | Time:00:00.04 | Mem:0.00M, Peak:0.00M | Scene, ViewLayer | Synchronizing object | B093 • Civic Terrace
Fra:1 Mem:49.44M (Peak 49.44M) | Time:00:00.04 | Mem:0.00M, Peak:0.00M | Scene, ViewLayer | Synchronizing object | B094 • Civic Terrace
Fra:1 Mem:49.56M (Peak 49.56M) | Time:00:00.04 | Mem:0.00M, Peak:0.00M | Scene, ViewLayer | Synchronizing object | B095 • Civic Terrace
Fra:1 Mem:49.66M (Peak 49.66M) | Time:00:00.04 | Mem:0.00M, Peak:0.00M | Scene, ViewLayer | Synchronizing object | B096 • Civic Terrace
Fra:1 Mem:49.75M (Peak 49.75M) | Time:00:00.04 | Mem:0.00M, Peak:0.00M | Scene, ViewLayer | Synchronizing object | B097 • Civic Terrace
Fra:1 Mem:49.84M (Peak 49.84M) | Time:00:00.04 | Mem:0.00M, Peak:0.00M | Scene, ViewLayer | Synchronizing object | B098 • Civic Terrace
Fra:1 Mem:49.86M (Peak 49.86M) | Time:00:00.04 | Mem:0.00M, Peak:0.00M | Scene, ViewLayer | Synchronizing object | B099 • Civic Terrace
Fra:1 Mem:49.95M (Peak 49.95M) | Time:00:00.04 | Mem:0.00M, Peak:0.00M | Scene, ViewLayer | Synchronizing object | B100 • Civic Terrace
Fra:1 Mem:50.14M (Peak 50.17M) | Time:00:00.04 | Mem:0.00M, Peak:0.00M | Scene, ViewLayer | Synchronizing object | B101 • Civic Terrace
Fra:1 Mem:50.15M (Peak 50.17M) | Time:00:00.04 | Mem:0.00M, Peak:0.00M | Scene, ViewLayer | Synchronizing object | B102 • Civic Terrace
Fra:1 Mem:50.23M (Peak 50.23M) | Time:00:00.04 | Mem:0.00M, Peak:0.00M | Scene, ViewLayer | Synchronizing object | B103 • Garden Quarter
Fra:1 Mem:50.26M (Peak 50.26M) | Time:00:00.04 | Mem:0.00M, Peak:0.00M | Scene, ViewLayer | Synchronizing object | B104 • Garden Quarter
Fra:1 Mem:50.33M (Peak 50.33M) | Time:00:00.04 | Mem:0.00M, Peak:0.00M | Scene, ViewLayer | Synchronizing object | B105 • Garden Quarter
Fra:1 Mem:50.35M (Peak 50.35M) | Time:00:00.04 | Mem:0.00M, Peak:0.00M | Scene, ViewLayer | Synchronizing object | B107 • Garden Quarter
Fra:1 Mem:50.35M (Peak 50.35M) | Time:00:00.04 | Mem:0.00M, Peak:0.00M | Scene, ViewLayer | Synchronizing object | B108 • Garden Quarter
Fra:1 Mem:50.36M (Peak 50.37M) | Time:00:00.04 | Mem:0.00M, Peak:0.00M | Scene, ViewLayer | Synchronizing object | B109 • Garden Quarter
Fra:1 Mem:50.48M (Peak 50.48M) | Time:00:00.04 | Mem:0.00M, Peak:0.00M | Scene, ViewLayer | Synchronizing object | B110 • Garden Quarter
Fra:1 Mem:50.55M (Peak 50.55M) | Time:00:00.04 | Mem:0.00M, Peak:0.00M | Scene, ViewLayer | Synchronizing object | B111 • Garden Quarter
Fra:1 Mem:50.58M (Peak 50.57M) | Time:00:00.04 | Mem:0.00M, Peak:0.00M | Scene, ViewLayer | Synchronizing object | B112 • Garden Quarter
Fra:1 Mem:50.64M (Peak 50.64M) | Time:00:00.04 | Mem:0.00M, Peak:0.00M | Scene, ViewLayer | Synchronizing object | B116 • Garden Quarter
Fra:1 Mem:50.74M (Peak 50.74M) | Time:00:00.04 | Mem:0.00M, Peak:0.00M | Scene, ViewLayer | Synchronizing object | B117 • Garden Quarter
Fra:1 Mem:50.78M (Peak 50.78M) | Time:00:00.04 | Mem:0.00M, Peak:0.00M | Scene, ViewLayer | Synchronizing object | B118 • Garden Quarter
Fra:1 Mem:50.87M (Peak 50.87M) | Time:00:00.04 | Mem:0.00M, Peak:0.00M | Scene, ViewLayer | Synchronizing object | B119 • Garden Quarter
Fra:1 Mem:50.88M (Peak 50.88M) | Time:00:00.04 | Mem:0.00M, Peak:0.00M | Scene, ViewLayer | Synchronizing object | B120 • Garden Quarter
Fra:1 Mem:50.98M (Peak 50.97M) | Time:00:00.04 | Mem:0.00M, Peak:0.00M | Scene, ViewLayer | Synchronizing object | B122 • Innovation District
Fra:1 Mem:50.96M (Peak 50.97M) | Time:00:00.04 | Mem:0.00M, Peak:0.00M | Scene, ViewLayer | Synchronizing object | B124 • Innovation District
Fra:1 Mem:51.16M (Peak 51.16M) | Time:00:00.04 | Mem:0.00M, Peak:0.00M | Scene, ViewLayer | Synchronizing object | B125 • Innovation District
Fra:1 Mem:51.23M (Peak 51.23M) | Time:00:00.04 | Mem:0.00M, Peak:0.00M | Scene, ViewLayer | Synchronizing object | B126 • Innovation District
Fra:1 Mem:51.29M (Peak 51.29M) | Time:00:00.04 | Mem:0.00M, Peak:0.00M | Scene, ViewLayer | Synchronizing object | B127 • Innovation District
Fra:1 Mem:51.35M (Peak 51.35M) | Time:00:00.04 | Mem:0.00M, Peak:0.00M | Scene, ViewLayer | Synchronizing object | B128 • Innovation District
Fra:1 Mem:51.40M (Peak 51.40M) | Time:00:00.04 | Mem:0.00M, Peak:0.00M | Scene, ViewLayer | Synchronizing object | B129 • Innovation District
Fra:1 Mem:51.51M (Peak 51.51M) | Time:00:00.04 | Mem:0.00M, Peak:0.00M | Scene, ViewLayer | Synchronizing object | B130 • Innovation District
Fra:1 Mem:51.60M (Peak 51.60M) | Time:00:00.04 | Mem:0.00M, Peak:0.00M | Scene, ViewLayer | Synchronizing object | B131 • Innovation District
Fra:1 Mem:51.65M (Peak 51.65M) | Time:00:00.04 | Mem:0.00M, Peak:0.00M | Scene, ViewLayer | Synchronizing object | B132 • Innovation District
Fra:1 Mem:51.76M (Peak 51.76M) | Time:00:00.04 | Mem:0.00M, Peak:0.00M | Scene, ViewLayer | Synchronizing object | B133 • Innovation District
Fra:1 Mem:51.92M (Peak 51.92M) | Time:00:00.04 | Mem:0.00M, Peak:0.00M | Scene, ViewLayer | Synchronizing object | B134 • Innovation District
Fra:1 Mem:51.92M (Peak 51.92M) | Time:00:00.04 | Mem:0.00M, Peak:0.00M | Scene, ViewLayer | Synchronizing object | B135 • Innovation District
Fra:1 Mem:51.93M (Peak 51.93M) | Time:00:00.04 | Mem:0.00M, Peak:0.00M | Scene, ViewLayer | Synchronizing object | B136 • Innovation District
Fra:1 Mem:52.19M (Peak 52.19M) | Time:00:00.04 | Mem:0.00M, Peak:0.00M | Scene, ViewLayer | Synchronizing object | B137 • Innovation District
Fra:1 Mem:52.30M (Peak 52.30M) | Time:00:00.04 | Mem:0.00M, Peak:0.00M | Scene, ViewLayer | Synchronizing object | B138 • Innovation District
Fra:1 Mem:52.28M (Peak 52.30M) | Time:00:00.04 | Mem:0.00M, Peak:0.00M | Scene, ViewLayer | Synchronizing object | B140 • Garden Quarter
Fra:1 Mem:52.43M (Peak 52.43M) | Time:00:00.04 | Mem:0.00M, Peak:0.00M | Scene, ViewLayer | Synchronizing object | B141 • Garden Quarter
Fra:1 Mem:52.44M (Peak 52.44M) | Time:00:00.04 | Mem:0.00M, Peak:0.00M | Scene, ViewLayer | Synchronizing object | B142 • Garden Quarter
Fra:1 Mem:52.49M (Peak 52.49M) | Time:00:00.04 | Mem:0.00M, Peak:0.00M | Scene, ViewLayer | Synchronizing object | B143 • Garden Quarter
Fra:1 Mem:52.56M (Peak 52.56M) | Time:00:00.04 | Mem:0.00M, Peak:0.00M | Scene, ViewLayer | Synchronizing object | B144 • Garden Quarter
Fra:1 Mem:52.58M (Peak 52.58M) | Time:00:00.04 | Mem:0.00M, Peak:0.00M | Scene, ViewLayer | Synchronizing object | B145 • Garden Quarter
Fra:1 Mem:52.64M (Peak 52.64M) | Time:00:00.04 | Mem:0.00M, Peak:0.00M | Scene, ViewLayer | Synchronizing object | B146 • Garden Quarter
Fra:1 Mem:52.63M (Peak 52.64M) | Time:00:00.04 | Mem:0.00M, Peak:0.00M | Scene, ViewLayer | Synchronizing object | B147 • Garden Quarter
Fra:1 Mem:52.72M (Peak 52.72M) | Time:00:00.04 | Mem:0.00M, Peak:0.00M | Scene, ViewLayer | Synchronizing object | B148 • Garden Quarter
Fra:1 Mem:52.76M (Peak 52.76M) | Time:00:00.04 | Mem:0.00M, Peak:0.00M | Scene, ViewLayer | Synchronizing object | B149 • Garden Quarter
Fra:1 Mem:52.80M (Peak 52.80M) | Time:00:00.04 | Mem:0.00M, Peak:0.00M | Scene, ViewLayer | Synchronizing object | B150 • Garden Quarter
Fra:1 Mem:52.87M (Peak 52.87M) | Time:00:00.04 | Mem:0.00M, Peak:0.00M | Scene, ViewLayer | Synchronizing object | B151 • Innovation District
Fra:1 Mem:52.93M (Peak 52.93M) | Time:00:00.04 | Mem:0.00M, Peak:0.00M | Scene, ViewLayer | Synchronizing object | B152 • Innovation District
Fra:1 Mem:53.00M (Peak 53.00M) | Time:00:00.04 | Mem:0.00M, Peak:0.00M | Scene, ViewLayer | Synchronizing object | B153 • Innovation District
Fra:1 Mem:53.13M (Peak 53.13M) | Time:00:00.04 | Mem:0.00M, Peak:0.00M | Scene, ViewLayer | Synchronizing object | B154 • Innovation District
Fra:1 Mem:53.18M (Peak 53.18M) | Time:00:00.04 | Mem:0.00M, Peak:0.00M | Scene, ViewLayer | Synchronizing object | B155 • Innovation District
Fra:1 Mem:53.34M (Peak 53.34M) | Time:00:00.04 | Mem:0.00M, Peak:0.00M | Scene, ViewLayer | Synchronizing object | B156 • Innovation District
Fra:1 Mem:53.53M (Peak 53.53M) | Time:00:00.04 | Mem:0.00M, Peak:0.00M | Scene, ViewLayer | Synchronizing object | B157 • Innovation District
Fra:1 Mem:53.57M (Peak 53.57M) | Time:00:00.04 | Mem:0.00M, Peak:0.00M | Scene, ViewLayer | Synchronizing object | B158 • Innovation District
Fra:1 Mem:53.63M (Peak 53.63M) | Time:00:00.04 | Mem:0.00M, Peak:0.00M | Scene, ViewLayer | Synchronizing object | B159 • Innovation District
Fra:1 Mem:53.70M (Peak 53.70M) | Time:00:00.04 | Mem:0.00M, Peak:0.00M | Scene, ViewLayer | Synchronizing object | B160 • Innovation District
Fra:1 Mem:53.69M (Peak 53.70M) | Time:00:00.04 | Mem:0.00M, Peak:0.00M | Scene, ViewLayer | Synchronizing object | B161 • Innovation District
Fra:1 Mem:53.78M (Peak 53.78M) | Time:00:00.04 | Mem:0.00M, Peak:0.00M | Scene, ViewLayer | Synchronizing object | B162 • Innovation District
Fra:1 Mem:53.88M (Peak 53.88M) | Time:00:00.04 | Mem:0.00M, Peak:0.00M | Scene, ViewLayer | Synchronizing object | B163 • Innovation District
Fra:1 Mem:54.08M (Peak 54.08M) | Time:00:00.04 | Mem:0.00M, Peak:0.00M | Scene, ViewLayer | Synchronizing object | B164 • Innovation District
Fra:1 Mem:54.20M (Peak 54.20M) | Time:00:00.04 | Mem:0.00M, Peak:0.00M | Scene, ViewLayer | Synchronizing object | B165 • Innovation District
Fra:1 Mem:54.31M (Peak 54.31M) | Time:00:00.04 | Mem:0.00M, Peak:0.00M | Scene, ViewLayer | Synchronizing object | B166 • Innovation District
Fra:1 Mem:54.32M (Peak 54.34M) | Time:00:00.04 | Mem:0.00M, Peak:0.00M | Scene, ViewLayer | Synchronizing object | B167 • Innovation District
Fra:1 Mem:54.32M (Peak 54.34M) | Time:00:00.04 | Mem:0.00M, Peak:0.00M | Scene, ViewLayer | Synchronizing object | B168 • Innovation District
Fra:1 Mem:54.51M (Peak 54.51M) | Time:00:00.04 | Mem:0.00M, Peak:0.00M | Scene, ViewLayer | Synchronizing object | B169 • Garden Quarter
Fra:1 Mem:54.54M (Peak 54.54M) | Time:00:00.04 | Mem:0.00M, Peak:0.00M | Scene, ViewLayer | Synchronizing object | B170 • Garden Quarter
Fra:1 Mem:54.59M (Peak 54.59M) | Time:00:00.04 | Mem:0.00M, Peak:0.00M | Scene, ViewLayer | Synchronizing object | B171 • Garden Quarter
Fra:1 Mem:54.59M (Peak 54.59M) | Time:00:00.04 | Mem:0.00M, Peak:0.00M | Scene, ViewLayer | Synchronizing object | B172 • Garden Quarter
Fra:1 Mem:54.62M (Peak 54.62M) | Time:00:00.04 | Mem:0.00M, Peak:0.00M | Scene, ViewLayer | Synchronizing object | B173 • Garden Quarter
Fra:1 Mem:54.67M (Peak 54.67M) | Time:00:00.04 | Mem:0.00M, Peak:0.00M | Scene, ViewLayer | Synchronizing object | Afternoon sun
Fra:1 Mem:54.73M (Peak 54.73M) | Time:00:00.04 | Mem:0.00M, Peak:0.00M | Scene, ViewLayer | Synchronizing object | B174 • Garden Quarter
Fra:1 Mem:54.76M (Peak 54.76M) | Time:00:00.04 | Mem:0.00M, Peak:0.00M | Scene, ViewLayer | Synchronizing object | Sky fill
Fra:1 Mem:54.78M (Peak 54.78M) | Time:00:00.04 | Mem:0.00M, Peak:0.00M | Scene, ViewLayer | Synchronizing object | Warm softbox
Fra:1 Mem:54.79M (Peak 54.79M) | Time:00:00.04 | Mem:0.00M, Peak:0.00M | Scene, ViewLayer | Synchronizing object | Studio floor • excluded from GLB
Fra:1 Mem:54.76M (Peak 54.79M) | Time:00:00.04 | Mem:0.00M, Peak:0.00M | Scene, ViewLayer | Synchronizing object | B175 • Garden Quarter
Fra:1 Mem:54.76M (Peak 54.79M) | Time:00:00.04 | Mem:0.00M, Peak:0.00M | Scene, ViewLayer | Synchronizing object | B176 • Garden Quarter
Fra:1 Mem:54.78M (Peak 54.79M) | Time:00:00.04 | Mem:0.00M, Peak:0.00M | Scene, ViewLayer | Synchronizing object | B178 • Garden Quarter
Fra:1 Mem:54.99M (Peak 54.99M) | Time:00:00.04 | Mem:0.00M, Peak:0.00M | Scene, ViewLayer | Synchronizing object | B179 • Garden Quarter
Fra:1 Mem:55.05M (Peak 55.05M) | Time:00:00.04 | Mem:0.00M, Peak:0.00M | Scene, ViewLayer | Synchronizing object | Four station shelters • batched
Fra:1 Mem:55.13M (Peak 55.13M) | Time:00:00.04 | Mem:0.00M, Peak:0.00M | Scene, ViewLayer | Synchronizing object | B180 • Garden Quarter
Fra:1 Mem:55.11M (Peak 55.13M) | Time:00:00.04 | Mem:0.00M, Peak:0.00M | Scene, ViewLayer | Synchronizing object | B181 • Garden Quarter
Fra:1 Mem:55.17M (Peak 55.17M) | Time:00:00.04 | Mem:0.00M, Peak:0.00M | Scene, ViewLayer | Synchronizing object | B182 • Garden Quarter
Fra:1 Mem:55.25M (Peak 55.25M) | Time:00:00.04 | Mem:0.00M, Peak:0.00M | Scene, ViewLayer | Synchronizing object | B183 • Garden Quarter
Fra:1 Mem:55.25M (Peak 55.25M) | Time:00:00.04 | Mem:0.00M, Peak:0.00M | Scene, ViewLayer | Synchronizing object | B184 • Garden Quarter
Fra:1 Mem:55.31M (Peak 55.31M) | Time:00:00.04 | Mem:0.00M, Peak:0.00M | Scene, ViewLayer | Synchronizing object | B185 • Garden Quarter
Fra:1 Mem:55.32M (Peak 55.32M) | Time:00:00.04 | Mem:0.00M, Peak:0.00M | Scene, ViewLayer | Synchronizing object | Existing transit • corridor offset 2 m for visibility
Fra:1 Mem:55.32M (Peak 55.32M) | Time:00:00.04 | Mem:0.00M, Peak:0.00M | Scene, ViewLayer | Synchronizing object | B187 • Innovation District
Fra:1 Mem:55.37M (Peak 55.38M) | Time:00:00.04 | Mem:0.00M, Peak:0.00M | Scene, ViewLayer | Synchronizing object | B188 • Innovation District
Fra:1 Mem:55.54M (Peak 55.54M) | Time:00:00.04 | Mem:0.00M, Peak:0.00M | Scene, ViewLayer | Synchronizing object | B189 • Innovation District
Fra:1 Mem:55.61M (Peak 55.61M) | Time:00:00.04 | Mem:0.00M, Peak:0.00M | Scene, ViewLayer | Synchronizing object | B191 • Innovation District
Fra:1 Mem:55.69M (Peak 55.69M) | Time:00:00.04 | Mem:0.00M, Peak:0.00M | Scene, ViewLayer | Synchronizing object | B192 • Innovation District
Fra:1 Mem:56.01M (Peak 56.01M) | Time:00:00.04 | Mem:0.00M, Peak:0.00M | Scene, ViewLayer | Synchronizing object | B193 • Innovation District
Fra:1 Mem:56.03M (Peak 56.03M) | Time:00:00.04 | Mem:0.00M, Peak:0.00M | Scene, ViewLayer | Synchronizing object | B194 • Innovation District
Fra:1 Mem:56.14M (Peak 56.14M) | Time:00:00.04 | Mem:0.00M, Peak:0.00M | Scene, ViewLayer | Synchronizing object | B195 • Innovation District
Fra:1 Mem:56.20M (Peak 56.20M) | Time:00:00.04 | Mem:0.00M, Peak:0.00M | Scene, ViewLayer | Synchronizing object | B196 • Innovation District
Fra:1 Mem:56.22M (Peak 56.22M) | Time:00:00.04 | Mem:0.00M, Peak:0.00M | Scene, ViewLayer | Synchronizing object | B198 • Innovation District
Fra:1 Mem:56.35M (Peak 56.35M) | Time:00:00.04 | Mem:0.00M, Peak:0.00M | Scene, ViewLayer | Synchronizing object | B204 • Innovation District
Fra:1 Mem:56.49M (Peak 56.49M) | Time:00:00.04 | Mem:0.00M, Peak:0.00M | Scene, ViewLayer | Synchronizing object | B199 • Innovation District
Fra:1 Mem:56.54M (Peak 56.54M) | Time:00:00.04 | Mem:0.00M, Peak:0.00M | Scene, ViewLayer | Synchronizing object | B200 • Innovation District
Fra:1 Mem:56.62M (Peak 56.62M) | Time:00:00.04 | Mem:0.00M, Peak:0.00M | Scene, ViewLayer | Synchronizing object | B201 • Innovation District
Fra:1 Mem:56.64M (Peak 56.64M) | Time:00:00.04 | Mem:0.00M, Peak:0.00M | Scene, ViewLayer | Synchronizing object | B202 • Innovation District
Fra:1 Mem:56.84M (Peak 56.84M) | Time:00:00.04 | Mem:0.00M, Peak:0.00M | Scene, ViewLayer | Synchronizing object | B203 • Innovation District
Fra:1 Mem:56.92M (Peak 56.92M) | Time:00:00.04 | Mem:0.00M, Peak:0.00M | Scene, ViewLayer | Initializing
Fra:1 Mem:42.50M (Peak 56.92M) | Time:00:00.04 | Mem:0.00M, Peak:0.00M | Scene, ViewLayer | Waiting for render to start
Fra:1 Mem:42.50M (Peak 56.92M) | Time:00:00.04 | Mem:0.00M, Peak:0.00M | Scene, ViewLayer | Updating Scene
Fra:1 Mem:42.50M (Peak 56.92M) | Time:00:00.04 | Mem:0.00M, Peak:0.00M | Scene, ViewLayer | Updating Shaders
Fra:1 Mem:42.50M (Peak 56.92M) | Time:00:00.04 | Mem:0.00M, Peak:0.00M | Scene, ViewLayer | Loading render kernels (may take a few minutes the first time)
Fra:1 Mem:42.62M (Peak 56.92M) | Time:00:00.05 | Mem:0.05M, Peak:0.05M | Scene, ViewLayer | Updating Procedurals
Fra:1 Mem:42.62M (Peak 56.92M) | Time:00:00.05 | Mem:0.05M, Peak:0.05M | Scene, ViewLayer | Updating Background
Fra:1 Mem:42.62M (Peak 56.92M) | Time:00:00.05 | Mem:0.05M, Peak:0.05M | Scene, ViewLayer | Updating Camera
Fra:1 Mem:42.62M (Peak 56.92M) | Time:00:00.05 | Mem:0.05M, Peak:0.05M | Scene, ViewLayer | Updating Meshes Flags
Fra:1 Mem:42.62M (Peak 56.92M) | Time:00:00.05 | Mem:0.05M, Peak:0.05M | Scene, ViewLayer | Updating Objects
Fra:1 Mem:42.62M (Peak 56.92M) | Time:00:00.05 | Mem:0.05M, Peak:0.05M | Scene, ViewLayer | Updating Objects | Copying Transformations to device
Fra:1 Mem:42.75M (Peak 56.92M) | Time:00:00.05 | Mem:0.17M, Peak:0.17M | Scene, ViewLayer | Updating Particle Systems
Fra:1 Mem:42.75M (Peak 56.92M) | Time:00:00.05 | Mem:0.17M, Peak:0.17M | Scene, ViewLayer | Updating Particle Systems | Copying Particles to device
Fra:1 Mem:42.75M (Peak 56.92M) | Time:00:00.05 | Mem:0.17M, Peak:0.17M | Scene, ViewLayer | Updating Meshes
Fra:1 Mem:42.75M (Peak 56.92M) | Time:00:00.05 | Mem:0.17M, Peak:0.17M | Scene, ViewLayer | Updating Objects | Applying Static Transformations
Fra:1 Mem:42.75M (Peak 56.92M) | Time:00:00.05 | Mem:0.17M, Peak:0.17M | Scene, ViewLayer | Updating Mesh | Computing attributes
Fra:1 Mem:45.21M (Peak 56.92M) | Time:00:00.05 | Mem:0.19M, Peak:0.19M | Scene, ViewLayer | Updating Mesh | Copying Attributes to device
Fra:1 Mem:45.16M (Peak 56.92M) | Time:00:00.05 | Mem:2.58M, Peak:2.58M | Scene, ViewLayer | Updating Geometry BVH Shared streetlight assembly 3/2 | Building BVH
Fra:1 Mem:45.16M (Peak 56.92M) | Time:00:00.05 | Mem:2.58M, Peak:2.58M | Scene, ViewLayer | Updating Geometry BVH Shared streetlight assembly 3/2 | Building BVH 0%
Fra:1 Mem:45.16M (Peak 56.92M) | Time:00:00.05 | Mem:2.59M, Peak:2.59M | Scene, ViewLayer | Updating Geometry BVH Shared tree • trunk and crown joined 2/2 | Building BVH
Fra:1 Mem:45.16M (Peak 56.92M) | Time:00:00.05 | Mem:2.59M, Peak:2.59M | Scene, ViewLayer | Updating Scene BVH | Building
Fra:1 Mem:45.17M (Peak 56.92M) | Time:00:00.05 | Mem:2.59M, Peak:2.59M | Scene, ViewLayer | Updating Scene BVH | Building BVH
Fra:1 Mem:45.17M (Peak 56.92M) | Time:00:00.07 | Mem:20.29M, Peak:27.97M | Scene, ViewLayer | Updating Scene BVH | Copying BVH to device
Fra:1 Mem:45.17M (Peak 56.92M) | Time:00:00.07 | Mem:20.29M, Peak:27.97M | Scene, ViewLayer | Updating Mesh | Computing normals
Fra:1 Mem:53.79M (Peak 56.92M) | Time:00:00.08 | Mem:20.29M, Peak:27.97M | Scene, ViewLayer | Updating Mesh | Copying Mesh to device
Fra:1 Mem:53.79M (Peak 56.92M) | Time:00:00.08 | Mem:28.91M, Peak:28.91M | Scene, ViewLayer | Updating Objects Flags
Fra:1 Mem:53.79M (Peak 56.92M) | Time:00:00.08 | Mem:28.92M, Peak:28.92M | Scene, ViewLayer | Updating Primitive Offsets
Fra:1 Mem:53.79M (Peak 56.92M) | Time:00:00.08 | Mem:28.92M, Peak:28.92M | Scene, ViewLayer | Updating Images
Fra:1 Mem:53.79M (Peak 56.92M) | Time:00:00.08 | Mem:28.92M, Peak:28.92M | Scene, ViewLayer | Updating Camera Volume
Fra:1 Mem:53.79M (Peak 56.92M) | Time:00:00.08 | Mem:28.92M, Peak:28.92M | Scene, ViewLayer | Updating Lookup Tables
Fra:1 Mem:53.79M (Peak 56.92M) | Time:00:00.08 | Mem:29.00M, Peak:29.00M | Scene, ViewLayer | Updating Lights
Fra:1 Mem:53.79M (Peak 56.92M) | Time:00:00.08 | Mem:29.00M, Peak:29.00M | Scene, ViewLayer | Updating Lights | Computing tree
Fra:1 Mem:53.80M (Peak 56.92M) | Time:00:00.08 | Mem:29.01M, Peak:29.01M | Scene, ViewLayer | Updating Integrator
Fra:1 Mem:53.80M (Peak 56.92M) | Time:00:00.08 | Mem:29.01M, Peak:29.01M | Scene, ViewLayer | Updating Film
Fra:1 Mem:53.80M (Peak 56.92M) | Time:00:00.08 | Mem:28.93M, Peak:29.01M | Scene, ViewLayer | Updating Lookup Tables
Fra:1 Mem:53.80M (Peak 56.92M) | Time:00:00.08 | Mem:29.01M, Peak:29.01M | Scene, ViewLayer | Updating Baking
Fra:1 Mem:53.80M (Peak 56.92M) | Time:00:00.08 | Mem:29.01M, Peak:29.01M | Scene, ViewLayer | Updating Device | Writing constant memory
Fra:1 Mem:53.81M (Peak 56.92M) | Time:00:00.08 | Mem:29.01M, Peak:29.01M | Scene, ViewLayer | Loading denoising kernels (may take a few minutes the first time)
Fra:1 Mem:53.81M (Peak 56.92M) | Time:00:00.08 | Mem:29.01M, Peak:29.01M | Scene, ViewLayer | Sample 0/32
Fra:1 Mem:158.27M (Peak 158.27M) | Time:00:01.26 | Remaining:00:36.59 | Mem:133.38M, Peak:133.38M | Scene, ViewLayer | Sample 1/32
Fra:1 Mem:202.21M (Peak 268.13M) | Time:00:42.44 | Mem:133.38M, Peak:133.38M | Scene, ViewLayer | Sample 32/32
Fra:1 Mem:202.21M (Peak 268.13M) | Time:00:42.44 | Mem:133.38M, Peak:133.38M | Scene, ViewLayer | Finished
Saved: '/home/naresh/Documents/nareshpane.github.io/research/gpt-6-astra-blender/renders/access_before.png'
Time: 00:42.62 (Saving: 00:00.17)

Read blend: "/home/naresh/Documents/nareshpane.github.io/research/gpt-6-astra-blender/blender/city_master.blend"
Fra:1 Mem:42.47M (Peak 42.47M) | Time:00:00.03 | Mem:0.00M, Peak:0.00M | Scene, ViewLayer | Synchronizing object | City foundation
Fra:1 Mem:42.47M (Peak 42.47M) | Time:00:00.03 | Mem:0.00M, Peak:0.00M | Scene, ViewLayer | Synchronizing object | River • fictional coordinates
Fra:1 Mem:42.47M (Peak 42.47M) | Time:00:00.03 | Mem:0.00M, Peak:0.00M | Scene, ViewLayer | Synchronizing object | Park_5-1
Fra:1 Mem:42.48M (Peak 42.48M) | Time:00:00.03 | Mem:0.00M, Peak:0.00M | Scene, ViewLayer | Synchronizing object | Park_0-4
Fra:1 Mem:42.48M (Peak 42.48M) | Time:00:00.03 | Mem:0.00M, Peak:0.00M | Scene, ViewLayer | Synchronizing object | Road_1-9
Fra:1 Mem:42.48M (Peak 42.48M) | Time:00:00.03 | Mem:0.00M, Peak:0.00M | Scene, ViewLayer | Synchronizing object | Road_1-2
Fra:1 Mem:42.48M (Peak 42.48M) | Time:00:00.03 | Mem:0.00M, Peak:0.00M | Scene, ViewLayer | Synchronizing object | Road_2-3
Fra:1 Mem:42.48M (Peak 42.48M) | Time:00:00.03 | Mem:0.00M, Peak:0.00M | Scene, ViewLayer | Synchronizing object | Road_4-12
Fra:1 Mem:42.48M (Peak 42.48M) | Time:00:00.03 | Mem:0.00M, Peak:0.00M | Scene, ViewLayer | Synchronizing object | Road_4-5
Fra:1 Mem:42.49M (Peak 42.49M) | Time:00:00.03 | Mem:0.00M, Peak:0.00M | Scene, ViewLayer | Synchronizing object | Road_5-6
Fra:1 Mem:42.49M (Peak 42.49M) | Time:00:00.03 | Mem:0.00M, Peak:0.00M | Scene, ViewLayer | Synchronizing object | Road_6-14
Fra:1 Mem:42.49M (Peak 42.49M) | Time:00:00.03 | Mem:0.00M, Peak:0.00M | Scene, ViewLayer | Synchronizing object | Road_6-7
Fra:1 Mem:42.49M (Peak 42.49M) | Time:00:00.03 | Mem:0.00M, Peak:0.00M | Scene, ViewLayer | Synchronizing object | Road_7-15
Fra:1 Mem:42.49M (Peak 42.49M) | Time:00:00.03 | Mem:0.00M, Peak:0.00M | Scene, ViewLayer | Synchronizing object | Road_8-16
Fra:1 Mem:42.49M (Peak 42.49M) | Time:00:00.03 | Mem:0.00M, Peak:0.00M | Scene, ViewLayer | Synchronizing object | Road_8-9
Fra:1 Mem:42.49M (Peak 42.49M) | Time:00:00.03 | Mem:0.00M, Peak:0.00M | Scene, ViewLayer | Synchronizing object | Road_9-10
Fra:1 Mem:42.50M (Peak 42.50M) | Time:00:00.03 | Mem:0.00M, Peak:0.00M | Scene, ViewLayer | Synchronizing object | Road_10-18
Fra:1 Mem:42.50M (Peak 42.50M) | Time:00:00.03 | Mem:0.00M, Peak:0.00M | Scene, ViewLayer | Synchronizing object | Road_10-11
Fra:1 Mem:42.50M (Peak 42.50M) | Time:00:00.03 | Mem:0.00M, Peak:0.00M | Scene, ViewLayer | Synchronizing object | Road_11-19
Fra:1 Mem:42.50M (Peak 42.50M) | Time:00:00.03 | Mem:0.00M, Peak:0.00M | Scene, ViewLayer | Synchronizing object | Road_11-12
Fra:1 Mem:42.50M (Peak 42.50M) | Time:00:00.03 | Mem:0.00M, Peak:0.00M | Scene, ViewLayer | Synchronizing object | BridgeRail_11-12
Fra:1 Mem:42.51M (Peak 42.51M) | Time:00:00.03 | Mem:0.00M, Peak:0.00M | Scene, ViewLayer | Synchronizing object | Road_12-20
Fra:1 Mem:42.51M (Peak 42.51M) | Time:00:00.03 | Mem:0.00M, Peak:0.00M | Scene, ViewLayer | Synchronizing object | Road_12-13
Fra:1 Mem:42.52M (Peak 42.52M) | Time:00:00.03 | Mem:0.00M, Peak:0.00M | Scene, ViewLayer | Synchronizing object | Road_13-21
Fra:1 Mem:42.52M (Peak 42.52M) | Time:00:00.03 | Mem:0.00M, Peak:0.00M | Scene, ViewLayer | Synchronizing object | Road_13-14
Fra:1 Mem:42.52M (Peak 42.52M) | Time:00:00.03 | Mem:0.00M, Peak:0.00M | Scene, ViewLayer | Synchronizing object | Road_14-22
Fra:1 Mem:42.52M (Peak 42.52M) | Time:00:00.03 | Mem:0.00M, Peak:0.00M | Scene, ViewLayer | Synchronizing object | Road_14-15
Fra:1 Mem:42.52M (Peak 42.52M) | Time:00:00.03 | Mem:0.00M, Peak:0.00M | Scene, ViewLayer | Synchronizing object | Road_15-23
Fra:1 Mem:42.53M (Peak 42.53M) | Time:00:00.03 | Mem:0.00M, Peak:0.00M | Scene, ViewLayer | Synchronizing object | Road_16-24
Fra:1 Mem:42.53M (Peak 42.53M) | Time:00:00.03 | Mem:0.00M, Peak:0.00M | Scene, ViewLayer | Synchronizing object | Road_16-17
Fra:1 Mem:42.53M (Peak 42.53M) | Time:00:00.03 | Mem:0.00M, Peak:0.00M | Scene, ViewLayer | Synchronizing object | Road_17-25
Fra:1 Mem:42.53M (Peak 42.53M) | Time:00:00.03 | Mem:0.00M, Peak:0.00M | Scene, ViewLayer | Synchronizing object | Road_17-18
Fra:1 Mem:42.53M (Peak 42.53M) | Time:00:00.03 | Mem:0.00M, Peak:0.00M | Scene, ViewLayer | Synchronizing object | Road_19-27
Fra:1 Mem:42.53M (Peak 42.53M) | Time:00:00.03 | Mem:0.00M, Peak:0.00M | Scene, ViewLayer | Synchronizing object | Road_20-28
Fra:1 Mem:42.53M (Peak 42.53M) | Time:00:00.03 | Mem:0.00M, Peak:0.00M | Scene, ViewLayer | Synchronizing object | Road_20-21
Fra:1 Mem:42.53M (Peak 42.53M) | Time:00:00.03 | Mem:0.00M, Peak:0.00M | Scene, ViewLayer | Synchronizing object | Road_21-29
Fra:1 Mem:42.54M (Peak 42.54M) | Time:00:00.03 | Mem:0.00M, Peak:0.00M | Scene, ViewLayer | Synchronizing object | Road_21-22
Fra:1 Mem:42.54M (Peak 42.54M) | Time:00:00.03 | Mem:0.00M, Peak:0.00M | Scene, ViewLayer | Synchronizing object | Road_22-30
Fra:1 Mem:42.54M (Peak 42.54M) | Time:00:00.03 | Mem:0.00M, Peak:0.00M | Scene, ViewLayer | Synchronizing object | Road_22-23
Fra:1 Mem:42.54M (Peak 42.54M) | Time:00:00.03 | Mem:0.00M, Peak:0.00M | Scene, ViewLayer | Synchronizing object | Road_23-31
Fra:1 Mem:42.54M (Peak 42.54M) | Time:00:00.03 | Mem:0.00M, Peak:0.00M | Scene, ViewLayer | Synchronizing object | Road_24-32
Fra:1 Mem:42.54M (Peak 42.54M) | Time:00:00.03 | Mem:0.00M, Peak:0.00M | Scene, ViewLayer | Synchronizing object | Road_24-25
Fra:1 Mem:42.54M (Peak 42.54M) | Time:00:00.03 | Mem:0.00M, Peak:0.00M | Scene, ViewLayer | Synchronizing object | Road_25-33
Fra:1 Mem:42.55M (Peak 42.55M) | Time:00:00.03 | Mem:0.00M, Peak:0.00M | Scene, ViewLayer | Synchronizing object | Road_25-26
Fra:1 Mem:42.55M (Peak 42.55M) | Time:00:00.03 | Mem:0.00M, Peak:0.00M | Scene, ViewLayer | Synchronizing object | Road_26-34
Fra:1 Mem:42.55M (Peak 42.55M) | Time:00:00.03 | Mem:0.00M, Peak:0.00M | Scene, ViewLayer | Synchronizing object | Road_26-27
Fra:1 Mem:42.55M (Peak 42.55M) | Time:00:00.03 | Mem:0.00M, Peak:0.00M | Scene, ViewLayer | Synchronizing object | Road_27-35
Fra:1 Mem:42.55M (Peak 42.55M) | Time:00:00.03 | Mem:0.00M, Peak:0.00M | Scene, ViewLayer | Synchronizing object | Road_28-29
Fra:1 Mem:42.55M (Peak 42.55M) | Time:00:00.03 | Mem:0.00M, Peak:0.00M | Scene, ViewLayer | Synchronizing object | Road_29-30
Fra:1 Mem:42.55M (Peak 42.55M) | Time:00:00.03 | Mem:0.00M, Peak:0.00M | Scene, ViewLayer | Synchronizing object | Road_30-38
Fra:1 Mem:42.55M (Peak 42.55M) | Time:00:00.03 | Mem:0.00M, Peak:0.00M | Scene, ViewLayer | Synchronizing object | Road_30-31
Fra:1 Mem:42.56M (Peak 42.56M) | Time:00:00.03 | Mem:0.00M, Peak:0.00M | Scene, ViewLayer | Synchronizing object | Road_31-39
Fra:1 Mem:42.56M (Peak 42.56M) | Time:00:00.03 | Mem:0.00M, Peak:0.00M | Scene, ViewLayer | Synchronizing object | Road_32-40
Fra:1 Mem:42.56M (Peak 42.56M) | Time:00:00.03 | Mem:0.00M, Peak:0.00M | Scene, ViewLayer | Synchronizing object | Road_32-33
Fra:1 Mem:42.56M (Peak 42.56M) | Time:00:00.03 | Mem:0.00M, Peak:0.00M | Scene, ViewLayer | Synchronizing object | Road_33-41
Fra:1 Mem:42.56M (Peak 42.56M) | Time:00:00.03 | Mem:0.00M, Peak:0.00M | Scene, ViewLayer | Synchronizing object | Road_33-34
Fra:1 Mem:42.56M (Peak 42.56M) | Time:00:00.03 | Mem:0.00M, Peak:0.00M | Scene, ViewLayer | Synchronizing object | Road_34-42
Fra:1 Mem:42.56M (Peak 42.56M) | Time:00:00.03 | Mem:0.00M, Peak:0.00M | Scene, ViewLayer | Synchronizing object | Road_34-35
Fra:1 Mem:42.56M (Peak 42.56M) | Time:00:00.03 | Mem:0.00M, Peak:0.00M | Scene, ViewLayer | Synchronizing object | Road_35-43
Fra:1 Mem:42.57M (Peak 42.57M) | Time:00:00.03 | Mem:0.00M, Peak:0.00M | Scene, ViewLayer | Synchronizing object | Road_35-36
Fra:1 Mem:42.57M (Peak 42.57M) | Time:00:00.03 | Mem:0.00M, Peak:0.00M | Scene, ViewLayer | Synchronizing object | BridgeRail_35-36
Fra:1 Mem:42.57M (Peak 42.57M) | Time:00:00.03 | Mem:0.00M, Peak:0.00M | Scene, ViewLayer | Synchronizing object | Road_36-44
Fra:1 Mem:42.57M (Peak 42.57M) | Time:00:00.03 | Mem:0.00M, Peak:0.00M | Scene, ViewLayer | Synchronizing object | Road_36-37
Fra:1 Mem:42.58M (Peak 42.58M) | Time:00:00.03 | Mem:0.00M, Peak:0.00M | Scene, ViewLayer | Synchronizing object | Road_37-45
Fra:1 Mem:42.59M (Peak 42.59M) | Time:00:00.03 | Mem:0.00M, Peak:0.00M | Scene, ViewLayer | Synchronizing object | Road_37-38
Fra:1 Mem:42.59M (Peak 42.59M) | Time:00:00.03 | Mem:0.00M, Peak:0.00M | Scene, ViewLayer | Synchronizing object | Road_38-39
Fra:1 Mem:42.59M (Peak 42.59M) | Time:00:00.03 | Mem:0.00M, Peak:0.00M | Scene, ViewLayer | Synchronizing object | Road_39-47
Fra:1 Mem:42.59M (Peak 42.59M) | Time:00:00.03 | Mem:0.00M, Peak:0.00M | Scene, ViewLayer | Synchronizing object | Road_40-48
Fra:1 Mem:42.59M (Peak 42.59M) | Time:00:00.03 | Mem:0.00M, Peak:0.00M | Scene, ViewLayer | Synchronizing object | Road_40-41
Fra:1 Mem:42.59M (Peak 42.59M) | Time:00:00.03 | Mem:0.00M, Peak:0.00M | Scene, ViewLayer | Synchronizing object | Road_41-49
Fra:1 Mem:42.59M (Peak 42.59M) | Time:00:00.03 | Mem:0.00M, Peak:0.00M | Scene, ViewLayer | Synchronizing object | Road_41-42
Fra:1 Mem:42.60M (Peak 42.60M) | Time:00:00.03 | Mem:0.00M, Peak:0.00M | Scene, ViewLayer | Synchronizing object | Road_42-50
Fra:1 Mem:42.60M (Peak 42.60M) | Time:00:00.03 | Mem:0.00M, Peak:0.00M | Scene, ViewLayer | Synchronizing object | Road_42-43
Fra:1 Mem:42.60M (Peak 42.60M) | Time:00:00.03 | Mem:0.00M, Peak:0.00M | Scene, ViewLayer | Synchronizing object | Road_43-51
Fra:1 Mem:42.60M (Peak 42.60M) | Time:00:00.03 | Mem:0.00M, Peak:0.00M | Scene, ViewLayer | Synchronizing object | Road_44-52
Fra:1 Mem:42.60M (Peak 42.60M) | Time:00:00.03 | Mem:0.00M, Peak:0.00M | Scene, ViewLayer | Synchronizing object | Road_44-45
Fra:1 Mem:42.60M (Peak 42.60M) | Time:00:00.03 | Mem:0.00M, Peak:0.00M | Scene, ViewLayer | Synchronizing object | Road_45-53
Fra:1 Mem:42.60M (Peak 42.60M) | Time:00:00.03 | Mem:0.00M, Peak:0.00M | Scene, ViewLayer | Synchronizing object | Road_45-46
Fra:1 Mem:42.61M (Peak 42.61M) | Time:00:00.03 | Mem:0.00M, Peak:0.00M | Scene, ViewLayer | Synchronizing object | Road_46-54
Fra:1 Mem:42.61M (Peak 42.61M) | Time:00:00.03 | Mem:0.00M, Peak:0.00M | Scene, ViewLayer | Synchronizing object | Road_46-47
Fra:1 Mem:42.61M (Peak 42.61M) | Time:00:00.03 | Mem:0.00M, Peak:0.00M | Scene, ViewLayer | Synchronizing object | Road_47-55
Fra:1 Mem:42.61M (Peak 42.61M) | Time:00:00.03 | Mem:0.00M, Peak:0.00M | Scene, ViewLayer | Synchronizing object | Road_48-49
Fra:1 Mem:42.61M (Peak 42.61M) | Time:00:00.03 | Mem:0.00M, Peak:0.00M | Scene, ViewLayer | Synchronizing object | Road_49-50
Fra:1 Mem:42.61M (Peak 42.61M) | Time:00:00.03 | Mem:0.00M, Peak:0.00M | Scene, ViewLayer | Synchronizing object | Road_50-51
Fra:1 Mem:42.61M (Peak 42.61M) | Time:00:00.03 | Mem:0.00M, Peak:0.00M | Scene, ViewLayer | Synchronizing object | Road_52-53
Fra:1 Mem:42.61M (Peak 42.61M) | Time:00:00.03 | Mem:0.00M, Peak:0.00M | Scene, ViewLayer | Synchronizing object | Road_54-55
Fra:1 Mem:42.62M (Peak 42.62M) | Time:00:00.03 | Mem:0.00M, Peak:0.00M | Scene, ViewLayer | Synchronizing object | All block sidewalks
Fra:1 Mem:42.62M (Peak 42.62M) | Time:00:00.03 | Mem:0.00M, Peak:0.00M | Scene, ViewLayer | Synchronizing object | All lane dashes and crossings
Fra:1 Mem:42.63M (Peak 42.64M) | Time:00:00.03 | Mem:0.00M, Peak:0.00M | Scene, ViewLayer | Synchronizing object | B001 • Old Quay
Fra:1 Mem:42.85M (Peak 42.85M) | Time:00:00.03 | Mem:0.00M, Peak:0.00M | Scene, ViewLayer | Synchronizing object | B002 • Old Quay
Fra:1 Mem:42.84M (Peak 42.85M) | Time:00:00.03 | Mem:0.00M, Peak:0.00M | Scene, ViewLayer | Synchronizing object | B003 • Old Quay
Fra:1 Mem:43.16M (Peak 43.16M) | Time:00:00.03 | Mem:0.00M, Peak:0.00M | Scene, ViewLayer | Synchronizing object | B004 • Old Quay
Fra:1 Mem:43.37M (Peak 43.37M) | Time:00:00.03 | Mem:0.00M, Peak:0.00M | Scene, ViewLayer | Synchronizing object | B005 • Old Quay
Fra:1 Mem:43.48M (Peak 43.48M) | Time:00:00.03 | Mem:0.00M, Peak:0.00M | Scene, ViewLayer | Synchronizing object | B006 • Old Quay
Fra:1 Mem:43.60M (Peak 43.60M) | Time:00:00.03 | Mem:0.00M, Peak:0.00M | Scene, ViewLayer | Synchronizing object | B007 • Old Quay
Fra:1 Mem:43.62M (Peak 43.62M) | Time:00:00.03 | Mem:0.00M, Peak:0.00M | Scene, ViewLayer | Synchronizing object | B008 • Old Quay
Fra:1 Mem:43.63M (Peak 43.64M) | Time:00:00.03 | Mem:0.00M, Peak:0.00M | Scene, ViewLayer | Synchronizing object | B009 • Old Quay
Fra:1 Mem:43.74M (Peak 43.74M) | Time:00:00.03 | Mem:0.00M, Peak:0.00M | Scene, ViewLayer | Synchronizing object | B010 • Old Quay
Fra:1 Mem:43.74M (Peak 43.74M) | Time:00:00.03 | Mem:0.00M, Peak:0.00M | Scene, ViewLayer | Synchronizing object | B011 • Old Quay
Fra:1 Mem:43.84M (Peak 43.84M) | Time:00:00.03 | Mem:0.00M, Peak:0.00M | Scene, ViewLayer | Synchronizing object | B012 • Old Quay
Fra:1 Mem:43.89M (Peak 43.89M) | Time:00:00.03 | Mem:0.00M, Peak:0.00M | Scene, ViewLayer | Synchronizing object | B013 • Old Quay
Fra:1 Mem:43.91M (Peak 43.91M) | Time:00:00.03 | Mem:0.00M, Peak:0.00M | Scene, ViewLayer | Synchronizing object | B014 • Old Quay
Fra:1 Mem:44.01M (Peak 44.01M) | Time:00:00.03 | Mem:0.00M, Peak:0.00M | Scene, ViewLayer | Synchronizing object | B015 • Old Quay
Fra:1 Mem:44.04M (Peak 44.04M) | Time:00:00.03 | Mem:0.00M, Peak:0.00M | Scene, ViewLayer | Synchronizing object | B016 • Old Quay
Fra:1 Mem:44.06M (Peak 44.06M) | Time:00:00.03 | Mem:0.00M, Peak:0.00M | Scene, ViewLayer | Synchronizing object | B017 • Old Quay
Fra:1 Mem:44.10M (Peak 44.10M) | Time:00:00.03 | Mem:0.00M, Peak:0.00M | Scene, ViewLayer | Synchronizing object | B018 • Old Quay
Fra:1 Mem:44.26M (Peak 44.26M) | Time:00:00.03 | Mem:0.00M, Peak:0.00M | Scene, ViewLayer | Synchronizing object | B019 • Civic Terrace
Fra:1 Mem:44.33M (Peak 44.33M) | Time:00:00.03 | Mem:0.00M, Peak:0.00M | Scene, ViewLayer | Synchronizing object | B020 • Civic Terrace
Fra:1 Mem:44.35M (Peak 44.35M) | Time:00:00.03 | Mem:0.00M, Peak:0.00M | Scene, ViewLayer | Synchronizing object | B021 • Civic Terrace
Fra:1 Mem:44.37M (Peak 44.37M) | Time:00:00.03 | Mem:0.00M, Peak:0.00M | Scene, ViewLayer | Synchronizing object | B022 • Civic Terrace
Fra:1 Mem:44.50M (Peak 44.50M) | Time:00:00.03 | Mem:0.00M, Peak:0.00M | Scene, ViewLayer | Synchronizing object | B023 • Civic Terrace
Fra:1 Mem:44.71M (Peak 44.71M) | Time:00:00.03 | Mem:0.00M, Peak:0.00M | Scene, ViewLayer | Synchronizing object | B024 • Civic Terrace
Fra:1 Mem:44.82M (Peak 44.82M) | Time:00:00.03 | Mem:0.00M, Peak:0.00M | Scene, ViewLayer | Synchronizing object | B025 • Civic Terrace
Fra:1 Mem:44.79M (Peak 44.82M) | Time:00:00.03 | Mem:0.00M, Peak:0.00M | Scene, ViewLayer | Synchronizing object | B026 • Civic Terrace
Fra:1 Mem:45.09M (Peak 45.09M) | Time:00:00.03 | Mem:0.00M, Peak:0.00M | Scene, ViewLayer | Synchronizing object | B027 • Civic Terrace
Fra:1 Mem:45.20M (Peak 45.20M) | Time:00:00.03 | Mem:0.00M, Peak:0.00M | Scene, ViewLayer | Synchronizing object | B028 • Civic Terrace
Fra:1 Mem:45.24M (Peak 45.24M) | Time:00:00.03 | Mem:0.00M, Peak:0.00M | Scene, ViewLayer | Synchronizing object | B030 • Civic Terrace
Fra:1 Mem:45.27M (Peak 45.27M) | Time:00:00.03 | Mem:0.00M, Peak:0.00M | Scene, ViewLayer | Synchronizing object | B031 • Civic Terrace
Fra:1 Mem:45.52M (Peak 45.52M) | Time:00:00.03 | Mem:0.00M, Peak:0.00M | Scene, ViewLayer | Synchronizing object | B032 • Civic Terrace
Fra:1 Mem:45.55M (Peak 45.55M) | Time:00:00.03 | Mem:0.00M, Peak:0.00M | Scene, ViewLayer | Synchronizing object | B033 • Civic Terrace
Fra:1 Mem:45.61M (Peak 45.61M) | Time:00:00.03 | Mem:0.00M, Peak:0.00M | Scene, ViewLayer | Synchronizing object | B034 • Civic Terrace
Fra:1 Mem:45.98M (Peak 45.98M) | Time:00:00.03 | Mem:0.00M, Peak:0.00M | Scene, ViewLayer | Synchronizing object | B035 • Civic Terrace
Fra:1 Mem:46.04M (Peak 46.04M) | Time:00:00.03 | Mem:0.00M, Peak:0.00M | Scene, ViewLayer | Synchronizing object | B036 • Civic Terrace
Fra:1 Mem:46.15M (Peak 46.15M) | Time:00:00.03 | Mem:0.00M, Peak:0.00M | Scene, ViewLayer | Synchronizing object | B037 • Old Quay
Fra:1 Mem:46.17M (Peak 46.17M) | Time:00:00.03 | Mem:0.00M, Peak:0.00M | Scene, ViewLayer | Synchronizing object | B038 • Old Quay
Fra:1 Mem:46.21M (Peak 46.21M) | Time:00:00.03 | Mem:0.00M, Peak:0.00M | Scene, ViewLayer | Synchronizing object | B039 • Old Quay
Fra:1 Mem:46.37M (Peak 46.37M) | Time:00:00.03 | Mem:0.00M, Peak:0.00M | Scene, ViewLayer | Synchronizing object | B040 • Old Quay
Fra:1 Mem:46.38M (Peak 46.38M) | Time:00:00.03 | Mem:0.00M, Peak:0.00M | Scene, ViewLayer | Synchronizing object | B042 • Old Quay
Fra:1 Mem:46.44M (Peak 46.44M) | Time:00:00.03 | Mem:0.00M, Peak:0.00M | Scene, ViewLayer | Synchronizing object | B043 • Old Quay
Fra:1 Mem:46.53M (Peak 46.53M) | Time:00:00.03 | Mem:0.00M, Peak:0.00M | Scene, ViewLayer | Synchronizing object | B044 • Old Quay
Fra:1 Mem:46.61M (Peak 46.61M) | Time:00:00.03 | Mem:0.00M, Peak:0.00M | Scene, ViewLayer | Synchronizing object | B045 • Old Quay
Fra:1 Mem:46.61M (Peak 46.61M) | Time:00:00.03 | Mem:0.00M, Peak:0.00M | Scene, ViewLayer | Synchronizing object | B048 • Old Quay
Fra:1 Mem:46.78M (Peak 46.78M) | Time:00:00.03 | Mem:0.00M, Peak:0.00M | Scene, ViewLayer | Synchronizing object | B049 • Old Quay
Fra:1 Mem:46.67M (Peak 46.78M) | Time:00:00.03 | Mem:0.00M, Peak:0.00M | Scene, ViewLayer | Synchronizing object | B050 • Old Quay
Fra:1 Mem:46.69M (Peak 46.78M) | Time:00:00.03 | Mem:0.00M, Peak:0.00M | Scene, ViewLayer | Synchronizing object | B051 • Old Quay
Fra:1 Mem:46.77M (Peak 46.78M) | Time:00:00.03 | Mem:0.00M, Peak:0.00M | Scene, ViewLayer | Synchronizing object | B052 • Old Quay
Fra:1 Mem:46.81M (Peak 46.81M) | Time:00:00.03 | Mem:0.00M, Peak:0.00M | Scene, ViewLayer | Synchronizing object | B053 • Old Quay
Fra:1 Mem:46.89M (Peak 46.89M) | Time:00:00.03 | Mem:0.00M, Peak:0.00M | Scene, ViewLayer | Synchronizing object | B054 • Old Quay
Fra:1 Mem:46.95M (Peak 46.95M) | Time:00:00.03 | Mem:0.00M, Peak:0.00M | Scene, ViewLayer | Synchronizing object | B055 • Civic Terrace
Fra:1 Mem:46.95M (Peak 46.95M) | Time:00:00.03 | Mem:0.00M, Peak:0.00M | Scene, ViewLayer | Synchronizing object | B056 • Civic Terrace
Fra:1 Mem:46.97M (Peak 46.97M) | Time:00:00.03 | Mem:0.00M, Peak:0.00M | Scene, ViewLayer | Synchronizing object | B058 • Civic Terrace
Fra:1 Mem:47.17M (Peak 47.17M) | Time:00:00.03 | Mem:0.00M, Peak:0.00M | Scene, ViewLayer | Synchronizing object | B059 • Civic Terrace
Fra:1 Mem:47.35M (Peak 47.35M) | Time:00:00.03 | Mem:0.00M, Peak:0.00M | Scene, ViewLayer | Synchronizing object | B060 • Civic Terrace
Fra:1 Mem:47.42M (Peak 47.42M) | Time:00:00.03 | Mem:0.00M, Peak:0.00M | Scene, ViewLayer | Synchronizing object | B061 • Civic Terrace
Fra:1 Mem:47.58M (Peak 47.58M) | Time:00:00.03 | Mem:0.00M, Peak:0.00M | Scene, ViewLayer | Synchronizing object | B062 • Civic Terrace
Fra:1 Mem:47.57M (Peak 47.58M) | Time:00:00.03 | Mem:0.00M, Peak:0.00M | Scene, ViewLayer | Synchronizing object | B064 • Civic Terrace
Fra:1 Mem:47.69M (Peak 47.69M) | Time:00:00.03 | Mem:0.00M, Peak:0.00M | Scene, ViewLayer | Synchronizing object | B065 • Civic Terrace
Fra:1 Mem:47.73M (Peak 47.73M) | Time:00:00.03 | Mem:0.00M, Peak:0.00M | Scene, ViewLayer | Synchronizing object | B066 • Civic Terrace
Fra:1 Mem:47.90M (Peak 47.90M) | Time:00:00.03 | Mem:0.00M, Peak:0.00M | Scene, ViewLayer | Synchronizing object | B067 • Old Quay
Fra:1 Mem:47.96M (Peak 47.96M) | Time:00:00.03 | Mem:0.00M, Peak:0.00M | Scene, ViewLayer | Synchronizing object | B069 • Old Quay
Fra:1 Mem:48.10M (Peak 48.10M) | Time:00:00.03 | Mem:0.00M, Peak:0.00M | Scene, ViewLayer | Synchronizing object | B070 • Old Quay
Fra:1 Mem:48.17M (Peak 48.17M) | Time:00:00.03 | Mem:0.00M, Peak:0.00M | Scene, ViewLayer | Synchronizing object | B071 • Old Quay
Fra:1 Mem:48.23M (Peak 48.23M) | Time:00:00.03 | Mem:0.00M, Peak:0.00M | Scene, ViewLayer | Synchronizing object | B072 • Old Quay
Fra:1 Mem:48.25M (Peak 48.26M) | Time:00:00.03 | Mem:0.00M, Peak:0.00M | Scene, ViewLayer | Synchronizing object | B073 • Old Quay
Fra:1 Mem:48.26M (Peak 48.26M) | Time:00:00.03 | Mem:0.00M, Peak:0.00M | Scene, ViewLayer | Synchronizing object | B074 • Old Quay
Fra:1 Mem:48.33M (Peak 48.33M) | Time:00:00.03 | Mem:0.00M, Peak:0.00M | Scene, ViewLayer | Synchronizing object | B075 • Old Quay
Fra:1 Mem:48.41M (Peak 48.41M) | Time:00:00.03 | Mem:0.00M, Peak:0.00M | Scene, ViewLayer | Synchronizing object | B076 • Old Quay
Fra:1 Mem:48.43M (Peak 48.43M) | Time:00:00.03 | Mem:0.00M, Peak:0.00M | Scene, ViewLayer | Synchronizing object | B077 • Old Quay
Fra:1 Mem:48.45M (Peak 48.45M) | Time:00:00.03 | Mem:0.00M, Peak:0.00M | Scene, ViewLayer | Synchronizing object | B078 • Old Quay
Fra:1 Mem:48.49M (Peak 48.49M) | Time:00:00.03 | Mem:0.00M, Peak:0.00M | Scene, ViewLayer | Synchronizing object | B079 • Old Quay
Fra:1 Mem:48.51M (Peak 48.51M) | Time:00:00.03 | Mem:0.00M, Peak:0.00M | Scene, ViewLayer | Synchronizing object | B080 • Old Quay
Fra:1 Mem:48.59M (Peak 48.59M) | Time:00:00.03 | Mem:0.00M, Peak:0.00M | Scene, ViewLayer | Synchronizing object | B081 • Old Quay
Fra:1 Mem:48.64M (Peak 48.64M) | Time:00:00.03 | Mem:0.00M, Peak:0.00M | Scene, ViewLayer | Synchronizing object | B082 • Old Quay
Fra:1 Mem:48.64M (Peak 48.64M) | Time:00:00.03 | Mem:0.00M, Peak:0.00M | Scene, ViewLayer | Synchronizing object | B084 • Old Quay
Fra:1 Mem:48.69M (Peak 48.69M) | Time:00:00.03 | Mem:0.00M, Peak:0.00M | Scene, ViewLayer | Synchronizing object | B085 • Civic Terrace
Fra:1 Mem:48.78M (Peak 48.78M) | Time:00:00.03 | Mem:0.00M, Peak:0.00M | Scene, ViewLayer | Synchronizing object | B086 • Civic Terrace
Fra:1 Mem:48.82M (Peak 48.82M) | Time:00:00.03 | Mem:0.00M, Peak:0.00M | Scene, ViewLayer | Synchronizing object | B087 • Civic Terrace
Fra:1 Mem:48.98M (Peak 48.98M) | Time:00:00.03 | Mem:0.00M, Peak:0.00M | Scene, ViewLayer | Synchronizing object | B089 • Civic Terrace
Fra:1 Mem:49.06M (Peak 49.06M) | Time:00:00.03 | Mem:0.00M, Peak:0.00M | Scene, ViewLayer | Synchronizing object | B090 • Civic Terrace
Fra:1 Mem:49.19M (Peak 49.19M) | Time:00:00.03 | Mem:0.00M, Peak:0.00M | Scene, ViewLayer | Synchronizing object | B091 • Civic Terrace
Fra:1 Mem:49.17M (Peak 49.19M) | Time:00:00.03 | Mem:0.00M, Peak:0.00M | Scene, ViewLayer | Synchronizing object | B092 • Civic Terrace
Fra:1 Mem:49.26M (Peak 49.26M) | Time:00:00.03 | Mem:0.00M, Peak:0.00M | Scene, ViewLayer | Synchronizing object | B093 • Civic Terrace
Fra:1 Mem:49.57M (Peak 49.57M) | Time:00:00.03 | Mem:0.00M, Peak:0.00M | Scene, ViewLayer | Synchronizing object | B094 • Civic Terrace
Fra:1 Mem:49.57M (Peak 49.57M) | Time:00:00.03 | Mem:0.00M, Peak:0.00M | Scene, ViewLayer | Synchronizing object | B095 • Civic Terrace
Fra:1 Mem:49.67M (Peak 49.67M) | Time:00:00.03 | Mem:0.00M, Peak:0.00M | Scene, ViewLayer | Synchronizing object | B096 • Civic Terrace
Fra:1 Mem:49.73M (Peak 49.73M) | Time:00:00.03 | Mem:0.00M, Peak:0.00M | Scene, ViewLayer | Synchronizing object | B097 • Civic Terrace
Fra:1 Mem:50.07M (Peak 50.07M) | Time:00:00.03 | Mem:0.00M, Peak:0.00M | Scene, ViewLayer | Synchronizing object | B098 • Civic Terrace
Fra:1 Mem:50.03M (Peak 50.07M) | Time:00:00.03 | Mem:0.00M, Peak:0.00M | Scene, ViewLayer | Synchronizing object | B099 • Civic Terrace
Fra:1 Mem:50.16M (Peak 50.16M) | Time:00:00.03 | Mem:0.00M, Peak:0.00M | Scene, ViewLayer | Synchronizing object | B100 • Civic Terrace
Fra:1 Mem:50.29M (Peak 50.29M) | Time:00:00.03 | Mem:0.00M, Peak:0.00M | Scene, ViewLayer | Synchronizing object | B101 • Civic Terrace
Fra:1 Mem:50.28M (Peak 50.29M) | Time:00:00.03 | Mem:0.00M, Peak:0.00M | Scene, ViewLayer | Synchronizing object | B102 • Civic Terrace
Fra:1 Mem:50.31M (Peak 50.31M) | Time:00:00.03 | Mem:0.00M, Peak:0.00M | Scene, ViewLayer | Synchronizing object | B103 • Garden Quarter
Fra:1 Mem:50.42M (Peak 50.42M) | Time:00:00.03 | Mem:0.00M, Peak:0.00M | Scene, ViewLayer | Synchronizing object | B104 • Garden Quarter
Fra:1 Mem:50.46M (Peak 50.46M) | Time:00:00.03 | Mem:0.00M, Peak:0.00M | Scene, ViewLayer | Synchronizing object | B105 • Garden Quarter
Fra:1 Mem:50.46M (Peak 50.46M) | Time:00:00.03 | Mem:0.00M, Peak:0.00M | Scene, ViewLayer | Synchronizing object | B106 • Garden Quarter
Fra:1 Mem:50.55M (Peak 50.55M) | Time:00:00.03 | Mem:0.00M, Peak:0.00M | Scene, ViewLayer | Synchronizing object | B107 • Garden Quarter
Fra:1 Mem:50.56M (Peak 50.56M) | Time:00:00.03 | Mem:0.00M, Peak:0.00M | Scene, ViewLayer | Synchronizing object | B109 • Garden Quarter
Fra:1 Mem:50.64M (Peak 50.64M) | Time:00:00.03 | Mem:0.00M, Peak:0.00M | Scene, ViewLayer | Synchronizing object | B110 • Garden Quarter
Fra:1 Mem:50.69M (Peak 50.69M) | Time:00:00.03 | Mem:0.00M, Peak:0.00M | Scene, ViewLayer | Synchronizing object | B111 • Garden Quarter
Fra:1 Mem:50.77M (Peak 50.77M) | Time:00:00.03 | Mem:0.00M, Peak:0.00M | Scene, ViewLayer | Synchronizing object | B112 • Garden Quarter
Fra:1 Mem:50.82M (Peak 50.82M) | Time:00:00.03 | Mem:0.00M, Peak:0.00M | Scene, ViewLayer | Synchronizing object | B113 • Garden Quarter
Fra:1 Mem:50.84M (Peak 50.84M) | Time:00:00.03 | Mem:0.00M, Peak:0.00M | Scene, ViewLayer | Synchronizing object | B114 • Garden Quarter
Fra:1 Mem:50.85M (Peak 50.85M) | Time:00:00.03 | Mem:0.00M, Peak:0.00M | Scene, ViewLayer | Synchronizing object | B115 • Garden Quarter
Fra:1 Mem:50.89M (Peak 50.89M) | Time:00:00.03 | Mem:0.00M, Peak:0.00M | Scene, ViewLayer | Synchronizing object | B116 • Garden Quarter
Fra:1 Mem:50.95M (Peak 50.95M) | Time:00:00.03 | Mem:0.00M, Peak:0.00M | Scene, ViewLayer | Synchronizing object | B117 • Garden Quarter
Fra:1 Mem:51.05M (Peak 51.05M) | Time:00:00.03 | Mem:0.00M, Peak:0.00M | Scene, ViewLayer | Synchronizing object | B118 • Garden Quarter
Fra:1 Mem:51.05M (Peak 51.05M) | Time:00:00.03 | Mem:0.00M, Peak:0.00M | Scene, ViewLayer | Synchronizing object | B119 • Garden Quarter
Fra:1 Mem:51.07M (Peak 51.07M) | Time:00:00.03 | Mem:0.00M, Peak:0.00M | Scene, ViewLayer | Synchronizing object | B120 • Garden Quarter
Fra:1 Mem:51.12M (Peak 51.12M) | Time:00:00.03 | Mem:0.00M, Peak:0.00M | Scene, ViewLayer | Synchronizing object | B121 • Innovation District
Fra:1 Mem:51.23M (Peak 51.23M) | Time:00:00.03 | Mem:0.00M, Peak:0.00M | Scene, ViewLayer | Synchronizing object | B123 • Innovation District
Fra:1 Mem:51.31M (Peak 51.31M) | Time:00:00.03 | Mem:0.00M, Peak:0.00M | Scene, ViewLayer | Synchronizing object | B124 • Innovation District
Fra:1 Mem:51.37M (Peak 51.37M) | Time:00:00.03 | Mem:0.00M, Peak:0.00M | Scene, ViewLayer | Synchronizing object | B125 • Innovation District
Fra:1 Mem:51.59M (Peak 51.59M) | Time:00:00.03 | Mem:0.00M, Peak:0.00M | Scene, ViewLayer | Synchronizing object | B126 • Innovation District
Fra:1 Mem:51.53M (Peak 51.59M) | Time:00:00.03 | Mem:0.00M, Peak:0.00M | Scene, ViewLayer | Synchronizing object | B127 • Innovation District
Fra:1 Mem:51.64M (Peak 51.64M) | Time:00:00.03 | Mem:0.00M, Peak:0.00M | Scene, ViewLayer | Synchronizing object | B128 • Innovation District
Fra:1 Mem:51.67M (Peak 51.67M) | Time:00:00.03 | Mem:0.00M, Peak:0.00M | Scene, ViewLayer | Synchronizing object | B129 • Innovation District
Fra:1 Mem:51.89M (Peak 51.89M) | Time:00:00.03 | Mem:0.00M, Peak:0.00M | Scene, ViewLayer | Synchronizing object | B130 • Innovation District
Fra:1 Mem:51.97M (Peak 51.97M) | Time:00:00.03 | Mem:0.00M, Peak:0.00M | Scene, ViewLayer | Synchronizing object | B131 • Innovation District
Fra:1 Mem:51.95M (Peak 51.97M) | Time:00:00.03 | Mem:0.00M, Peak:0.00M | Scene, ViewLayer | Synchronizing object | B132 • Innovation District
Fra:1 Mem:52.03M (Peak 52.03M) | Time:00:00.03 | Mem:0.00M, Peak:0.00M | Scene, ViewLayer | Synchronizing object | B133 • Innovation District
Fra:1 Mem:52.26M (Peak 52.26M) | Time:00:00.03 | Mem:0.00M, Peak:0.00M | Scene, ViewLayer | Synchronizing object | B134 • Innovation District
Fra:1 Mem:52.19M (Peak 52.26M) | Time:00:00.03 | Mem:0.00M, Peak:0.00M | Scene, ViewLayer | Synchronizing object | B138 • Innovation District
Fra:1 Mem:52.64M (Peak 52.64M) | Time:00:00.03 | Mem:0.00M, Peak:0.00M | Scene, ViewLayer | Synchronizing object | B139 • Garden Quarter
Fra:1 Mem:52.67M (Peak 52.67M) | Time:00:00.03 | Mem:0.00M, Peak:0.00M | Scene, ViewLayer | Synchronizing object | B142 • Garden Quarter
Fra:1 Mem:52.71M (Peak 52.71M) | Time:00:00.03 | Mem:0.00M, Peak:0.00M | Scene, ViewLayer | Synchronizing object | B143 • Garden Quarter
Fra:1 Mem:52.74M (Peak 52.74M) | Time:00:00.03 | Mem:0.00M, Peak:0.00M | Scene, ViewLayer | Synchronizing object | B144 • Garden Quarter
Fra:1 Mem:52.86M (Peak 52.86M) | Time:00:00.03 | Mem:0.00M, Peak:0.00M | Scene, ViewLayer | Synchronizing object | B145 • Garden Quarter
Fra:1 Mem:52.94M (Peak 52.94M) | Time:00:00.03 | Mem:0.00M, Peak:0.00M | Scene, ViewLayer | Synchronizing object | B147 • Garden Quarter
Fra:1 Mem:52.99M (Peak 52.99M) | Time:00:00.03 | Mem:0.00M, Peak:0.00M | Scene, ViewLayer | Synchronizing object | B148 • Garden Quarter
Fra:1 Mem:53.01M (Peak 52.99M) | Time:00:00.03 | Mem:0.00M, Peak:0.00M | Scene, ViewLayer | Synchronizing object | B149 • Garden Quarter
Fra:1 Mem:53.00M (Peak 53.00M) | Time:00:00.03 | Mem:0.00M, Peak:0.00M | Scene, ViewLayer | Synchronizing object | B150 • Garden Quarter
Fra:1 Mem:53.11M (Peak 53.11M) | Time:00:00.03 | Mem:0.00M, Peak:0.00M | Scene, ViewLayer | Synchronizing object | B151 • Innovation District
Fra:1 Mem:53.14M (Peak 53.14M) | Time:00:00.03 | Mem:0.00M, Peak:0.00M | Scene, ViewLayer | Synchronizing object | B152 • Innovation District
Fra:1 Mem:53.28M (Peak 53.28M) | Time:00:00.03 | Mem:0.00M, Peak:0.00M | Scene, ViewLayer | Synchronizing object | B153 • Innovation District
Fra:1 Mem:53.39M (Peak 53.39M) | Time:00:00.03 | Mem:0.00M, Peak:0.00M | Scene, ViewLayer | Synchronizing object | B154 • Innovation District
Fra:1 Mem:53.48M (Peak 53.46M) | Time:00:00.04 | Mem:0.00M, Peak:0.00M | Scene, ViewLayer | Synchronizing object | B155 • Innovation District
Fra:1 Mem:53.51M (Peak 53.51M) | Time:00:00.04 | Mem:0.00M, Peak:0.00M | Scene, ViewLayer | Synchronizing object | B156 • Innovation District
Fra:1 Mem:53.66M (Peak 53.66M) | Time:00:00.04 | Mem:0.00M, Peak:0.00M | Scene, ViewLayer | Synchronizing object | B157 • Innovation District
Fra:1 Mem:53.66M (Peak 53.66M) | Time:00:00.04 | Mem:0.00M, Peak:0.00M | Scene, ViewLayer | Synchronizing object | B158 • Innovation District
Fra:1 Mem:53.79M (Peak 53.79M) | Time:00:00.04 | Mem:0.00M, Peak:0.00M | Scene, ViewLayer | Synchronizing object | B159 • Innovation District
Fra:1 Mem:53.82M (Peak 53.82M) | Time:00:00.04 | Mem:0.00M, Peak:0.00M | Scene, ViewLayer | Synchronizing object | B160 • Innovation District
Fra:1 Mem:54.08M (Peak 54.08M) | Time:00:00.04 | Mem:0.00M, Peak:0.00M | Scene, ViewLayer | Synchronizing object | B162 • Innovation District
Fra:1 Mem:54.22M (Peak 54.22M) | Time:00:00.04 | Mem:0.00M, Peak:0.00M | Scene, ViewLayer | Synchronizing object | B163 • Innovation District
Fra:1 Mem:54.28M (Peak 54.28M) | Time:00:00.04 | Mem:0.00M, Peak:0.00M | Scene, ViewLayer | Synchronizing object | B164 • Innovation District
Fra:1 Mem:54.51M (Peak 54.51M) | Time:00:00.04 | Mem:0.00M, Peak:0.00M | Scene, ViewLayer | Synchronizing object | B165 • Innovation District
Fra:1 Mem:54.53M (Peak 54.53M) | Time:00:00.04 | Mem:0.00M, Peak:0.00M | Scene, ViewLayer | Synchronizing object | B166 • Innovation District
Fra:1 Mem:54.64M (Peak 54.64M) | Time:00:00.04 | Mem:0.00M, Peak:0.00M | Scene, ViewLayer | Synchronizing object | B167 • Innovation District
Fra:1 Mem:54.65M (Peak 54.65M) | Time:00:00.04 | Mem:0.00M, Peak:0.00M | Scene, ViewLayer | Synchronizing object | B168 • Innovation District
Fra:1 Mem:54.76M (Peak 54.76M) | Time:00:00.04 | Mem:0.00M, Peak:0.00M | Scene, ViewLayer | Synchronizing object | B169 • Garden Quarter
Fra:1 Mem:54.87M (Peak 54.87M) | Time:00:00.04 | Mem:0.00M, Peak:0.00M | Scene, ViewLayer | Synchronizing object | B170 • Garden Quarter
Fra:1 Mem:54.87M (Peak 54.87M) | Time:00:00.04 | Mem:0.00M, Peak:0.00M | Scene, ViewLayer | Synchronizing object | B171 • Garden Quarter
Fra:1 Mem:54.90M (Peak 54.90M) | Time:00:00.04 | Mem:0.00M, Peak:0.00M | Scene, ViewLayer | Synchronizing object | Afternoon sun
Fra:1 Mem:54.91M (Peak 54.91M) | Time:00:00.04 | Mem:0.00M, Peak:0.00M | Scene, ViewLayer | Synchronizing object | B174 • Garden Quarter
Fra:1 Mem:54.95M (Peak 54.95M) | Time:00:00.04 | Mem:0.00M, Peak:0.00M | Scene, ViewLayer | Synchronizing object | Sky fill
Fra:1 Mem:55.01M (Peak 55.01M) | Time:00:00.04 | Mem:0.00M, Peak:0.00M | Scene, ViewLayer | Synchronizing object | Warm softbox
Fra:1 Mem:55.02M (Peak 55.02M) | Time:00:00.04 | Mem:0.00M, Peak:0.00M | Scene, ViewLayer | Synchronizing object | Studio floor • excluded from GLB
Fra:1 Mem:55.02M (Peak 55.02M) | Time:00:00.04 | Mem:0.00M, Peak:0.00M | Scene, ViewLayer | Synchronizing object | B177 • Garden Quarter
Fra:1 Mem:55.09M (Peak 55.09M) | Time:00:00.04 | Mem:0.00M, Peak:0.00M | Scene, ViewLayer | Synchronizing object | B178 • Garden Quarter
Fra:1 Mem:55.13M (Peak 55.13M) | Time:00:00.04 | Mem:0.00M, Peak:0.00M | Scene, ViewLayer | Synchronizing object | B179 • Garden Quarter
Fra:1 Mem:55.18M (Peak 55.18M) | Time:00:00.04 | Mem:0.00M, Peak:0.00M | Scene, ViewLayer | Synchronizing object | New transit connection • schematic corridor
Fra:1 Mem:55.22M (Peak 55.22M) | Time:00:00.04 | Mem:0.00M, Peak:0.00M | Scene, ViewLayer | Synchronizing object | B180 • Garden Quarter
Fra:1 Mem:55.21M (Peak 55.22M) | Time:00:00.04 | Mem:0.00M, Peak:0.00M | Scene, ViewLayer | Synchronizing object | B181 • Garden Quarter
Fra:1 Mem:55.24M (Peak 55.24M) | Time:00:00.04 | Mem:0.00M, Peak:0.00M | Scene, ViewLayer | Synchronizing object | B182 • Garden Quarter
Fra:1 Mem:55.28M (Peak 55.29M) | Time:00:00.04 | Mem:0.00M, Peak:0.00M | Scene, ViewLayer | Synchronizing object | Four station shelters • batched
Fra:1 Mem:55.38M (Peak 55.38M) | Time:00:00.04 | Mem:0.00M, Peak:0.00M | Scene, ViewLayer | Synchronizing object | B184 • Garden Quarter
Fra:1 Mem:55.41M (Peak 55.41M) | Time:00:00.04 | Mem:0.00M, Peak:0.00M | Scene, ViewLayer | Synchronizing object | B186 • Garden Quarter
Fra:1 Mem:55.47M (Peak 55.48M) | Time:00:00.04 | Mem:0.00M, Peak:0.00M | Scene, ViewLayer | Synchronizing object | B187 • Innovation District
Fra:1 Mem:55.53M (Peak 55.53M) | Time:00:00.04 | Mem:0.00M, Peak:0.00M | Scene, ViewLayer | Synchronizing object | B188 • Innovation District
Fra:1 Mem:55.61M (Peak 55.61M) | Time:00:00.04 | Mem:0.00M, Peak:0.00M | Scene, ViewLayer | Synchronizing object | B189 • Innovation District
Fra:1 Mem:55.61M (Peak 55.61M) | Time:00:00.04 | Mem:0.00M, Peak:0.00M | Scene, ViewLayer | Synchronizing object | B190 • Innovation District
Fra:1 Mem:55.72M (Peak 55.72M) | Time:00:00.04 | Mem:0.00M, Peak:0.00M | Scene, ViewLayer | Synchronizing object | B191 • Innovation District
Fra:1 Mem:55.84M (Peak 55.84M) | Time:00:00.04 | Mem:0.00M, Peak:0.00M | Scene, ViewLayer | Synchronizing object | B192 • Innovation District
Fra:1 Mem:55.90M (Peak 55.90M) | Time:00:00.04 | Mem:0.00M, Peak:0.00M | Scene, ViewLayer | Synchronizing object | B193 • Innovation District
Fra:1 Mem:55.98M (Peak 55.98M) | Time:00:00.04 | Mem:0.00M, Peak:0.00M | Scene, ViewLayer | Synchronizing object | Lamp_0
Fra:1 Mem:56.14M (Peak 56.14M) | Time:00:00.04 | Mem:0.00M, Peak:0.00M | Scene, ViewLayer | Synchronizing object | B194 • Innovation District
Fra:1 Mem:56.15M (Peak 56.15M) | Time:00:00.04 | Mem:0.00M, Peak:0.00M | Scene, ViewLayer | Synchronizing object | Tree_00_00
Fra:1 Mem:56.24M (Peak 56.24M) | Time:00:00.04 | Mem:0.00M, Peak:0.00M | Scene, ViewLayer | Synchronizing object | B196 • Innovation District
Fra:1 Mem:56.24M (Peak 56.24M) | Time:00:00.04 | Mem:0.00M, Peak:0.00M | Scene, ViewLayer | Synchronizing object | B204 • Innovation District
Fra:1 Mem:56.31M (Peak 56.31M) | Time:00:00.04 | Mem:0.00M, Peak:0.00M | Scene, ViewLayer | Synchronizing object | B198 • Innovation District
Fra:1 Mem:56.35M (Peak 56.38M) | Time:00:00.04 | Mem:0.00M, Peak:0.00M | Scene, ViewLayer | Synchronizing object | B199 • Innovation District
Fra:1 Mem:56.58M (Peak 56.58M) | Time:00:00.04 | Mem:0.00M, Peak:0.00M | Scene, ViewLayer | Synchronizing object | B200 • Innovation District
Fra:1 Mem:56.75M (Peak 56.75M) | Time:00:00.04 | Mem:0.00M, Peak:0.00M | Scene, ViewLayer | Synchronizing object | B203 • Innovation District
Fra:1 Mem:56.79M (Peak 56.79M) | Time:00:00.04 | Mem:0.00M, Peak:0.00M | Scene, ViewLayer | Synchronizing object | B201 • Innovation District
Fra:1 Mem:56.84M (Peak 56.84M) | Time:00:00.04 | Mem:0.00M, Peak:0.00M | Scene, ViewLayer | Synchronizing object | B202 • Innovation District
Fra:1 Mem:57.08M (Peak 57.08M) | Time:00:00.04 | Mem:0.00M, Peak:0.00M | Scene, ViewLayer | Initializing
Fra:1 Mem:42.58M (Peak 57.08M) | Time:00:00.04 | Mem:0.00M, Peak:0.00M | Scene, ViewLayer | Waiting for render to start
Fra:1 Mem:42.58M (Peak 57.08M) | Time:00:00.04 | Mem:0.00M, Peak:0.00M | Scene, ViewLayer | Updating Scene
Fra:1 Mem:42.58M (Peak 57.08M) | Time:00:00.04 | Mem:0.00M, Peak:0.00M | Scene, ViewLayer | Updating Shaders
Fra:1 Mem:42.58M (Peak 57.08M) | Time:00:00.04 | Mem:0.00M, Peak:0.00M | Scene, ViewLayer | Loading render kernels (may take a few minutes the first time)
Fra:1 Mem:42.70M (Peak 57.08M) | Time:00:00.04 | Mem:0.05M, Peak:0.05M | Scene, ViewLayer | Updating Procedurals
Fra:1 Mem:42.70M (Peak 57.08M) | Time:00:00.04 | Mem:0.05M, Peak:0.05M | Scene, ViewLayer | Updating Background
Fra:1 Mem:42.70M (Peak 57.08M) | Time:00:00.04 | Mem:0.05M, Peak:0.05M | Scene, ViewLayer | Updating Camera
Fra:1 Mem:42.70M (Peak 57.08M) | Time:00:00.04 | Mem:0.05M, Peak:0.05M | Scene, ViewLayer | Updating Meshes Flags
Fra:1 Mem:42.70M (Peak 57.08M) | Time:00:00.04 | Mem:0.05M, Peak:0.05M | Scene, ViewLayer | Updating Objects
Fra:1 Mem:42.70M (Peak 57.08M) | Time:00:00.04 | Mem:0.05M, Peak:0.05M | Scene, ViewLayer | Updating Objects | Copying Transformations to device
Fra:1 Mem:42.83M (Peak 57.08M) | Time:00:00.04 | Mem:0.17M, Peak:0.17M | Scene, ViewLayer | Updating Particle Systems
Fra:1 Mem:42.83M (Peak 57.08M) | Time:00:00.04 | Mem:0.17M, Peak:0.17M | Scene, ViewLayer | Updating Particle Systems | Copying Particles to device
Fra:1 Mem:42.83M (Peak 57.08M) | Time:00:00.04 | Mem:0.17M, Peak:0.17M | Scene, ViewLayer | Updating Meshes
Fra:1 Mem:42.83M (Peak 57.08M) | Time:00:00.04 | Mem:0.17M, Peak:0.17M | Scene, ViewLayer | Updating Objects | Applying Static Transformations
Fra:1 Mem:42.83M (Peak 57.08M) | Time:00:00.04 | Mem:0.17M, Peak:0.17M | Scene, ViewLayer | Updating Mesh | Computing attributes
Fra:1 Mem:45.30M (Peak 57.08M) | Time:00:00.05 | Mem:0.19M, Peak:0.19M | Scene, ViewLayer | Updating Mesh | Copying Attributes to device
Fra:1 Mem:45.24M (Peak 57.08M) | Time:00:00.05 | Mem:2.58M, Peak:2.58M | Scene, ViewLayer | Updating Geometry BVH Shared streetlight assembly 3/2 | Building BVH
Fra:1 Mem:45.24M (Peak 57.08M) | Time:00:00.05 | Mem:2.58M, Peak:2.58M | Scene, ViewLayer | Updating Geometry BVH Shared streetlight assembly 3/2 | Building BVH 0%
Fra:1 Mem:45.24M (Peak 57.08M) | Time:00:00.05 | Mem:2.59M, Peak:2.59M | Scene, ViewLayer | Updating Geometry BVH Shared tree • trunk and crown joined 2/2 | Building BVH
Fra:1 Mem:45.24M (Peak 57.08M) | Time:00:00.05 | Mem:2.59M, Peak:2.59M | Scene, ViewLayer | Updating Scene BVH | Building
Fra:1 Mem:45.25M (Peak 57.08M) | Time:00:00.05 | Mem:2.59M, Peak:2.59M | Scene, ViewLayer | Updating Scene BVH | Building BVH
Fra:1 Mem:45.25M (Peak 57.08M) | Time:00:00.07 | Mem:20.29M, Peak:27.97M | Scene, ViewLayer | Updating Scene BVH | Copying BVH to device
Fra:1 Mem:45.25M (Peak 57.08M) | Time:00:00.07 | Mem:20.29M, Peak:27.97M | Scene, ViewLayer | Updating Mesh | Computing normals
Fra:1 Mem:53.87M (Peak 57.08M) | Time:00:00.07 | Mem:20.29M, Peak:27.97M | Scene, ViewLayer | Updating Mesh | Copying Mesh to device
Fra:1 Mem:53.87M (Peak 57.08M) | Time:00:00.07 | Mem:28.92M, Peak:28.92M | Scene, ViewLayer | Updating Objects Flags
Fra:1 Mem:53.87M (Peak 57.08M) | Time:00:00.07 | Mem:28.92M, Peak:28.92M | Scene, ViewLayer | Updating Primitive Offsets
Fra:1 Mem:53.88M (Peak 57.08M) | Time:00:00.07 | Mem:28.92M, Peak:28.92M | Scene, ViewLayer | Updating Images
Fra:1 Mem:53.88M (Peak 57.08M) | Time:00:00.07 | Mem:28.92M, Peak:28.92M | Scene, ViewLayer | Updating Camera Volume
Fra:1 Mem:53.88M (Peak 57.08M) | Time:00:00.07 | Mem:28.92M, Peak:28.92M | Scene, ViewLayer | Updating Lookup Tables
Fra:1 Mem:53.88M (Peak 57.08M) | Time:00:00.07 | Mem:29.00M, Peak:29.00M | Scene, ViewLayer | Updating Lights
Fra:1 Mem:53.88M (Peak 57.08M) | Time:00:00.07 | Mem:29.00M, Peak:29.00M | Scene, ViewLayer | Updating Lights | Computing tree
Fra:1 Mem:53.88M (Peak 57.08M) | Time:00:00.07 | Mem:29.01M, Peak:29.01M | Scene, ViewLayer | Updating Integrator
Fra:1 Mem:53.88M (Peak 57.08M) | Time:00:00.07 | Mem:29.01M, Peak:29.01M | Scene, ViewLayer | Updating Film
Fra:1 Mem:53.89M (Peak 57.08M) | Time:00:00.07 | Mem:28.93M, Peak:29.01M | Scene, ViewLayer | Updating Lookup Tables
Fra:1 Mem:53.89M (Peak 57.08M) | Time:00:00.07 | Mem:29.01M, Peak:29.01M | Scene, ViewLayer | Updating Baking
Fra:1 Mem:53.89M (Peak 57.08M) | Time:00:00.07 | Mem:29.01M, Peak:29.01M | Scene, ViewLayer | Updating Device | Writing constant memory
Fra:1 Mem:53.90M (Peak 57.08M) | Time:00:00.07 | Mem:29.01M, Peak:29.01M | Scene, ViewLayer | Loading denoising kernels (may take a few minutes the first time)
Fra:1 Mem:53.90M (Peak 57.08M) | Time:00:00.07 | Mem:29.01M, Peak:29.01M | Scene, ViewLayer | Sample 0/32
Fra:1 Mem:158.35M (Peak 158.35M) | Time:00:01.06 | Remaining:00:30.46 | Mem:133.38M, Peak:133.38M | Scene, ViewLayer | Sample 1/32
Fra:1 Mem:202.30M (Peak 268.22M) | Time:00:40.92 | Mem:133.38M, Peak:133.38M | Scene, ViewLayer | Sample 32/32
Fra:1 Mem:202.30M (Peak 268.22M) | Time:00:40.92 | Mem:133.38M, Peak:133.38M | Scene, ViewLayer | Finished
Saved: '/home/naresh/Documents/nareshpane.github.io/research/gpt-6-astra-blender/renders/access_after.png'
Time: 00:41.09 (Saving: 00:00.16)

Read blend: "/home/naresh/Documents/nareshpane.github.io/research/gpt-6-astra-blender/blender/city_master.blend"
Fra:1 Mem:44.83M (Peak 44.83M) | Time:00:00.04 | Mem:0.00M, Peak:0.00M | Scene, ViewLayer | Synchronizing object | City foundation
Fra:1 Mem:44.83M (Peak 44.83M) | Time:00:00.04 | Mem:0.00M, Peak:0.00M | Scene, ViewLayer | Synchronizing object | River • fictional coordinates
Fra:1 Mem:44.83M (Peak 44.83M) | Time:00:00.04 | Mem:0.00M, Peak:0.00M | Scene, ViewLayer | Synchronizing object | River retaining walls
Fra:1 Mem:44.83M (Peak 44.83M) | Time:00:00.04 | Mem:0.00M, Peak:0.00M | Scene, ViewLayer | Synchronizing object | Road_0-8
Fra:1 Mem:44.83M (Peak 44.83M) | Time:00:00.04 | Mem:0.00M, Peak:0.00M | Scene, ViewLayer | Synchronizing object | Road_0-1
Fra:1 Mem:44.84M (Peak 44.84M) | Time:00:00.04 | Mem:0.00M, Peak:0.00M | Scene, ViewLayer | Synchronizing object | Road_1-9
Fra:1 Mem:44.84M (Peak 44.84M) | Time:00:00.04 | Mem:0.00M, Peak:0.00M | Scene, ViewLayer | Synchronizing object | Road_1-2
Fra:1 Mem:44.84M (Peak 44.84M) | Time:00:00.04 | Mem:0.00M, Peak:0.00M | Scene, ViewLayer | Synchronizing object | Road_2-10
Fra:1 Mem:44.84M (Peak 44.84M) | Time:00:00.04 | Mem:0.00M, Peak:0.00M | Scene, ViewLayer | Synchronizing object | Road_2-3
Fra:1 Mem:44.84M (Peak 44.84M) | Time:00:00.04 | Mem:0.00M, Peak:0.00M | Scene, ViewLayer | Synchronizing object | Road_4-12
Fra:1 Mem:44.84M (Peak 44.84M) | Time:00:00.04 | Mem:0.00M, Peak:0.00M | Scene, ViewLayer | Synchronizing object | Road_4-5
Fra:1 Mem:44.84M (Peak 44.84M) | Time:00:00.04 | Mem:0.00M, Peak:0.00M | Scene, ViewLayer | Synchronizing object | Road_5-13
Fra:1 Mem:44.85M (Peak 44.85M) | Time:00:00.04 | Mem:0.00M, Peak:0.00M | Scene, ViewLayer | Synchronizing object | Road_5-6
Fra:1 Mem:44.85M (Peak 44.85M) | Time:00:00.04 | Mem:0.00M, Peak:0.00M | Scene, ViewLayer | Synchronizing object | Road_6-14
Fra:1 Mem:44.85M (Peak 44.85M) | Time:00:00.04 | Mem:0.00M, Peak:0.00M | Scene, ViewLayer | Synchronizing object | Road_7-15
Fra:1 Mem:44.85M (Peak 44.85M) | Time:00:00.04 | Mem:0.00M, Peak:0.00M | Scene, ViewLayer | Synchronizing object | Road_8-16
Fra:1 Mem:44.85M (Peak 44.85M) | Time:00:00.04 | Mem:0.00M, Peak:0.00M | Scene, ViewLayer | Synchronizing object | Road_8-9
Fra:1 Mem:44.85M (Peak 44.85M) | Time:00:00.04 | Mem:0.00M, Peak:0.00M | Scene, ViewLayer | Synchronizing object | Road_9-17
Fra:1 Mem:44.85M (Peak 44.85M) | Time:00:00.04 | Mem:0.00M, Peak:0.00M | Scene, ViewLayer | Synchronizing object | Road_9-10
Fra:1 Mem:44.86M (Peak 44.86M) | Time:00:00.04 | Mem:0.00M, Peak:0.00M | Scene, ViewLayer | Synchronizing object | Road_10-18
Fra:1 Mem:44.86M (Peak 44.86M) | Time:00:00.04 | Mem:0.00M, Peak:0.00M | Scene, ViewLayer | Synchronizing object | Road_11-19
Fra:1 Mem:44.86M (Peak 44.86M) | Time:00:00.04 | Mem:0.00M, Peak:0.00M | Scene, ViewLayer | Synchronizing object | Road_11-12
Fra:1 Mem:44.86M (Peak 44.86M) | Time:00:00.04 | Mem:0.00M, Peak:0.00M | Scene, ViewLayer | Synchronizing object | BridgeRail_11-12
Fra:1 Mem:44.86M (Peak 44.86M) | Time:00:00.04 | Mem:0.00M, Peak:0.00M | Scene, ViewLayer | Synchronizing object | Road_12-13
Fra:1 Mem:44.87M (Peak 44.87M) | Time:00:00.04 | Mem:0.00M, Peak:0.00M | Scene, ViewLayer | Synchronizing object | Road_13-21
Fra:1 Mem:44.88M (Peak 44.88M) | Time:00:00.04 | Mem:0.00M, Peak:0.00M | Scene, ViewLayer | Synchronizing object | Road_13-14
Fra:1 Mem:44.88M (Peak 44.88M) | Time:00:00.04 | Mem:0.00M, Peak:0.00M | Scene, ViewLayer | Synchronizing object | Road_14-22
Fra:1 Mem:44.88M (Peak 44.88M) | Time:00:00.04 | Mem:0.00M, Peak:0.00M | Scene, ViewLayer | Synchronizing object | Road_14-15
Fra:1 Mem:44.88M (Peak 44.88M) | Time:00:00.04 | Mem:0.00M, Peak:0.00M | Scene, ViewLayer | Synchronizing object | Road_15-23
Fra:1 Mem:44.88M (Peak 44.88M) | Time:00:00.04 | Mem:0.00M, Peak:0.00M | Scene, ViewLayer | Synchronizing object | Road_16-24
Fra:1 Mem:44.88M (Peak 44.88M) | Time:00:00.04 | Mem:0.00M, Peak:0.00M | Scene, ViewLayer | Synchronizing object | Road_16-17
Fra:1 Mem:44.89M (Peak 44.89M) | Time:00:00.04 | Mem:0.00M, Peak:0.00M | Scene, ViewLayer | Synchronizing object | Road_17-25
Fra:1 Mem:44.89M (Peak 44.89M) | Time:00:00.04 | Mem:0.00M, Peak:0.00M | Scene, ViewLayer | Synchronizing object | Road_17-18
Fra:1 Mem:44.89M (Peak 44.89M) | Time:00:00.04 | Mem:0.00M, Peak:0.00M | Scene, ViewLayer | Synchronizing object | Road_18-19
Fra:1 Mem:44.89M (Peak 44.89M) | Time:00:00.04 | Mem:0.00M, Peak:0.00M | Scene, ViewLayer | Synchronizing object | Road_19-27
Fra:1 Mem:44.89M (Peak 44.89M) | Time:00:00.04 | Mem:0.00M, Peak:0.00M | Scene, ViewLayer | Synchronizing object | Road_20-28
Fra:1 Mem:44.89M (Peak 44.89M) | Time:00:00.04 | Mem:0.00M, Peak:0.00M | Scene, ViewLayer | Synchronizing object | Road_20-21
Fra:1 Mem:44.89M (Peak 44.89M) | Time:00:00.04 | Mem:0.00M, Peak:0.00M | Scene, ViewLayer | Synchronizing object | Road_21-29
Fra:1 Mem:44.90M (Peak 44.90M) | Time:00:00.04 | Mem:0.00M, Peak:0.00M | Scene, ViewLayer | Synchronizing object | Road_21-22
Fra:1 Mem:44.90M (Peak 44.90M) | Time:00:00.04 | Mem:0.00M, Peak:0.00M | Scene, ViewLayer | Synchronizing object | Road_22-30
Fra:1 Mem:44.90M (Peak 44.90M) | Time:00:00.04 | Mem:0.00M, Peak:0.00M | Scene, ViewLayer | Synchronizing object | Road_22-23
Fra:1 Mem:44.90M (Peak 44.90M) | Time:00:00.04 | Mem:0.00M, Peak:0.00M | Scene, ViewLayer | Synchronizing object | Road_23-31
Fra:1 Mem:44.90M (Peak 44.90M) | Time:00:00.04 | Mem:0.00M, Peak:0.00M | Scene, ViewLayer | Synchronizing object | Road_24-32
Fra:1 Mem:44.90M (Peak 44.90M) | Time:00:00.04 | Mem:0.00M, Peak:0.00M | Scene, ViewLayer | Synchronizing object | Road_24-25
Fra:1 Mem:44.90M (Peak 44.90M) | Time:00:00.04 | Mem:0.00M, Peak:0.00M | Scene, ViewLayer | Synchronizing object | Road_25-33
Fra:1 Mem:44.90M (Peak 44.90M) | Time:00:00.04 | Mem:0.00M, Peak:0.00M | Scene, ViewLayer | Synchronizing object | Road_25-26
Fra:1 Mem:44.91M (Peak 44.91M) | Time:00:00.04 | Mem:0.00M, Peak:0.00M | Scene, ViewLayer | Synchronizing object | Road_26-34
Fra:1 Mem:44.91M (Peak 44.91M) | Time:00:00.04 | Mem:0.00M, Peak:0.00M | Scene, ViewLayer | Synchronizing object | Road_26-27
Fra:1 Mem:44.91M (Peak 44.91M) | Time:00:00.04 | Mem:0.00M, Peak:0.00M | Scene, ViewLayer | Synchronizing object | Road_27-35
Fra:1 Mem:44.91M (Peak 44.91M) | Time:00:00.04 | Mem:0.00M, Peak:0.00M | Scene, ViewLayer | Synchronizing object | Road_28-36
Fra:1 Mem:44.91M (Peak 44.91M) | Time:00:00.04 | Mem:0.00M, Peak:0.00M | Scene, ViewLayer | Synchronizing object | Road_28-29
Fra:1 Mem:44.91M (Peak 44.91M) | Time:00:00.04 | Mem:0.00M, Peak:0.00M | Scene, ViewLayer | Synchronizing object | Road_29-37
Fra:1 Mem:44.91M (Peak 44.91M) | Time:00:00.04 | Mem:0.00M, Peak:0.00M | Scene, ViewLayer | Synchronizing object | Road_29-30
Fra:1 Mem:44.91M (Peak 44.91M) | Time:00:00.04 | Mem:0.00M, Peak:0.00M | Scene, ViewLayer | Synchronizing object | Road_30-38
Fra:1 Mem:44.91M (Peak 44.91M) | Time:00:00.04 | Mem:0.00M, Peak:0.00M | Scene, ViewLayer | Synchronizing object | Road_30-31
Fra:1 Mem:44.92M (Peak 44.92M) | Time:00:00.04 | Mem:0.00M, Peak:0.00M | Scene, ViewLayer | Synchronizing object | Road_31-39
Fra:1 Mem:44.92M (Peak 44.92M) | Time:00:00.04 | Mem:0.00M, Peak:0.00M | Scene, ViewLayer | Synchronizing object | Road_32-40
Fra:1 Mem:44.92M (Peak 44.92M) | Time:00:00.04 | Mem:0.00M, Peak:0.00M | Scene, ViewLayer | Synchronizing object | Road_32-33
Fra:1 Mem:44.92M (Peak 44.92M) | Time:00:00.04 | Mem:0.00M, Peak:0.00M | Scene, ViewLayer | Synchronizing object | Road_33-41
Fra:1 Mem:44.92M (Peak 44.92M) | Time:00:00.04 | Mem:0.00M, Peak:0.00M | Scene, ViewLayer | Synchronizing object | Road_33-34
Fra:1 Mem:44.92M (Peak 44.92M) | Time:00:00.04 | Mem:0.00M, Peak:0.00M | Scene, ViewLayer | Synchronizing object | Road_34-42
Fra:1 Mem:44.92M (Peak 44.92M) | Time:00:00.04 | Mem:0.00M, Peak:0.00M | Scene, ViewLayer | Synchronizing object | Road_34-35
Fra:1 Mem:44.93M (Peak 44.93M) | Time:00:00.04 | Mem:0.00M, Peak:0.00M | Scene, ViewLayer | Synchronizing object | Road_35-43
Fra:1 Mem:44.93M (Peak 44.93M) | Time:00:00.04 | Mem:0.00M, Peak:0.00M | Scene, ViewLayer | Synchronizing object | Road_35-36
Fra:1 Mem:44.93M (Peak 44.93M) | Time:00:00.04 | Mem:0.00M, Peak:0.00M | Scene, ViewLayer | Synchronizing object | BridgeRail_35-36
Fra:1 Mem:44.93M (Peak 44.93M) | Time:00:00.04 | Mem:0.00M, Peak:0.00M | Scene, ViewLayer | Synchronizing object | Road_36-44
Fra:1 Mem:44.94M (Peak 44.94M) | Time:00:00.04 | Mem:0.00M, Peak:0.00M | Scene, ViewLayer | Synchronizing object | Road_36-37
Fra:1 Mem:44.94M (Peak 44.94M) | Time:00:00.04 | Mem:0.00M, Peak:0.00M | Scene, ViewLayer | Synchronizing object | Road_37-45
Fra:1 Mem:44.95M (Peak 44.95M) | Time:00:00.04 | Mem:0.00M, Peak:0.00M | Scene, ViewLayer | Synchronizing object | Road_37-38
Fra:1 Mem:44.95M (Peak 44.95M) | Time:00:00.04 | Mem:0.00M, Peak:0.00M | Scene, ViewLayer | Synchronizing object | Road_38-46
Fra:1 Mem:44.95M (Peak 44.95M) | Time:00:00.04 | Mem:0.00M, Peak:0.00M | Scene, ViewLayer | Synchronizing object | Road_38-39
Fra:1 Mem:44.95M (Peak 44.95M) | Time:00:00.04 | Mem:0.00M, Peak:0.00M | Scene, ViewLayer | Synchronizing object | Road_39-47
Fra:1 Mem:44.95M (Peak 44.95M) | Time:00:00.04 | Mem:0.00M, Peak:0.00M | Scene, ViewLayer | Synchronizing object | Road_40-48
Fra:1 Mem:44.95M (Peak 44.95M) | Time:00:00.04 | Mem:0.00M, Peak:0.00M | Scene, ViewLayer | Synchronizing object | Road_40-41
Fra:1 Mem:44.95M (Peak 44.95M) | Time:00:00.04 | Mem:0.00M, Peak:0.00M | Scene, ViewLayer | Synchronizing object | Road_41-49
Fra:1 Mem:44.95M (Peak 44.95M) | Time:00:00.04 | Mem:0.00M, Peak:0.00M | Scene, ViewLayer | Synchronizing object | Road_41-42
Fra:1 Mem:44.96M (Peak 44.96M) | Time:00:00.04 | Mem:0.00M, Peak:0.00M | Scene, ViewLayer | Synchronizing object | Road_42-50
Fra:1 Mem:44.96M (Peak 44.96M) | Time:00:00.04 | Mem:0.00M, Peak:0.00M | Scene, ViewLayer | Synchronizing object | Road_42-43
Fra:1 Mem:44.96M (Peak 44.96M) | Time:00:00.04 | Mem:0.00M, Peak:0.00M | Scene, ViewLayer | Synchronizing object | Road_43-51
Fra:1 Mem:44.96M (Peak 44.96M) | Time:00:00.04 | Mem:0.00M, Peak:0.00M | Scene, ViewLayer | Synchronizing object | Road_44-52
Fra:1 Mem:44.96M (Peak 44.96M) | Time:00:00.04 | Mem:0.00M, Peak:0.00M | Scene, ViewLayer | Synchronizing object | Road_44-45
Fra:1 Mem:44.96M (Peak 44.96M) | Time:00:00.04 | Mem:0.00M, Peak:0.00M | Scene, ViewLayer | Synchronizing object | Road_45-53
Fra:1 Mem:44.96M (Peak 44.96M) | Time:00:00.04 | Mem:0.00M, Peak:0.00M | Scene, ViewLayer | Synchronizing object | Road_45-46
Fra:1 Mem:44.96M (Peak 44.96M) | Time:00:00.04 | Mem:0.00M, Peak:0.00M | Scene, ViewLayer | Synchronizing object | Road_46-54
Fra:1 Mem:44.96M (Peak 44.96M) | Time:00:00.04 | Mem:0.00M, Peak:0.00M | Scene, ViewLayer | Synchronizing object | Road_46-47
Fra:1 Mem:44.97M (Peak 44.97M) | Time:00:00.04 | Mem:0.00M, Peak:0.00M | Scene, ViewLayer | Synchronizing object | Road_47-55
Fra:1 Mem:44.97M (Peak 44.97M) | Time:00:00.04 | Mem:0.00M, Peak:0.00M | Scene, ViewLayer | Synchronizing object | Road_48-49
Fra:1 Mem:44.97M (Peak 44.97M) | Time:00:00.04 | Mem:0.00M, Peak:0.00M | Scene, ViewLayer | Synchronizing object | Road_49-50
Fra:1 Mem:44.97M (Peak 44.97M) | Time:00:00.04 | Mem:0.00M, Peak:0.00M | Scene, ViewLayer | Synchronizing object | Road_50-51
Fra:1 Mem:44.97M (Peak 44.97M) | Time:00:00.04 | Mem:0.00M, Peak:0.00M | Scene, ViewLayer | Synchronizing object | Road_52-53
Fra:1 Mem:44.97M (Peak 44.97M) | Time:00:00.04 | Mem:0.00M, Peak:0.00M | Scene, ViewLayer | Synchronizing object | Road_53-54
Fra:1 Mem:44.97M (Peak 44.97M) | Time:00:00.04 | Mem:0.00M, Peak:0.00M | Scene, ViewLayer | Synchronizing object | Road_54-55
Fra:1 Mem:44.97M (Peak 44.97M) | Time:00:00.04 | Mem:0.00M, Peak:0.00M | Scene, ViewLayer | Synchronizing object | All block sidewalks
Fra:1 Mem:44.98M (Peak 44.98M) | Time:00:00.04 | Mem:0.00M, Peak:0.00M | Scene, ViewLayer | Synchronizing object | All lane dashes and crossings
Fra:1 Mem:45.00M (Peak 45.00M) | Time:00:00.04 | Mem:0.00M, Peak:0.00M | Scene, ViewLayer | Synchronizing object | B001 • Old Quay
Fra:1 Mem:45.31M (Peak 45.31M) | Time:00:00.04 | Mem:0.00M, Peak:0.00M | Scene, ViewLayer | Synchronizing object | B002 • Old Quay
Fra:1 Mem:45.49M (Peak 45.49M) | Time:00:00.04 | Mem:0.00M, Peak:0.00M | Scene, ViewLayer | Synchronizing object | B003 • Old Quay
Fra:1 Mem:45.70M (Peak 45.70M) | Time:00:00.04 | Mem:0.00M, Peak:0.00M | Scene, ViewLayer | Synchronizing object | B004 • Old Quay
Fra:1 Mem:45.73M (Peak 45.73M) | Time:00:00.04 | Mem:0.00M, Peak:0.00M | Scene, ViewLayer | Synchronizing object | B005 • Old Quay
Fra:1 Mem:45.93M (Peak 45.93M) | Time:00:00.04 | Mem:0.00M, Peak:0.00M | Scene, ViewLayer | Synchronizing object | B006 • Old Quay
Fra:1 Mem:45.95M (Peak 45.95M) | Time:00:00.04 | Mem:0.00M, Peak:0.00M | Scene, ViewLayer | Synchronizing object | B007 • Old Quay
Fra:1 Mem:45.96M (Peak 45.96M) | Time:00:00.04 | Mem:0.00M, Peak:0.00M | Scene, ViewLayer | Synchronizing object | B008 • Old Quay
Fra:1 Mem:46.00M (Peak 46.00M) | Time:00:00.04 | Mem:0.00M, Peak:0.00M | Scene, ViewLayer | Synchronizing object | B010 • Old Quay
Fra:1 Mem:46.08M (Peak 46.08M) | Time:00:00.04 | Mem:0.00M, Peak:0.00M | Scene, ViewLayer | Synchronizing object | B011 • Old Quay
Fra:1 Mem:46.18M (Peak 46.18M) | Time:00:00.04 | Mem:0.00M, Peak:0.00M | Scene, ViewLayer | Synchronizing object | B012 • Old Quay
Fra:1 Mem:46.22M (Peak 46.22M) | Time:00:00.04 | Mem:0.00M, Peak:0.00M | Scene, ViewLayer | Synchronizing object | B013 • Old Quay
Fra:1 Mem:46.37M (Peak 46.37M) | Time:00:00.04 | Mem:0.00M, Peak:0.00M | Scene, ViewLayer | Synchronizing object | B015 • Old Quay
Fra:1 Mem:46.38M (Peak 46.38M) | Time:00:00.04 | Mem:0.00M, Peak:0.00M | Scene, ViewLayer | Synchronizing object | B016 • Old Quay
Fra:1 Mem:46.44M (Peak 46.44M) | Time:00:00.04 | Mem:0.00M, Peak:0.00M | Scene, ViewLayer | Synchronizing object | B017 • Old Quay
Fra:1 Mem:46.54M (Peak 46.54M) | Time:00:00.04 | Mem:0.00M, Peak:0.00M | Scene, ViewLayer | Synchronizing object | B018 • Old Quay
Fra:1 Mem:46.58M (Peak 46.58M) | Time:00:00.04 | Mem:0.00M, Peak:0.00M | Scene, ViewLayer | Synchronizing object | B019 • Civic Terrace
Fra:1 Mem:46.64M (Peak 46.64M) | Time:00:00.04 | Mem:0.00M, Peak:0.00M | Scene, ViewLayer | Synchronizing object | B020 • Civic Terrace
Fra:1 Mem:46.63M (Peak 46.64M) | Time:00:00.04 | Mem:0.00M, Peak:0.00M | Scene, ViewLayer | Synchronizing object | B021 • Civic Terrace
Fra:1 Mem:46.87M (Peak 46.87M) | Time:00:00.04 | Mem:0.00M, Peak:0.00M | Scene, ViewLayer | Synchronizing object | B022 • Civic Terrace
Fra:1 Mem:47.05M (Peak 47.05M) | Time:00:00.04 | Mem:0.00M, Peak:0.00M | Scene, ViewLayer | Synchronizing object | B023 • Civic Terrace
Fra:1 Mem:47.24M (Peak 47.24M) | Time:00:00.04 | Mem:0.00M, Peak:0.00M | Scene, ViewLayer | Synchronizing object | B024 • Civic Terrace
Fra:1 Mem:47.27M (Peak 47.27M) | Time:00:00.04 | Mem:0.00M, Peak:0.00M | Scene, ViewLayer | Synchronizing object | B026 • Civic Terrace
Fra:1 Mem:47.51M (Peak 47.51M) | Time:00:00.04 | Mem:0.00M, Peak:0.00M | Scene, ViewLayer | Synchronizing object | B027 • Civic Terrace
Fra:1 Mem:47.58M (Peak 47.58M) | Time:00:00.04 | Mem:0.00M, Peak:0.00M | Scene, ViewLayer | Synchronizing object | B028 • Civic Terrace
Fra:1 Mem:47.58M (Peak 47.58M) | Time:00:00.04 | Mem:0.00M, Peak:0.00M | Scene, ViewLayer | Synchronizing object | B029 • Civic Terrace
Fra:1 Mem:47.59M (Peak 47.59M) | Time:00:00.04 | Mem:0.00M, Peak:0.00M | Scene, ViewLayer | Synchronizing object | B030 • Civic Terrace
Fra:1 Mem:47.67M (Peak 47.67M) | Time:00:00.04 | Mem:0.00M, Peak:0.00M | Scene, ViewLayer | Synchronizing object | B031 • Civic Terrace
Fra:1 Mem:47.78M (Peak 47.78M) | Time:00:00.04 | Mem:0.00M, Peak:0.00M | Scene, ViewLayer | Synchronizing object | B032 • Civic Terrace
Fra:1 Mem:47.96M (Peak 47.96M) | Time:00:00.04 | Mem:0.00M, Peak:0.00M | Scene, ViewLayer | Synchronizing object | B033 • Civic Terrace
Fra:1 Mem:48.02M (Peak 48.02M) | Time:00:00.04 | Mem:0.00M, Peak:0.00M | Scene, ViewLayer | Synchronizing object | B034 • Civic Terrace
Fra:1 Mem:48.15M (Peak 48.15M) | Time:00:00.04 | Mem:0.00M, Peak:0.00M | Scene, ViewLayer | Synchronizing object | B035 • Civic Terrace
Fra:1 Mem:48.23M (Peak 48.23M) | Time:00:00.04 | Mem:0.00M, Peak:0.00M | Scene, ViewLayer | Synchronizing object | B036 • Civic Terrace
Fra:1 Mem:48.34M (Peak 48.34M) | Time:00:00.04 | Mem:0.00M, Peak:0.00M | Scene, ViewLayer | Synchronizing object | B037 • Old Quay
Fra:1 Mem:48.36M (Peak 48.36M) | Time:00:00.04 | Mem:0.00M, Peak:0.00M | Scene, ViewLayer | Synchronizing object | B038 • Old Quay
Fra:1 Mem:48.41M (Peak 48.41M) | Time:00:00.04 | Mem:0.00M, Peak:0.00M | Scene, ViewLayer | Synchronizing object | B039 • Old Quay
Fra:1 Mem:48.41M (Peak 48.41M) | Time:00:00.04 | Mem:0.00M, Peak:0.00M | Scene, ViewLayer | Synchronizing object | B040 • Old Quay
Fra:1 Mem:48.48M (Peak 48.48M) | Time:00:00.04 | Mem:0.00M, Peak:0.00M | Scene, ViewLayer | Synchronizing object | B041 • Old Quay
Fra:1 Mem:48.52M (Peak 48.52M) | Time:00:00.04 | Mem:0.00M, Peak:0.00M | Scene, ViewLayer | Synchronizing object | B042 • Old Quay
Fra:1 Mem:48.58M (Peak 48.58M) | Time:00:00.04 | Mem:0.00M, Peak:0.00M | Scene, ViewLayer | Synchronizing object | B043 • Old Quay
Fra:1 Mem:48.64M (Peak 48.64M) | Time:00:00.04 | Mem:0.00M, Peak:0.00M | Scene, ViewLayer | Synchronizing object | B044 • Old Quay
Fra:1 Mem:48.69M (Peak 48.69M) | Time:00:00.04 | Mem:0.00M, Peak:0.00M | Scene, ViewLayer | Synchronizing object | B045 • Old Quay
Fra:1 Mem:48.73M (Peak 48.73M) | Time:00:00.04 | Mem:0.00M, Peak:0.00M | Scene, ViewLayer | Synchronizing object | B046 • Old Quay
Fra:1 Mem:48.73M (Peak 48.73M) | Time:00:00.04 | Mem:0.00M, Peak:0.00M | Scene, ViewLayer | Synchronizing object | B047 • Old Quay
Fra:1 Mem:48.89M (Peak 48.89M) | Time:00:00.04 | Mem:0.00M, Peak:0.00M | Scene, ViewLayer | Synchronizing object | B048 • Old Quay
Fra:1 Mem:48.95M (Peak 48.95M) | Time:00:00.04 | Mem:0.00M, Peak:0.00M | Scene, ViewLayer | Synchronizing object | B049 • Old Quay
Fra:1 Mem:48.96M (Peak 48.96M) | Time:00:00.04 | Mem:0.00M, Peak:0.00M | Scene, ViewLayer | Synchronizing object | B050 • Old Quay
Fra:1 Mem:49.02M (Peak 49.02M) | Time:00:00.04 | Mem:0.00M, Peak:0.00M | Scene, ViewLayer | Synchronizing object | B051 • Old Quay
Fra:1 Mem:49.06M (Peak 49.06M) | Time:00:00.04 | Mem:0.00M, Peak:0.00M | Scene, ViewLayer | Synchronizing object | B052 • Old Quay
Fra:1 Mem:49.11M (Peak 49.11M) | Time:00:00.04 | Mem:0.00M, Peak:0.00M | Scene, ViewLayer | Synchronizing object | B053 • Old Quay
Fra:1 Mem:49.13M (Peak 49.13M) | Time:00:00.04 | Mem:0.00M, Peak:0.00M | Scene, ViewLayer | Synchronizing object | B054 • Old Quay
Fra:1 Mem:49.20M (Peak 49.20M) | Time:00:00.04 | Mem:0.00M, Peak:0.00M | Scene, ViewLayer | Synchronizing object | B055 • Civic Terrace
Fra:1 Mem:49.25M (Peak 49.25M) | Time:00:00.04 | Mem:0.00M, Peak:0.00M | Scene, ViewLayer | Synchronizing object | B056 • Civic Terrace
Fra:1 Mem:49.30M (Peak 49.30M) | Time:00:00.04 | Mem:0.00M, Peak:0.00M | Scene, ViewLayer | Synchronizing object | B057 • Civic Terrace
Fra:1 Mem:49.47M (Peak 49.47M) | Time:00:00.04 | Mem:0.00M, Peak:0.00M | Scene, ViewLayer | Synchronizing object | B058 • Civic Terrace
Fra:1 Mem:49.52M (Peak 49.52M) | Time:00:00.04 | Mem:0.00M, Peak:0.00M | Scene, ViewLayer | Synchronizing object | B059 • Civic Terrace
Fra:1 Mem:49.70M (Peak 49.70M) | Time:00:00.04 | Mem:0.00M, Peak:0.00M | Scene, ViewLayer | Synchronizing object | B060 • Civic Terrace
Fra:1 Mem:49.76M (Peak 49.76M) | Time:00:00.04 | Mem:0.00M, Peak:0.00M | Scene, ViewLayer | Synchronizing object | B061 • Civic Terrace
Fra:1 Mem:49.82M (Peak 49.82M) | Time:00:00.04 | Mem:0.00M, Peak:0.00M | Scene, ViewLayer | Synchronizing object | B062 • Civic Terrace
Fra:1 Mem:50.00M (Peak 50.00M) | Time:00:00.04 | Mem:0.00M, Peak:0.00M | Scene, ViewLayer | Synchronizing object | B063 • Civic Terrace
Fra:1 Mem:50.08M (Peak 50.08M) | Time:00:00.04 | Mem:0.00M, Peak:0.00M | Scene, ViewLayer | Synchronizing object | B064 • Civic Terrace
Fra:1 Mem:50.10M (Peak 50.10M) | Time:00:00.04 | Mem:0.00M, Peak:0.00M | Scene, ViewLayer | Synchronizing object | B065 • Civic Terrace
Fra:1 Mem:50.22M (Peak 50.22M) | Time:00:00.04 | Mem:0.00M, Peak:0.00M | Scene, ViewLayer | Synchronizing object | B066 • Civic Terrace
Fra:1 Mem:50.24M (Peak 50.24M) | Time:00:00.04 | Mem:0.00M, Peak:0.00M | Scene, ViewLayer | Synchronizing object | B067 • Old Quay
Fra:1 Mem:50.29M (Peak 50.29M) | Time:00:00.04 | Mem:0.00M, Peak:0.00M | Scene, ViewLayer | Synchronizing object | B068 • Old Quay
Fra:1 Mem:50.43M (Peak 50.43M) | Time:00:00.04 | Mem:0.00M, Peak:0.00M | Scene, ViewLayer | Synchronizing object | B069 • Old Quay
Fra:1 Mem:50.46M (Peak 50.46M) | Time:00:00.04 | Mem:0.00M, Peak:0.00M | Scene, ViewLayer | Synchronizing object | B070 • Old Quay
Fra:1 Mem:50.43M (Peak 50.46M) | Time:00:00.04 | Mem:0.00M, Peak:0.00M | Scene, ViewLayer | Synchronizing object | B071 • Old Quay
Fra:1 Mem:50.54M (Peak 50.54M) | Time:00:00.04 | Mem:0.00M, Peak:0.00M | Scene, ViewLayer | Synchronizing object | B072 • Old Quay
Fra:1 Mem:50.56M (Peak 50.56M) | Time:00:00.04 | Mem:0.00M, Peak:0.00M | Scene, ViewLayer | Synchronizing object | B073 • Old Quay
Fra:1 Mem:50.57M (Peak 50.57M) | Time:00:00.04 | Mem:0.00M, Peak:0.00M | Scene, ViewLayer | Synchronizing object | B074 • Old Quay
Fra:1 Mem:50.66M (Peak 50.66M) | Time:00:00.04 | Mem:0.00M, Peak:0.00M | Scene, ViewLayer | Synchronizing object | B075 • Old Quay
Fra:1 Mem:50.67M (Peak 50.68M) | Time:00:00.04 | Mem:0.00M, Peak:0.00M | Scene, ViewLayer | Synchronizing object | B077 • Old Quay
Fra:1 Mem:50.84M (Peak 50.82M) | Time:00:00.04 | Mem:0.00M, Peak:0.00M | Scene, ViewLayer | Synchronizing object | B078 • Old Quay
Fra:1 Mem:50.82M (Peak 50.82M) | Time:00:00.04 | Mem:0.00M, Peak:0.00M | Scene, ViewLayer | Synchronizing object | B079 • Old Quay
Fra:1 Mem:50.90M (Peak 50.90M) | Time:00:00.04 | Mem:0.00M, Peak:0.00M | Scene, ViewLayer | Synchronizing object | B080 • Old Quay
Fra:1 Mem:50.90M (Peak 50.90M) | Time:00:00.04 | Mem:0.00M, Peak:0.00M | Scene, ViewLayer | Synchronizing object | B083 • Old Quay
Fra:1 Mem:50.98M (Peak 50.98M) | Time:00:00.04 | Mem:0.00M, Peak:0.00M | Scene, ViewLayer | Synchronizing object | B084 • Old Quay
Fra:1 Mem:51.02M (Peak 51.02M) | Time:00:00.04 | Mem:0.00M, Peak:0.00M | Scene, ViewLayer | Synchronizing object | B085 • Civic Terrace
Fra:1 Mem:51.02M (Peak 51.02M) | Time:00:00.04 | Mem:0.00M, Peak:0.00M | Scene, ViewLayer | Synchronizing object | B086 • Civic Terrace
Fra:1 Mem:51.21M (Peak 51.21M) | Time:00:00.04 | Mem:0.00M, Peak:0.00M | Scene, ViewLayer | Synchronizing object | B087 • Civic Terrace
Fra:1 Mem:51.25M (Peak 51.25M) | Time:00:00.04 | Mem:0.00M, Peak:0.00M | Scene, ViewLayer | Synchronizing object | B088 • Civic Terrace
Fra:1 Mem:51.42M (Peak 51.42M) | Time:00:00.04 | Mem:0.00M, Peak:0.00M | Scene, ViewLayer | Synchronizing object | B089 • Civic Terrace
Fra:1 Mem:51.44M (Peak 51.44M) | Time:00:00.04 | Mem:0.00M, Peak:0.00M | Scene, ViewLayer | Synchronizing object | B090 • Civic Terrace
Fra:1 Mem:51.62M (Peak 51.62M) | Time:00:00.04 | Mem:0.00M, Peak:0.00M | Scene, ViewLayer | Synchronizing object | B091 • Civic Terrace
Fra:1 Mem:51.67M (Peak 51.67M) | Time:00:00.04 | Mem:0.00M, Peak:0.00M | Scene, ViewLayer | Synchronizing object | B092 • Civic Terrace
Fra:1 Mem:51.83M (Peak 51.83M) | Time:00:00.04 | Mem:0.00M, Peak:0.00M | Scene, ViewLayer | Synchronizing object | B093 • Civic Terrace
Fra:1 Mem:51.93M (Peak 51.93M) | Time:00:00.04 | Mem:0.00M, Peak:0.00M | Scene, ViewLayer | Synchronizing object | B094 • Civic Terrace
Fra:1 Mem:52.01M (Peak 52.01M) | Time:00:00.04 | Mem:0.00M, Peak:0.00M | Scene, ViewLayer | Synchronizing object | B095 • Civic Terrace
Fra:1 Mem:52.09M (Peak 52.09M) | Time:00:00.04 | Mem:0.00M, Peak:0.00M | Scene, ViewLayer | Synchronizing object | B096 • Civic Terrace
Fra:1 Mem:52.22M (Peak 52.22M) | Time:00:00.04 | Mem:0.00M, Peak:0.00M | Scene, ViewLayer | Synchronizing object | B097 • Civic Terrace
Fra:1 Mem:52.29M (Peak 52.29M) | Time:00:00.04 | Mem:0.00M, Peak:0.00M | Scene, ViewLayer | Synchronizing object | B098 • Civic Terrace
Fra:1 Mem:52.37M (Peak 52.37M) | Time:00:00.04 | Mem:0.00M, Peak:0.00M | Scene, ViewLayer | Synchronizing object | B099 • Civic Terrace
Fra:1 Mem:52.46M (Peak 52.46M) | Time:00:00.04 | Mem:0.00M, Peak:0.00M | Scene, ViewLayer | Synchronizing object | B100 • Civic Terrace
Fra:1 Mem:52.50M (Peak 52.50M) | Time:00:00.04 | Mem:0.00M, Peak:0.00M | Scene, ViewLayer | Synchronizing object | B101 • Civic Terrace
Fra:1 Mem:52.60M (Peak 52.60M) | Time:00:00.04 | Mem:0.00M, Peak:0.00M | Scene, ViewLayer | Synchronizing object | B102 • Civic Terrace
Fra:1 Mem:52.64M (Peak 52.64M) | Time:00:00.04 | Mem:0.00M, Peak:0.00M | Scene, ViewLayer | Synchronizing object | B103 • Garden Quarter
Fra:1 Mem:52.74M (Peak 52.74M) | Time:00:00.04 | Mem:0.00M, Peak:0.00M | Scene, ViewLayer | Synchronizing object | B104 • Garden Quarter
Fra:1 Mem:52.74M (Peak 52.74M) | Time:00:00.04 | Mem:0.00M, Peak:0.00M | Scene, ViewLayer | Synchronizing object | B105 • Garden Quarter
Fra:1 Mem:52.81M (Peak 52.81M) | Time:00:00.04 | Mem:0.00M, Peak:0.00M | Scene, ViewLayer | Synchronizing object | B106 • Garden Quarter
Fra:1 Mem:52.83M (Peak 52.83M) | Time:00:00.04 | Mem:0.00M, Peak:0.00M | Scene, ViewLayer | Synchronizing object | B107 • Garden Quarter
Fra:1 Mem:52.84M (Peak 52.84M) | Time:00:00.04 | Mem:0.00M, Peak:0.00M | Scene, ViewLayer | Synchronizing object | B108 • Garden Quarter
Fra:1 Mem:52.92M (Peak 52.92M) | Time:00:00.04 | Mem:0.00M, Peak:0.00M | Scene, ViewLayer | Synchronizing object | B109 • Garden Quarter
Fra:1 Mem:52.97M (Peak 52.97M) | Time:00:00.04 | Mem:0.00M, Peak:0.00M | Scene, ViewLayer | Synchronizing object | B110 • Garden Quarter
Fra:1 Mem:53.09M (Peak 53.09M) | Time:00:00.04 | Mem:0.00M, Peak:0.00M | Scene, ViewLayer | Synchronizing object | B111 • Garden Quarter
Fra:1 Mem:53.12M (Peak 53.12M) | Time:00:00.04 | Mem:0.00M, Peak:0.00M | Scene, ViewLayer | Synchronizing object | B112 • Garden Quarter
Fra:1 Mem:53.20M (Peak 53.20M) | Time:00:00.04 | Mem:0.00M, Peak:0.00M | Scene, ViewLayer | Synchronizing object | B113 • Garden Quarter
Fra:1 Mem:53.25M (Peak 53.25M) | Time:00:00.04 | Mem:0.00M, Peak:0.00M | Scene, ViewLayer | Synchronizing object | B114 • Garden Quarter
Fra:1 Mem:53.28M (Peak 53.28M) | Time:00:00.04 | Mem:0.00M, Peak:0.00M | Scene, ViewLayer | Synchronizing object | B115 • Garden Quarter
Fra:1 Mem:53.33M (Peak 53.33M) | Time:00:00.04 | Mem:0.00M, Peak:0.00M | Scene, ViewLayer | Synchronizing object | B117 • Garden Quarter
Fra:1 Mem:53.39M (Peak 53.39M) | Time:00:00.04 | Mem:0.00M, Peak:0.00M | Scene, ViewLayer | Synchronizing object | B118 • Garden Quarter
Fra:1 Mem:53.44M (Peak 53.44M) | Time:00:00.04 | Mem:0.00M, Peak:0.00M | Scene, ViewLayer | Synchronizing object | B119 • Garden Quarter
Fra:1 Mem:53.45M (Peak 53.45M) | Time:00:00.04 | Mem:0.00M, Peak:0.00M | Scene, ViewLayer | Synchronizing object | B120 • Garden Quarter
Fra:1 Mem:53.50M (Peak 53.50M) | Time:00:00.04 | Mem:0.00M, Peak:0.00M | Scene, ViewLayer | Synchronizing object | B122 • Innovation District
Fra:1 Mem:53.73M (Peak 53.73M) | Time:00:00.04 | Mem:0.00M, Peak:0.00M | Scene, ViewLayer | Synchronizing object | B123 • Innovation District
Fra:1 Mem:53.86M (Peak 53.86M) | Time:00:00.04 | Mem:0.00M, Peak:0.00M | Scene, ViewLayer | Synchronizing object | B124 • Innovation District
Fra:1 Mem:53.94M (Peak 53.94M) | Time:00:00.04 | Mem:0.00M, Peak:0.00M | Scene, ViewLayer | Synchronizing object | B125 • Innovation District
Fra:1 Mem:54.03M (Peak 54.03M) | Time:00:00.04 | Mem:0.00M, Peak:0.00M | Scene, ViewLayer | Synchronizing object | B126 • Innovation District
Fra:1 Mem:54.03M (Peak 54.03M) | Time:00:00.04 | Mem:0.00M, Peak:0.00M | Scene, ViewLayer | Synchronizing object | B128 • Innovation District
Fra:1 Mem:54.03M (Peak 54.03M) | Time:00:00.04 | Mem:0.00M, Peak:0.00M | Scene, ViewLayer | Synchronizing object | B130 • Innovation District
Fra:1 Mem:54.20M (Peak 54.20M) | Time:00:00.04 | Mem:0.00M, Peak:0.00M | Scene, ViewLayer | Synchronizing object | B131 • Innovation District
Fra:1 Mem:54.32M (Peak 54.32M) | Time:00:00.04 | Mem:0.00M, Peak:0.00M | Scene, ViewLayer | Synchronizing object | B132 • Innovation District
Fra:1 Mem:54.29M (Peak 54.32M) | Time:00:00.04 | Mem:0.00M, Peak:0.00M | Scene, ViewLayer | Synchronizing object | B134 • Innovation District
Fra:1 Mem:54.50M (Peak 54.50M) | Time:00:00.04 | Mem:0.00M, Peak:0.00M | Scene, ViewLayer | Synchronizing object | B135 • Innovation District
Fra:1 Mem:54.52M (Peak 54.52M) | Time:00:00.04 | Mem:0.00M, Peak:0.00M | Scene, ViewLayer | Synchronizing object | B136 • Innovation District
Fra:1 Mem:54.70M (Peak 54.70M) | Time:00:00.04 | Mem:0.00M, Peak:0.00M | Scene, ViewLayer | Synchronizing object | B137 • Innovation District
Fra:1 Mem:54.85M (Peak 54.85M) | Time:00:00.04 | Mem:0.00M, Peak:0.00M | Scene, ViewLayer | Synchronizing object | B138 • Innovation District
Fra:1 Mem:54.92M (Peak 54.92M) | Time:00:00.04 | Mem:0.00M, Peak:0.00M | Scene, ViewLayer | Synchronizing object | B139 • Garden Quarter
Fra:1 Mem:54.99M (Peak 54.99M) | Time:00:00.04 | Mem:0.00M, Peak:0.00M | Scene, ViewLayer | Synchronizing object | Afternoon sun
Fra:1 Mem:54.99M (Peak 54.99M) | Time:00:00.04 | Mem:0.00M, Peak:0.00M | Scene, ViewLayer | Synchronizing object | B140 • Garden Quarter
Fra:1 Mem:54.99M (Peak 54.99M) | Time:00:00.04 | Mem:0.00M, Peak:0.00M | Scene, ViewLayer | Synchronizing object | Sky fill
Fra:1 Mem:54.97M (Peak 54.99M) | Time:00:00.04 | Mem:0.00M, Peak:0.00M | Scene, ViewLayer | Synchronizing object | B141 • Garden Quarter
Fra:1 Mem:54.98M (Peak 54.99M) | Time:00:00.04 | Mem:0.00M, Peak:0.00M | Scene, ViewLayer | Synchronizing object | Warm softbox
Fra:1 Mem:55.02M (Peak 55.02M) | Time:00:00.04 | Mem:0.00M, Peak:0.00M | Scene, ViewLayer | Synchronizing object | Studio floor • excluded from GLB
Fra:1 Mem:55.06M (Peak 55.06M) | Time:00:00.04 | Mem:0.00M, Peak:0.00M | Scene, ViewLayer | Synchronizing object | B143 • Garden Quarter
Fra:1 Mem:55.14M (Peak 55.14M) | Time:00:00.04 | Mem:0.00M, Peak:0.00M | Scene, ViewLayer | Synchronizing object | Node_55
Fra:1 Mem:55.15M (Peak 55.15M) | Time:00:00.04 | Mem:0.00M, Peak:0.00M | Scene, ViewLayer | Synchronizing object | B144 • Garden Quarter
Fra:1 Mem:55.20M (Peak 55.20M) | Time:00:00.04 | Mem:0.00M, Peak:0.00M | Scene, ViewLayer | Synchronizing object | B145 • Garden Quarter
Fra:1 Mem:55.23M (Peak 55.23M) | Time:00:00.04 | Mem:0.00M, Peak:0.00M | Scene, ViewLayer | Synchronizing object | Node_54
Fra:1 Mem:55.23M (Peak 55.23M) | Time:00:00.04 | Mem:0.00M, Peak:0.00M | Scene, ViewLayer | Synchronizing object | B147 • Garden Quarter
Fra:1 Mem:55.25M (Peak 55.25M) | Time:00:00.04 | Mem:0.00M, Peak:0.00M | Scene, ViewLayer | Synchronizing object | Node_53
Fra:1 Mem:55.29M (Peak 55.29M) | Time:00:00.04 | Mem:0.00M, Peak:0.00M | Scene, ViewLayer | Synchronizing object | Node_52
Fra:1 Mem:55.30M (Peak 55.30M) | Time:00:00.04 | Mem:0.00M, Peak:0.00M | Scene, ViewLayer | Synchronizing object | B148 • Garden Quarter
Fra:1 Mem:55.32M (Peak 55.32M) | Time:00:00.04 | Mem:0.00M, Peak:0.00M | Scene, ViewLayer | Synchronizing object | Node_51
Fra:1 Mem:55.37M (Peak 55.37M) | Time:00:00.04 | Mem:0.00M, Peak:0.00M | Scene, ViewLayer | Synchronizing object | Node_50
Fra:1 Mem:55.35M (Peak 55.37M) | Time:00:00.04 | Mem:0.00M, Peak:0.00M | Scene, ViewLayer | Synchronizing object | B149 • Garden Quarter
Fra:1 Mem:55.35M (Peak 55.37M) | Time:00:00.04 | Mem:0.00M, Peak:0.00M | Scene, ViewLayer | Synchronizing object | Node_49
Fra:1 Mem:55.36M (Peak 55.37M) | Time:00:00.04 | Mem:0.00M, Peak:0.00M | Scene, ViewLayer | Synchronizing object | B151 • Innovation District
Fra:1 Mem:55.45M (Peak 55.45M) | Time:00:00.04 | Mem:0.00M, Peak:0.00M | Scene, ViewLayer | Synchronizing object | Node_48
Fra:1 Mem:55.56M (Peak 55.56M) | Time:00:00.04 | Mem:0.00M, Peak:0.00M | Scene, ViewLayer | Synchronizing object | Node_47
Fra:1 Mem:55.56M (Peak 55.56M) | Time:00:00.04 | Mem:0.00M, Peak:0.00M | Scene, ViewLayer | Synchronizing object | B152 • Innovation District
Fra:1 Mem:55.57M (Peak 55.57M) | Time:00:00.04 | Mem:0.00M, Peak:0.00M | Scene, ViewLayer | Synchronizing object | Node_46
Fra:1 Mem:55.62M (Peak 55.62M) | Time:00:00.04 | Mem:0.00M, Peak:0.00M | Scene, ViewLayer | Synchronizing object | B153 • Innovation District
Fra:1 Mem:55.71M (Peak 55.71M) | Time:00:00.04 | Mem:0.00M, Peak:0.00M | Scene, ViewLayer | Synchronizing object | B154 • Innovation District
Fra:1 Mem:55.82M (Peak 55.82M) | Time:00:00.04 | Mem:0.00M, Peak:0.00M | Scene, ViewLayer | Synchronizing object | Node_44
Fra:1 Mem:55.85M (Peak 55.85M) | Time:00:00.04 | Mem:0.00M, Peak:0.00M | Scene, ViewLayer | Synchronizing object | B155 • Innovation District
Fra:1 Mem:55.89M (Peak 55.89M) | Time:00:00.04 | Mem:0.00M, Peak:0.00M | Scene, ViewLayer | Synchronizing object | Node_43
Fra:1 Mem:55.94M (Peak 55.94M) | Time:00:00.04 | Mem:0.00M, Peak:0.00M | Scene, ViewLayer | Synchronizing object | B156 • Innovation District
Fra:1 Mem:56.04M (Peak 56.04M) | Time:00:00.04 | Mem:0.00M, Peak:0.00M | Scene, ViewLayer | Synchronizing object | Node_42
Fra:1 Mem:56.16M (Peak 56.16M) | Time:00:00.04 | Mem:0.00M, Peak:0.00M | Scene, ViewLayer | Synchronizing object | Node_41
Fra:1 Mem:56.16M (Peak 56.16M) | Time:00:00.04 | Mem:0.00M, Peak:0.00M | Scene, ViewLayer | Synchronizing object | Node_40
Fra:1 Mem:56.21M (Peak 56.21M) | Time:00:00.04 | Mem:0.00M, Peak:0.00M | Scene, ViewLayer | Synchronizing object | B157 • Innovation District
Fra:1 Mem:56.18M (Peak 56.21M) | Time:00:00.04 | Mem:0.00M, Peak:0.00M | Scene, ViewLayer | Synchronizing object | Node_39
Fra:1 Mem:56.17M (Peak 56.21M) | Time:00:00.04 | Mem:0.00M, Peak:0.00M | Scene, ViewLayer | Synchronizing object | B158 • Innovation District
Fra:1 Mem:56.17M (Peak 56.21M) | Time:00:00.04 | Mem:0.00M, Peak:0.00M | Scene, ViewLayer | Synchronizing object | Node_38
Fra:1 Mem:56.22M (Peak 56.22M) | Time:00:00.04 | Mem:0.00M, Peak:0.00M | Scene, ViewLayer | Synchronizing object | B160 • Innovation District
Fra:1 Mem:56.25M (Peak 56.25M) | Time:00:00.04 | Mem:0.00M, Peak:0.00M | Scene, ViewLayer | Synchronizing object | B161 • Innovation District
Fra:1 Mem:56.37M (Peak 56.37M) | Time:00:00.04 | Mem:0.00M, Peak:0.00M | Scene, ViewLayer | Synchronizing object | B162 • Innovation District
Fra:1 Mem:56.51M (Peak 56.51M) | Time:00:00.04 | Mem:0.00M, Peak:0.00M | Scene, ViewLayer | Synchronizing object | Node_36
Fra:1 Mem:56.55M (Peak 56.55M) | Time:00:00.04 | Mem:0.00M, Peak:0.00M | Scene, ViewLayer | Synchronizing object | Node_35
Fra:1 Mem:56.55M (Peak 56.55M) | Time:00:00.04 | Mem:0.00M, Peak:0.00M | Scene, ViewLayer | Synchronizing object | B163 • Innovation District
Fra:1 Mem:56.55M (Peak 56.55M) | Time:00:00.04 | Mem:0.00M, Peak:0.00M | Scene, ViewLayer | Synchronizing object | Node_34
Fra:1 Mem:56.59M (Peak 56.59M) | Time:00:00.04 | Mem:0.00M, Peak:0.00M | Scene, ViewLayer | Synchronizing object | B164 • Innovation District
Fra:1 Mem:56.62M (Peak 56.62M) | Time:00:00.04 | Mem:0.00M, Peak:0.00M | Scene, ViewLayer | Synchronizing object | Node_33
Fra:1 Mem:56.70M (Peak 56.70M) | Time:00:00.04 | Mem:0.00M, Peak:0.00M | Scene, ViewLayer | Synchronizing object | B165 • Innovation District
Fra:1 Mem:56.76M (Peak 56.76M) | Time:00:00.04 | Mem:0.00M, Peak:0.00M | Scene, ViewLayer | Synchronizing object | Node_32
Fra:1 Mem:56.80M (Peak 56.80M) | Time:00:00.04 | Mem:0.00M, Peak:0.00M | Scene, ViewLayer | Synchronizing object | B166 • Innovation District
Fra:1 Mem:56.87M (Peak 56.87M) | Time:00:00.04 | Mem:0.00M, Peak:0.00M | Scene, ViewLayer | Synchronizing object | Node_31
Fra:1 Mem:56.91M (Peak 56.93M) | Time:00:00.04 | Mem:0.00M, Peak:0.00M | Scene, ViewLayer | Synchronizing object | B167 • Innovation District
Fra:1 Mem:56.99M (Peak 56.99M) | Time:00:00.04 | Mem:0.00M, Peak:0.00M | Scene, ViewLayer | Synchronizing object | Node_30
Fra:1 Mem:57.00M (Peak 57.00M) | Time:00:00.04 | Mem:0.00M, Peak:0.00M | Scene, ViewLayer | Synchronizing object | B168 • Innovation District
Fra:1 Mem:56.96M (Peak 57.00M) | Time:00:00.04 | Mem:0.00M, Peak:0.00M | Scene, ViewLayer | Synchronizing object | B169 • Garden Quarter
Fra:1 Mem:57.03M (Peak 57.03M) | Time:00:00.04 | Mem:0.00M, Peak:0.00M | Scene, ViewLayer | Synchronizing object | B170 • Garden Quarter
Fra:1 Mem:57.08M (Peak 57.08M) | Time:00:00.04 | Mem:0.00M, Peak:0.00M | Scene, ViewLayer | Synchronizing object | Node_29
Fra:1 Mem:57.09M (Peak 57.09M) | Time:00:00.04 | Mem:0.00M, Peak:0.00M | Scene, ViewLayer | Synchronizing object | B171 • Garden Quarter
Fra:1 Mem:57.11M (Peak 57.11M) | Time:00:00.04 | Mem:0.00M, Peak:0.00M | Scene, ViewLayer | Synchronizing object | Node_28
Fra:1 Mem:57.18M (Peak 57.18M) | Time:00:00.04 | Mem:0.00M, Peak:0.00M | Scene, ViewLayer | Synchronizing object | Node_27
Fra:1 Mem:57.18M (Peak 57.18M) | Time:00:00.04 | Mem:0.00M, Peak:0.00M | Scene, ViewLayer | Synchronizing object | B173 • Garden Quarter
Fra:1 Mem:57.20M (Peak 57.20M) | Time:00:00.04 | Mem:0.00M, Peak:0.00M | Scene, ViewLayer | Synchronizing object | Node_26
Fra:1 Mem:57.24M (Peak 57.24M) | Time:00:00.04 | Mem:0.00M, Peak:0.00M | Scene, ViewLayer | Synchronizing object | B174 • Garden Quarter
Fra:1 Mem:57.29M (Peak 57.29M) | Time:00:00.04 | Mem:0.00M, Peak:0.00M | Scene, ViewLayer | Synchronizing object | Node_25
Fra:1 Mem:57.31M (Peak 57.31M) | Time:00:00.04 | Mem:0.00M, Peak:0.00M | Scene, ViewLayer | Synchronizing object | B175 • Garden Quarter
Fra:1 Mem:57.31M (Peak 57.31M) | Time:00:00.04 | Mem:0.00M, Peak:0.00M | Scene, ViewLayer | Synchronizing object | Node_24
Fra:1 Mem:57.35M (Peak 57.35M) | Time:00:00.04 | Mem:0.00M, Peak:0.00M | Scene, ViewLayer | Synchronizing object | B176 • Garden Quarter
Fra:1 Mem:57.37M (Peak 57.37M) | Time:00:00.04 | Mem:0.00M, Peak:0.00M | Scene, ViewLayer | Synchronizing object | Node_23
Fra:1 Mem:57.40M (Peak 57.40M) | Time:00:00.04 | Mem:0.00M, Peak:0.00M | Scene, ViewLayer | Synchronizing object | B177 • Garden Quarter
Fra:1 Mem:57.40M (Peak 57.40M) | Time:00:00.04 | Mem:0.00M, Peak:0.00M | Scene, ViewLayer | Synchronizing object | B178 • Garden Quarter
Fra:1 Mem:57.44M (Peak 57.44M) | Time:00:00.04 | Mem:0.00M, Peak:0.00M | Scene, ViewLayer | Synchronizing object | Node_22
Fra:1 Mem:57.48M (Peak 57.48M) | Time:00:00.04 | Mem:0.00M, Peak:0.00M | Scene, ViewLayer | Synchronizing object | B179 • Garden Quarter
Fra:1 Mem:57.49M (Peak 57.49M) | Time:00:00.04 | Mem:0.00M, Peak:0.00M | Scene, ViewLayer | Synchronizing object | Node_21
Fra:1 Mem:57.56M (Peak 57.56M) | Time:00:00.04 | Mem:0.00M, Peak:0.00M | Scene, ViewLayer | Synchronizing object | B180 • Garden Quarter
Fra:1 Mem:57.62M (Peak 57.62M) | Time:00:00.04 | Mem:0.00M, Peak:0.00M | Scene, ViewLayer | Synchronizing object | B181 • Garden Quarter
Fra:1 Mem:57.73M (Peak 57.73M) | Time:00:00.04 | Mem:0.00M, Peak:0.00M | Scene, ViewLayer | Synchronizing object | B182 • Garden Quarter
Fra:1 Mem:57.77M (Peak 57.77M) | Time:00:00.04 | Mem:0.00M, Peak:0.00M | Scene, ViewLayer | Synchronizing object | Node_19
Fra:1 Mem:57.81M (Peak 57.81M) | Time:00:00.04 | Mem:0.00M, Peak:0.00M | Scene, ViewLayer | Synchronizing object | B183 • Garden Quarter
Fra:1 Mem:57.81M (Peak 57.81M) | Time:00:00.04 | Mem:0.00M, Peak:0.00M | Scene, ViewLayer | Synchronizing object | Node_18
Fra:1 Mem:57.85M (Peak 57.85M) | Time:00:00.04 | Mem:0.00M, Peak:0.00M | Scene, ViewLayer | Synchronizing object | Node_17
Fra:1 Mem:57.87M (Peak 57.87M) | Time:00:00.04 | Mem:0.00M, Peak:0.00M | Scene, ViewLayer | Synchronizing object | B186 • Garden Quarter
Fra:1 Mem:57.88M (Peak 57.88M) | Time:00:00.04 | Mem:0.00M, Peak:0.00M | Scene, ViewLayer | Synchronizing object | B188 • Innovation District
Fra:1 Mem:57.95M (Peak 57.95M) | Time:00:00.04 | Mem:0.00M, Peak:0.00M | Scene, ViewLayer | Synchronizing object | B189 • Innovation District
Fra:1 Mem:57.98M (Peak 57.98M) | Time:00:00.04 | Mem:0.00M, Peak:0.00M | Scene, ViewLayer | Synchronizing object | Node_16
Fra:1 Mem:58.06M (Peak 58.06M) | Time:00:00.04 | Mem:0.00M, Peak:0.00M | Scene, ViewLayer | Synchronizing object | B190 • Innovation District
Fra:1 Mem:58.11M (Peak 58.11M) | Time:00:00.04 | Mem:0.00M, Peak:0.00M | Scene, ViewLayer | Synchronizing object | Node_15
Fra:1 Mem:58.28M (Peak 58.28M) | Time:00:00.04 | Mem:0.00M, Peak:0.00M | Scene, ViewLayer | Synchronizing object | B191 • Innovation District
Fra:1 Mem:58.42M (Peak 58.42M) | Time:00:00.04 | Mem:0.00M, Peak:0.00M | Scene, ViewLayer | Synchronizing object | B192 • Innovation District
Fra:1 Mem:58.45M (Peak 58.45M) | Time:00:00.04 | Mem:0.00M, Peak:0.00M | Scene, ViewLayer | Synchronizing object | B193 • Innovation District
Fra:1 Mem:58.54M (Peak 58.54M) | Time:00:00.04 | Mem:0.00M, Peak:0.00M | Scene, ViewLayer | Synchronizing object | B194 • Innovation District
Fra:1 Mem:58.59M (Peak 58.59M) | Time:00:00.04 | Mem:0.00M, Peak:0.00M | Scene, ViewLayer | Synchronizing object | B195 • Innovation District
Fra:1 Mem:58.61M (Peak 58.61M) | Time:00:00.04 | Mem:0.00M, Peak:0.00M | Scene, ViewLayer | Synchronizing object | B196 • Innovation District
Fra:1 Mem:58.69M (Peak 58.69M) | Time:00:00.04 | Mem:0.00M, Peak:0.00M | Scene, ViewLayer | Synchronizing object | B197 • Innovation District
Fra:1 Mem:58.74M (Peak 58.74M) | Time:00:00.04 | Mem:0.00M, Peak:0.00M | Scene, ViewLayer | Synchronizing object | B198 • Innovation District
Fra:1 Mem:58.84M (Peak 58.84M) | Time:00:00.04 | Mem:0.00M, Peak:0.00M | Scene, ViewLayer | Synchronizing object | Node_14
Fra:1 Mem:58.92M (Peak 58.92M) | Time:00:00.04 | Mem:0.00M, Peak:0.00M | Scene, ViewLayer | Synchronizing object | Node_13
Fra:1 Mem:58.88M (Peak 58.92M) | Time:00:00.04 | Mem:0.00M, Peak:0.00M | Scene, ViewLayer | Synchronizing object | B199 • Innovation District
Fra:1 Mem:58.90M (Peak 58.92M) | Time:00:00.04 | Mem:0.00M, Peak:0.00M | Scene, ViewLayer | Synchronizing object | B200 • Innovation District
Fra:1 Mem:58.92M (Peak 58.92M) | Time:00:00.04 | Mem:0.00M, Peak:0.00M | Scene, ViewLayer | Synchronizing object | Node_12
Fra:1 Mem:58.97M (Peak 58.97M) | Time:00:00.04 | Mem:0.00M, Peak:0.00M | Scene, ViewLayer | Synchronizing object | B201 • Innovation District
Fra:1 Mem:59.03M (Peak 59.03M) | Time:00:00.04 | Mem:0.00M, Peak:0.00M | Scene, ViewLayer | Synchronizing object | B202 • Innovation District
Fra:1 Mem:59.14M (Peak 59.14M) | Time:00:00.04 | Mem:0.00M, Peak:0.00M | Scene, ViewLayer | Synchronizing object | Node_11
Fra:1 Mem:59.20M (Peak 59.20M) | Time:00:00.04 | Mem:0.00M, Peak:0.00M | Scene, ViewLayer | Synchronizing object | Node_10
Fra:1 Mem:59.24M (Peak 59.24M) | Time:00:00.04 | Mem:0.00M, Peak:0.00M | Scene, ViewLayer | Synchronizing object | Node_9
Fra:1 Mem:59.23M (Peak 59.24M) | Time:00:00.04 | Mem:0.00M, Peak:0.00M | Scene, ViewLayer | Synchronizing object | B203 • Innovation District
Fra:1 Mem:59.20M (Peak 59.24M) | Time:00:00.04 | Mem:0.00M, Peak:0.00M | Scene, ViewLayer | Synchronizing object | Tree_00_00
Fra:1 Mem:59.23M (Peak 59.24M) | Time:00:00.04 | Mem:0.00M, Peak:0.00M | Scene, ViewLayer | Synchronizing object | Node_8
Fra:1 Mem:59.26M (Peak 59.26M) | Time:00:00.04 | Mem:0.00M, Peak:0.00M | Scene, ViewLayer | Synchronizing object | Node_7
Fra:1 Mem:59.31M (Peak 59.31M) | Time:00:00.04 | Mem:0.00M, Peak:0.00M | Scene, ViewLayer | Synchronizing object | Lamp_0
Fra:1 Mem:59.33M (Peak 59.33M) | Time:00:00.04 | Mem:0.00M, Peak:0.00M | Scene, ViewLayer | Synchronizing object | Node_6
Fra:1 Mem:59.39M (Peak 59.39M) | Time:00:00.04 | Mem:0.00M, Peak:0.00M | Scene, ViewLayer | Synchronizing object | Node_5
Fra:1 Mem:59.38M (Peak 59.39M) | Time:00:00.04 | Mem:0.00M, Peak:0.00M | Scene, ViewLayer | Synchronizing object | Node_4
Fra:1 Mem:59.38M (Peak 59.39M) | Time:00:00.04 | Mem:0.00M, Peak:0.00M | Scene, ViewLayer | Synchronizing object | Four station shelters • batched
Fra:1 Mem:59.42M (Peak 59.42M) | Time:00:00.04 | Mem:0.00M, Peak:0.00M | Scene, ViewLayer | Synchronizing object | Graph edges • exact road centre lines
Fra:1 Mem:59.46M (Peak 59.46M) | Time:00:00.04 | Mem:0.00M, Peak:0.00M | Scene, ViewLayer | Synchronizing object | Node_3
Fra:1 Mem:59.47M (Peak 59.47M) | Time:00:00.04 | Mem:0.00M, Peak:0.00M | Scene, ViewLayer | Synchronizing object | Node_2
Fra:1 Mem:59.47M (Peak 59.47M) | Time:00:00.04 | Mem:0.00M, Peak:0.00M | Scene, ViewLayer | Synchronizing object | Node_0
Fra:1 Mem:59.45M (Peak 59.47M) | Time:00:00.04 | Mem:0.00M, Peak:0.00M | Scene, ViewLayer | Synchronizing object | Node_1
Fra:1 Mem:59.71M (Peak 59.71M) | Time:00:00.04 | Mem:0.00M, Peak:0.00M | Scene, ViewLayer | Initializing
Fra:1 Mem:44.01M (Peak 59.71M) | Time:00:00.05 | Mem:0.00M, Peak:0.00M | Scene, ViewLayer | Waiting for render to start
Fra:1 Mem:44.01M (Peak 59.71M) | Time:00:00.05 | Mem:0.00M, Peak:0.00M | Scene, ViewLayer | Updating Scene
Fra:1 Mem:44.01M (Peak 59.71M) | Time:00:00.05 | Mem:0.00M, Peak:0.00M | Scene, ViewLayer | Updating Shaders
Fra:1 Mem:44.01M (Peak 59.71M) | Time:00:00.05 | Mem:0.00M, Peak:0.00M | Scene, ViewLayer | Loading render kernels (may take a few minutes the first time)
Fra:1 Mem:44.14M (Peak 59.71M) | Time:00:00.05 | Mem:0.05M, Peak:0.05M | Scene, ViewLayer | Updating Procedurals
Fra:1 Mem:44.14M (Peak 59.71M) | Time:00:00.05 | Mem:0.05M, Peak:0.05M | Scene, ViewLayer | Updating Background
Fra:1 Mem:44.14M (Peak 59.71M) | Time:00:00.05 | Mem:0.05M, Peak:0.05M | Scene, ViewLayer | Updating Camera
Fra:1 Mem:44.14M (Peak 59.71M) | Time:00:00.05 | Mem:0.05M, Peak:0.05M | Scene, ViewLayer | Updating Meshes Flags
Fra:1 Mem:44.14M (Peak 59.71M) | Time:00:00.05 | Mem:0.05M, Peak:0.05M | Scene, ViewLayer | Updating Objects
Fra:1 Mem:44.14M (Peak 59.71M) | Time:00:00.05 | Mem:0.05M, Peak:0.05M | Scene, ViewLayer | Updating Objects | Copying Transformations to device
Fra:1 Mem:44.28M (Peak 59.71M) | Time:00:00.05 | Mem:0.18M, Peak:0.18M | Scene, ViewLayer | Updating Particle Systems
Fra:1 Mem:44.28M (Peak 59.71M) | Time:00:00.05 | Mem:0.18M, Peak:0.18M | Scene, ViewLayer | Updating Particle Systems | Copying Particles to device
Fra:1 Mem:44.28M (Peak 59.71M) | Time:00:00.05 | Mem:0.18M, Peak:0.18M | Scene, ViewLayer | Updating Meshes
Fra:1 Mem:44.28M (Peak 59.71M) | Time:00:00.05 | Mem:0.18M, Peak:0.18M | Scene, ViewLayer | Updating Objects | Applying Static Transformations
Fra:1 Mem:44.28M (Peak 59.71M) | Time:00:00.05 | Mem:0.18M, Peak:0.18M | Scene, ViewLayer | Updating Mesh | Computing attributes
Fra:1 Mem:46.78M (Peak 59.71M) | Time:00:00.05 | Mem:0.21M, Peak:0.21M | Scene, ViewLayer | Updating Mesh | Copying Attributes to device
Fra:1 Mem:46.72M (Peak 59.71M) | Time:00:00.05 | Mem:2.63M, Peak:2.63M | Scene, ViewLayer | Updating Geometry BVH Shared streetlight assembly 3/2 | Building BVH
Fra:1 Mem:46.72M (Peak 59.71M) | Time:00:00.05 | Mem:2.63M, Peak:2.63M | Scene, ViewLayer | Updating Geometry BVH Shared streetlight assembly 3/2 | Building BVH 0%
Fra:1 Mem:46.72M (Peak 59.71M) | Time:00:00.05 | Mem:2.63M, Peak:2.63M | Scene, ViewLayer | Updating Geometry BVH Shared tree • trunk and crown joined 2/2 | Building BVH
Fra:1 Mem:46.72M (Peak 59.71M) | Time:00:00.05 | Mem:2.64M, Peak:2.64M | Scene, ViewLayer | Updating Scene BVH | Building
Fra:1 Mem:46.73M (Peak 59.71M) | Time:00:00.05 | Mem:2.64M, Peak:2.64M | Scene, ViewLayer | Updating Scene BVH | Building BVH
Fra:1 Mem:46.73M (Peak 59.71M) | Time:00:00.08 | Mem:20.63M, Peak:28.43M | Scene, ViewLayer | Updating Scene BVH | Copying BVH to device
Fra:1 Mem:46.73M (Peak 59.71M) | Time:00:00.08 | Mem:20.63M, Peak:28.43M | Scene, ViewLayer | Updating Mesh | Computing normals
Fra:1 Mem:55.47M (Peak 59.71M) | Time:00:00.08 | Mem:20.63M, Peak:28.43M | Scene, ViewLayer | Updating Mesh | Copying Mesh to device
Fra:1 Mem:55.47M (Peak 59.71M) | Time:00:00.08 | Mem:29.37M, Peak:29.37M | Scene, ViewLayer | Updating Objects Flags
Fra:1 Mem:55.47M (Peak 59.71M) | Time:00:00.08 | Mem:29.37M, Peak:29.37M | Scene, ViewLayer | Updating Primitive Offsets
Fra:1 Mem:55.47M (Peak 59.71M) | Time:00:00.08 | Mem:29.38M, Peak:29.38M | Scene, ViewLayer | Updating Images
Fra:1 Mem:55.47M (Peak 59.71M) | Time:00:00.08 | Mem:29.38M, Peak:29.38M | Scene, ViewLayer | Updating Camera Volume
Fra:1 Mem:55.47M (Peak 59.71M) | Time:00:00.08 | Mem:29.38M, Peak:29.38M | Scene, ViewLayer | Updating Lookup Tables
Fra:1 Mem:55.47M (Peak 59.71M) | Time:00:00.08 | Mem:29.46M, Peak:29.46M | Scene, ViewLayer | Updating Lights
Fra:1 Mem:55.48M (Peak 59.71M) | Time:00:00.08 | Mem:29.46M, Peak:29.46M | Scene, ViewLayer | Updating Lights | Computing tree
Fra:1 Mem:55.80M (Peak 59.71M) | Time:00:00.09 | Mem:29.79M, Peak:29.79M | Scene, ViewLayer | Updating Integrator
Fra:1 Mem:55.80M (Peak 59.71M) | Time:00:00.09 | Mem:29.79M, Peak:29.79M | Scene, ViewLayer | Updating Film
Fra:1 Mem:55.81M (Peak 59.71M) | Time:00:00.09 | Mem:29.71M, Peak:29.79M | Scene, ViewLayer | Updating Lookup Tables
Fra:1 Mem:55.81M (Peak 59.71M) | Time:00:00.09 | Mem:29.79M, Peak:29.79M | Scene, ViewLayer | Updating Baking
Fra:1 Mem:55.81M (Peak 59.71M) | Time:00:00.09 | Mem:29.79M, Peak:29.79M | Scene, ViewLayer | Updating Device | Writing constant memory
Fra:1 Mem:55.82M (Peak 59.71M) | Time:00:00.09 | Mem:29.79M, Peak:29.79M | Scene, ViewLayer | Loading denoising kernels (may take a few minutes the first time)
Fra:1 Mem:55.82M (Peak 59.71M) | Time:00:00.09 | Mem:29.79M, Peak:29.79M | Scene, ViewLayer | Sample 0/32
Fra:1 Mem:160.27M (Peak 160.27M) | Time:00:01.19 | Remaining:00:34.15 | Mem:134.16M, Peak:134.16M | Scene, ViewLayer | Sample 1/32
Fra:1 Mem:204.22M (Peak 270.14M) | Time:00:43.63 | Mem:134.16M, Peak:134.16M | Scene, ViewLayer | Sample 32/32
Fra:1 Mem:204.22M (Peak 270.14M) | Time:00:43.63 | Mem:134.16M, Peak:134.16M | Scene, ViewLayer | Finished
Saved: '/home/naresh/Documents/nareshpane.github.io/research/gpt-6-astra-blender/renders/resilience.png'
Time: 00:43.80 (Saving: 00:00.16)

Read blend: "/home/naresh/Documents/nareshpane.github.io/research/gpt-6-astra-blender/blender/city_master.blend"
Fra:1 Mem:25.05M (Peak 25.05M) | Time:00:00.00 | Mem:0.00M, Peak:0.00M | Building anatomy • staged modelling, ViewLayer | Synchronizing object | Stage plinth
Fra:1 Mem:25.05M (Peak 25.05M) | Time:00:00.00 | Mem:0.00M, Peak:0.00M | Building anatomy • staged modelling, ViewLayer | Synchronizing object | Stage plinth.002
Fra:1 Mem:25.05M (Peak 25.05M) | Time:00:00.00 | Mem:0.00M, Peak:0.00M | Building anatomy • staged modelling, ViewLayer | Synchronizing object | Stage plinth.003
Fra:1 Mem:25.05M (Peak 25.05M) | Time:00:00.00 | Mem:0.00M, Peak:0.00M | Building anatomy • staged modelling, ViewLayer | Synchronizing object | 01 Primitive cube
Fra:1 Mem:25.06M (Peak 25.06M) | Time:00:00.00 | Mem:0.00M, Peak:0.00M | Building anatomy • staged modelling, ViewLayer | Synchronizing object | 02 Scaled cube
Fra:1 Mem:25.06M (Peak 25.06M) | Time:00:00.00 | Mem:0.00M, Peak:0.00M | Building anatomy • staged modelling, ViewLayer | Synchronizing object | 03 Exploded facade and roof
Fra:1 Mem:25.07M (Peak 25.07M) | Time:00:00.00 | Mem:0.00M, Peak:0.00M | Building anatomy • staged modelling, ViewLayer | Synchronizing object | 04 Finished archetype
Fra:1 Mem:25.09M (Peak 25.09M) | Time:00:00.00 | Mem:0.00M, Peak:0.00M | Building anatomy • staged modelling, ViewLayer | Synchronizing object | Anatomy backdrop
Fra:1 Mem:25.12M (Peak 25.12M) | Time:00:00.00 | Mem:0.00M, Peak:0.00M | Building anatomy • staged modelling, ViewLayer | Synchronizing object | Warm softbox
Fra:1 Mem:25.14M (Peak 25.14M) | Time:00:00.00 | Mem:0.00M, Peak:0.00M | Building anatomy • staged modelling, ViewLayer | Synchronizing object | Afternoon sun
Fra:1 Mem:25.20M (Peak 25.20M) | Time:00:00.00 | Mem:0.00M, Peak:0.00M | Building anatomy • staged modelling, ViewLayer | Initializing
Fra:1 Mem:24.54M (Peak 25.20M) | Time:00:00.00 | Mem:0.00M, Peak:0.00M | Building anatomy • staged modelling, ViewLayer | Waiting for render to start
Fra:1 Mem:24.54M (Peak 25.20M) | Time:00:00.00 | Mem:0.00M, Peak:0.00M | Building anatomy • staged modelling, ViewLayer | Updating Scene
Fra:1 Mem:24.54M (Peak 25.20M) | Time:00:00.00 | Mem:0.00M, Peak:0.00M | Building anatomy • staged modelling, ViewLayer | Updating Shaders
Fra:1 Mem:24.54M (Peak 25.20M) | Time:00:00.00 | Mem:0.00M, Peak:0.00M | Building anatomy • staged modelling, ViewLayer | Loading render kernels (may take a few minutes the first time)
Fra:1 Mem:24.63M (Peak 25.20M) | Time:00:00.00 | Mem:0.00M, Peak:0.00M | Building anatomy • staged modelling, ViewLayer | Updating Procedurals
Fra:1 Mem:24.63M (Peak 25.20M) | Time:00:00.00 | Mem:0.00M, Peak:0.00M | Building anatomy • staged modelling, ViewLayer | Updating Background
Fra:1 Mem:24.63M (Peak 25.20M) | Time:00:00.00 | Mem:0.00M, Peak:0.00M | Building anatomy • staged modelling, ViewLayer | Updating Camera
Fra:1 Mem:24.63M (Peak 25.20M) | Time:00:00.00 | Mem:0.00M, Peak:0.00M | Building anatomy • staged modelling, ViewLayer | Updating Meshes Flags
Fra:1 Mem:24.63M (Peak 25.20M) | Time:00:00.00 | Mem:0.00M, Peak:0.00M | Building anatomy • staged modelling, ViewLayer | Updating Objects
Fra:1 Mem:24.63M (Peak 25.20M) | Time:00:00.00 | Mem:0.00M, Peak:0.00M | Building anatomy • staged modelling, ViewLayer | Updating Objects | Copying Transformations to device
Fra:1 Mem:24.63M (Peak 25.20M) | Time:00:00.00 | Mem:0.01M, Peak:0.01M | Building anatomy • staged modelling, ViewLayer | Updating Particle Systems
Fra:1 Mem:24.63M (Peak 25.20M) | Time:00:00.00 | Mem:0.01M, Peak:0.01M | Building anatomy • staged modelling, ViewLayer | Updating Particle Systems | Copying Particles to device
Fra:1 Mem:24.63M (Peak 25.20M) | Time:00:00.00 | Mem:0.01M, Peak:0.01M | Building anatomy • staged modelling, ViewLayer | Updating Meshes
Fra:1 Mem:24.63M (Peak 25.20M) | Time:00:00.00 | Mem:0.01M, Peak:0.01M | Building anatomy • staged modelling, ViewLayer | Updating Objects | Applying Static Transformations
Fra:1 Mem:24.63M (Peak 25.20M) | Time:00:00.00 | Mem:0.01M, Peak:0.01M | Building anatomy • staged modelling, ViewLayer | Updating Mesh | Computing attributes
Fra:1 Mem:24.65M (Peak 25.20M) | Time:00:00.00 | Mem:0.01M, Peak:0.01M | Building anatomy • staged modelling, ViewLayer | Updating Mesh | Copying Attributes to device
Fra:1 Mem:24.65M (Peak 25.20M) | Time:00:00.00 | Mem:0.02M, Peak:0.02M | Building anatomy • staged modelling, ViewLayer | Updating Scene BVH | Building
Fra:1 Mem:24.65M (Peak 25.20M) | Time:00:00.00 | Mem:0.02M, Peak:0.02M | Building anatomy • staged modelling, ViewLayer | Updating Scene BVH | Building BVH
Fra:1 Mem:24.65M (Peak 25.20M) | Time:00:00.00 | Mem:0.07M, Peak:0.07M | Building anatomy • staged modelling, ViewLayer | Updating Scene BVH | Building BVH 0%
Fra:1 Mem:24.65M (Peak 25.20M) | Time:00:00.00 | Mem:0.14M, Peak:0.19M | Building anatomy • staged modelling, ViewLayer | Updating Scene BVH | Copying BVH to device
Fra:1 Mem:24.65M (Peak 25.20M) | Time:00:00.00 | Mem:0.14M, Peak:0.19M | Building anatomy • staged modelling, ViewLayer | Updating Mesh | Computing normals
Fra:1 Mem:24.70M (Peak 25.20M) | Time:00:00.00 | Mem:0.14M, Peak:0.19M | Building anatomy • staged modelling, ViewLayer | Updating Mesh | Copying Mesh to device
Fra:1 Mem:24.70M (Peak 25.20M) | Time:00:00.00 | Mem:0.19M, Peak:0.19M | Building anatomy • staged modelling, ViewLayer | Updating Objects Flags
Fra:1 Mem:24.70M (Peak 25.20M) | Time:00:00.00 | Mem:0.19M, Peak:0.19M | Building anatomy • staged modelling, ViewLayer | Updating Primitive Offsets
Fra:1 Mem:24.70M (Peak 25.20M) | Time:00:00.00 | Mem:0.19M, Peak:0.19M | Building anatomy • staged modelling, ViewLayer | Updating Images
Fra:1 Mem:24.70M (Peak 25.20M) | Time:00:00.00 | Mem:0.19M, Peak:0.19M | Building anatomy • staged modelling, ViewLayer | Updating Camera Volume
Fra:1 Mem:24.70M (Peak 25.20M) | Time:00:00.00 | Mem:0.19M, Peak:0.19M | Building anatomy • staged modelling, ViewLayer | Updating Lookup Tables
Fra:1 Mem:24.70M (Peak 25.20M) | Time:00:00.00 | Mem:0.27M, Peak:0.27M | Building anatomy • staged modelling, ViewLayer | Updating Lights
Fra:1 Mem:24.70M (Peak 25.20M) | Time:00:00.00 | Mem:0.27M, Peak:0.27M | Building anatomy • staged modelling, ViewLayer | Updating Lights | Computing tree
Fra:1 Mem:24.76M (Peak 25.20M) | Time:00:00.00 | Mem:0.34M, Peak:0.34M | Building anatomy • staged modelling, ViewLayer | Updating Integrator
Fra:1 Mem:24.76M (Peak 25.20M) | Time:00:00.00 | Mem:0.34M, Peak:0.34M | Building anatomy • staged modelling, ViewLayer | Updating Film
Fra:1 Mem:24.77M (Peak 25.20M) | Time:00:00.00 | Mem:0.25M, Peak:0.34M | Building anatomy • staged modelling, ViewLayer | Updating Lookup Tables
Fra:1 Mem:24.77M (Peak 25.20M) | Time:00:00.00 | Mem:0.34M, Peak:0.34M | Building anatomy • staged modelling, ViewLayer | Updating Baking
Fra:1 Mem:24.77M (Peak 25.20M) | Time:00:00.00 | Mem:0.34M, Peak:0.34M | Building anatomy • staged modelling, ViewLayer | Updating Device | Writing constant memory
Fra:1 Mem:24.77M (Peak 25.20M) | Time:00:00.00 | Mem:0.34M, Peak:0.34M | Building anatomy • staged modelling, ViewLayer | Loading denoising kernels (may take a few minutes the first time)
Fra:1 Mem:24.77M (Peak 25.20M) | Time:00:00.00 | Mem:0.34M, Peak:0.34M | Building anatomy • staged modelling, ViewLayer | Sample 0/24
Fra:1 Mem:95.82M (Peak 95.82M) | Time:00:00.68 | Remaining:00:15.66 | Mem:71.31M, Peak:71.31M | Building anatomy • staged modelling, ViewLayer | Sample 1/24
Fra:1 Mem:125.71M (Peak 170.53M) | Time:00:22.61 | Mem:71.31M, Peak:71.31M | Building anatomy • staged modelling, ViewLayer | Sample 24/24
Fra:1 Mem:125.71M (Peak 170.53M) | Time:00:22.61 | Mem:71.31M, Peak:71.31M | Building anatomy • staged modelling, ViewLayer | Finished
Saved: '/home/naresh/Documents/nareshpane.github.io/research/gpt-6-astra-blender/renders/anatomy.png'
Time: 00:22.73 (Saving: 00:00.12)

Info: Saved as "building_anatomy.blend"
RENDER_VIEWS_SUCCESS

Blender quit
