Blender 4.5.13 LTS (hash daeeeca98fb0 built 2026-08-25 01:31:19)
Read blend: "/home/naresh/Documents/nareshpane.github.io/research/gpt-6-astra-blender/blender/city_master.blend"
Fra:1 Mem:102.53M (Peak 104.24M) | Time:00:00.77 | Rendering 1 / 12 samples
Fra:1 Mem:102.53M (Peak 104.24M) | Time:00:03.01 | Rendering 12 / 12 samples
Saved: '/tmp/astra-world-v2-analytical/shortest_path/frame_0001.png'
Time: 00:03.22 (Saving: 00:00.17)

Info: Saved as "shortest_path.blend"
ANALYTICAL_FRAME shortest_path 1 3.247s
Fra:2 Mem:102.54M (Peak 104.28M) | Time:00:00.46 | Rendering 1 / 12 samples
Fra:2 Mem:102.54M (Peak 104.28M) | Time:00:02.77 | Rendering 12 / 12 samples
Saved: '/tmp/astra-world-v2-analytical/shortest_path/frame_0002.png'
Time: 00:02.90 (Saving: 00:00.06)

ANALYTICAL_FRAME shortest_path 2 2.922s
Fra:3 Mem:102.54M (Peak 104.28M) | Time:00:00.56 | Rendering 1 / 12 samples
Fra:3 Mem:102.54M (Peak 104.28M) | Time:00:02.85 | Rendering 12 / 12 samples
Saved: '/tmp/astra-world-v2-analytical/shortest_path/frame_0003.png'
Time: 00:02.96 (Saving: 00:00.06)

ANALYTICAL_FRAME shortest_path 3 2.986s
Fra:4 Mem:102.54M (Peak 104.28M) | Time:00:00.48 | Rendering 1 / 12 samples
Fra:4 Mem:102.54M (Peak 104.28M) | Time:00:02.75 | Rendering 12 / 12 samples
Saved: '/tmp/astra-world-v2-analytical/shortest_path/frame_0004.png'
Time: 00:02.86 (Saving: 00:00.07)

ANALYTICAL_FRAME shortest_path 4 2.881s
Fra:5 Mem:102.54M (Peak 104.28M) | Time:00:00.48 | Rendering 1 / 12 samples
Fra:5 Mem:102.54M (Peak 104.28M) | Time:00:02.73 | Rendering 12 / 12 samples
Saved: '/tmp/astra-world-v2-analytical/shortest_path/frame_0005.png'
Time: 00:02.82 (Saving: 00:00.05)

ANALYTICAL_FRAME shortest_path 5 2.849s
Fra:6 Mem:102.54M (Peak 104.28M) | Time:00:00.44 | Rendering 1 / 12 samples
Fra:6 Mem:102.54M (Peak 104.28M) | Time:00:02.80 | Rendering 12 / 12 samples
Saved: '/tmp/astra-world-v2-analytical/shortest_path/frame_0006.png'
Time: 00:02.93 (Saving: 00:00.07)

ANALYTICAL_FRAME shortest_path 6 2.967s
Fra:7 Mem:102.54M (Peak 104.28M) | Time:00:00.63 | Rendering 1 / 12 samples
Fra:7 Mem:102.54M (Peak 104.28M) | Time:00:03.28 | Rendering 12 / 12 samples
Saved: '/tmp/astra-world-v2-analytical/shortest_path/frame_0007.png'
Time: 00:03.39 (Saving: 00:00.06)

ANALYTICAL_FRAME shortest_path 7 3.424s
Fra:8 Mem:102.54M (Peak 104.28M) | Time:00:00.50 | Rendering 1 / 12 samples
Fra:8 Mem:102.54M (Peak 104.28M) | Time:00:02.61 | Rendering 12 / 12 samples
Saved: '/tmp/astra-world-v2-analytical/shortest_path/frame_0008.png'
Time: 00:02.74 (Saving: 00:00.08)

ANALYTICAL_FRAME shortest_path 8 2.766s
Fra:9 Mem:102.54M (Peak 104.28M) | Time:00:00.51 | Rendering 1 / 12 samples
Fra:9 Mem:102.54M (Peak 104.28M) | Time:00:02.85 | Rendering 12 / 12 samples
Saved: '/tmp/astra-world-v2-analytical/shortest_path/frame_0009.png'
Time: 00:02.99 (Saving: 00:00.07)

ANALYTICAL_FRAME shortest_path 9 3.018s
Fra:10 Mem:102.54M (Peak 104.28M) | Time:00:00.70 | Rendering 1 / 12 samples
Fra:10 Mem:102.54M (Peak 104.28M) | Time:00:03.54 | Rendering 12 / 12 samples
Saved: '/tmp/astra-world-v2-analytical/shortest_path/frame_0010.png'
Time: 00:03.69 (Saving: 00:00.07)

ANALYTICAL_FRAME shortest_path 10 3.723s
Fra:11 Mem:102.54M (Peak 104.28M) | Time:00:00.60 | Rendering 1 / 12 samples
Fra:11 Mem:102.54M (Peak 104.28M) | Time:00:02.83 | Rendering 12 / 12 samples
Saved: '/tmp/astra-world-v2-analytical/shortest_path/frame_0011.png'
Time: 00:02.93 (Saving: 00:00.06)

ANALYTICAL_FRAME shortest_path 11 2.964s
Fra:12 Mem:102.54M (Peak 104.28M) | Time:00:00.47 | Rendering 1 / 12 samples
Fra:12 Mem:102.54M (Peak 104.28M) | Time:00:02.56 | Rendering 12 / 12 samples
Saved: '/tmp/astra-world-v2-analytical/shortest_path/frame_0012.png'
Time: 00:02.66 (Saving: 00:00.05)

ANALYTICAL_FRAME shortest_path 12 2.685s
Fra:13 Mem:102.54M (Peak 104.28M) | Time:00:00.48 | Rendering 1 / 12 samples
Fra:13 Mem:102.54M (Peak 104.28M) | Time:00:02.65 | Rendering 12 / 12 samples
Saved: '/tmp/astra-world-v2-analytical/shortest_path/frame_0013.png'
Time: 00:02.80 (Saving: 00:00.08)

ANALYTICAL_FRAME shortest_path 13 2.821s
Fra:14 Mem:102.54M (Peak 104.28M) | Time:00:00.67 | Rendering 1 / 12 samples
Fra:14 Mem:102.54M (Peak 104.28M) | Time:00:03.44 | Rendering 12 / 12 samples
Saved: '/tmp/astra-world-v2-analytical/shortest_path/frame_0014.png'
Time: 00:03.57 (Saving: 00:00.07)

ANALYTICAL_FRAME shortest_path 14 3.611s
Fra:15 Mem:102.54M (Peak 104.28M) | Time:00:00.69 | Rendering 1 / 12 samples
Fra:15 Mem:102.54M (Peak 104.28M) | Time:00:03.35 | Rendering 12 / 12 samples
Saved: '/tmp/astra-world-v2-analytical/shortest_path/frame_0015.png'
Time: 00:03.47 (Saving: 00:00.07)

ANALYTICAL_FRAME shortest_path 15 3.510s
Fra:16 Mem:102.54M (Peak 104.28M) | Time:00:00.63 | Rendering 1 / 12 samples
Fra:16 Mem:102.54M (Peak 104.28M) | Time:00:03.03 | Rendering 12 / 12 samples
Saved: '/tmp/astra-world-v2-analytical/shortest_path/frame_0016.png'
Time: 00:03.18 (Saving: 00:00.08)

ANALYTICAL_FRAME shortest_path 16 3.234s
Fra:17 Mem:102.54M (Peak 104.28M) | Time:00:00.71 | Rendering 1 / 12 samples
Fra:17 Mem:102.54M (Peak 104.28M) | Time:00:03.43 | Rendering 12 / 12 samples
Saved: '/tmp/astra-world-v2-analytical/shortest_path/frame_0017.png'
Time: 00:03.59 (Saving: 00:00.09)

ANALYTICAL_FRAME shortest_path 17 3.641s
Fra:18 Mem:102.54M (Peak 104.28M) | Time:00:00.59 | Rendering 1 / 12 samples
Fra:18 Mem:102.54M (Peak 104.28M) | Time:00:03.38 | Rendering 12 / 12 samples
Saved: '/tmp/astra-world-v2-analytical/shortest_path/frame_0018.png'
Time: 00:03.50 (Saving: 00:00.08)

ANALYTICAL_FRAME shortest_path 18 3.550s
Fra:19 Mem:102.54M (Peak 104.28M) | Time:00:00.57 | Rendering 1 / 12 samples
Fra:19 Mem:102.54M (Peak 104.28M) | Time:00:02.53 | Rendering 12 / 12 samples
Saved: '/tmp/astra-world-v2-analytical/shortest_path/frame_0019.png'
Time: 00:02.62 (Saving: 00:00.05)

ANALYTICAL_FRAME shortest_path 19 2.653s
Fra:20 Mem:102.54M (Peak 104.28M) | Time:00:00.42 | Rendering 1 / 12 samples
Fra:20 Mem:102.54M (Peak 104.28M) | Time:00:02.38 | Rendering 12 / 12 samples
Saved: '/tmp/astra-world-v2-analytical/shortest_path/frame_0020.png'
Time: 00:02.48 (Saving: 00:00.05)

ANALYTICAL_FRAME shortest_path 20 2.501s
Fra:21 Mem:102.54M (Peak 104.28M) | Time:00:00.48 | Rendering 1 / 12 samples
Fra:21 Mem:102.54M (Peak 104.28M) | Time:00:02.43 | Rendering 12 / 12 samples
Saved: '/tmp/astra-world-v2-analytical/shortest_path/frame_0021.png'
Time: 00:02.52 (Saving: 00:00.05)

ANALYTICAL_FRAME shortest_path 21 2.546s
Fra:22 Mem:102.54M (Peak 104.28M) | Time:00:00.44 | Rendering 1 / 12 samples
Fra:22 Mem:102.54M (Peak 104.28M) | Time:00:02.35 | Rendering 12 / 12 samples
Saved: '/tmp/astra-world-v2-analytical/shortest_path/frame_0022.png'
Time: 00:02.45 (Saving: 00:00.06)

ANALYTICAL_FRAME shortest_path 22 2.475s
Fra:23 Mem:102.54M (Peak 104.28M) | Time:00:00.42 | Rendering 1 / 12 samples
Fra:23 Mem:102.54M (Peak 104.28M) | Time:00:02.32 | Rendering 12 / 12 samples
Saved: '/tmp/astra-world-v2-analytical/shortest_path/frame_0023.png'
Time: 00:02.40 (Saving: 00:00.05)

ANALYTICAL_FRAME shortest_path 23 2.423s
Fra:24 Mem:102.54M (Peak 104.28M) | Time:00:00.45 | Rendering 1 / 12 samples
Fra:24 Mem:102.54M (Peak 104.28M) | Time:00:02.46 | Rendering 12 / 12 samples
Saved: '/tmp/astra-world-v2-analytical/shortest_path/frame_0024.png'
Time: 00:02.55 (Saving: 00:00.06)

ANALYTICAL_FRAME shortest_path 24 2.580s
Fra:25 Mem:102.54M (Peak 104.28M) | Time:00:00.44 | Rendering 1 / 12 samples
Fra:25 Mem:102.54M (Peak 104.28M) | Time:00:02.34 | Rendering 12 / 12 samples
Saved: '/tmp/astra-world-v2-analytical/shortest_path/frame_0025.png'
Time: 00:02.45 (Saving: 00:00.06)

ANALYTICAL_FRAME shortest_path 25 2.477s
Fra:26 Mem:102.54M (Peak 104.28M) | Time:00:00.42 | Rendering 1 / 12 samples
Fra:26 Mem:102.54M (Peak 104.28M) | Time:00:02.26 | Rendering 12 / 12 samples
Saved: '/tmp/astra-world-v2-analytical/shortest_path/frame_0026.png'
Time: 00:02.35 (Saving: 00:00.06)

ANALYTICAL_FRAME shortest_path 26 2.375s
Fra:27 Mem:102.54M (Peak 104.28M) | Time:00:00.40 | Rendering 1 / 12 samples
Fra:27 Mem:102.54M (Peak 104.28M) | Time:00:02.28 | Rendering 12 / 12 samples
Saved: '/tmp/astra-world-v2-analytical/shortest_path/frame_0027.png'
Time: 00:02.36 (Saving: 00:00.05)

ANALYTICAL_FRAME shortest_path 27 2.389s
Fra:28 Mem:102.54M (Peak 104.28M) | Time:00:00.46 | Rendering 1 / 12 samples
Fra:28 Mem:102.54M (Peak 104.28M) | Time:00:02.34 | Rendering 12 / 12 samples
Saved: '/tmp/astra-world-v2-analytical/shortest_path/frame_0028.png'
Time: 00:02.44 (Saving: 00:00.06)

ANALYTICAL_FRAME shortest_path 28 2.470s
Fra:29 Mem:102.54M (Peak 104.28M) | Time:00:00.43 | Rendering 1 / 12 samples
Fra:29 Mem:102.54M (Peak 104.28M) | Time:00:02.31 | Rendering 12 / 12 samples
Saved: '/tmp/astra-world-v2-analytical/shortest_path/frame_0029.png'
Time: 00:02.40 (Saving: 00:00.05)

ANALYTICAL_FRAME shortest_path 29 2.422s
Fra:30 Mem:102.54M (Peak 104.28M) | Time:00:00.42 | Rendering 1 / 12 samples
Fra:30 Mem:102.54M (Peak 104.28M) | Time:00:02.32 | Rendering 12 / 12 samples
Saved: '/tmp/astra-world-v2-analytical/shortest_path/frame_0030.png'
Time: 00:02.42 (Saving: 00:00.06)

ANALYTICAL_FRAME shortest_path 30 2.455s
Fra:31 Mem:102.54M (Peak 104.28M) | Time:00:00.43 | Rendering 1 / 12 samples
Fra:31 Mem:102.54M (Peak 104.28M) | Time:00:02.34 | Rendering 12 / 12 samples
Saved: '/tmp/astra-world-v2-analytical/shortest_path/frame_0031.png'
Time: 00:02.43 (Saving: 00:00.05)

ANALYTICAL_FRAME shortest_path 31 2.455s
Fra:32 Mem:102.54M (Peak 104.28M) | Time:00:00.45 | Rendering 1 / 12 samples
Fra:32 Mem:102.54M (Peak 104.28M) | Time:00:02.33 | Rendering 12 / 12 samples
Saved: '/tmp/astra-world-v2-analytical/shortest_path/frame_0032.png'
Time: 00:02.41 (Saving: 00:00.05)

ANALYTICAL_FRAME shortest_path 32 2.434s
Fra:33 Mem:102.54M (Peak 104.28M) | Time:00:00.40 | Rendering 1 / 12 samples
Fra:33 Mem:102.54M (Peak 104.28M) | Time:00:02.26 | Rendering 12 / 12 samples
Saved: '/tmp/astra-world-v2-analytical/shortest_path/frame_0033.png'
Time: 00:02.35 (Saving: 00:00.05)

ANALYTICAL_FRAME shortest_path 33 2.376s
Fra:34 Mem:102.54M (Peak 104.28M) | Time:00:00.41 | Rendering 1 / 12 samples
Fra:34 Mem:102.54M (Peak 104.28M) | Time:00:02.26 | Rendering 12 / 12 samples
Saved: '/tmp/astra-world-v2-analytical/shortest_path/frame_0034.png'
Time: 00:02.35 (Saving: 00:00.05)

ANALYTICAL_FRAME shortest_path 34 2.379s
Fra:35 Mem:102.54M (Peak 104.28M) | Time:00:00.39 | Rendering 1 / 12 samples
Fra:35 Mem:102.54M (Peak 104.28M) | Time:00:02.26 | Rendering 12 / 12 samples
Saved: '/tmp/astra-world-v2-analytical/shortest_path/frame_0035.png'
Time: 00:02.35 (Saving: 00:00.05)

ANALYTICAL_FRAME shortest_path 35 2.367s
Fra:36 Mem:102.54M (Peak 104.28M) | Time:00:00.43 | Rendering 1 / 12 samples
Fra:36 Mem:102.54M (Peak 104.28M) | Time:00:02.34 | Rendering 12 / 12 samples
Saved: '/tmp/astra-world-v2-analytical/shortest_path/frame_0036.png'
Time: 00:02.45 (Saving: 00:00.07)

ANALYTICAL_FRAME shortest_path 36 2.498s
Fra:37 Mem:102.54M (Peak 104.28M) | Time:00:00.52 | Rendering 1 / 12 samples
Fra:37 Mem:102.54M (Peak 104.28M) | Time:00:02.42 | Rendering 12 / 12 samples
Saved: '/tmp/astra-world-v2-analytical/shortest_path/frame_0037.png'
Time: 00:02.52 (Saving: 00:00.06)

ANALYTICAL_FRAME shortest_path 37 2.550s
Fra:38 Mem:102.54M (Peak 104.28M) | Time:00:00.43 | Rendering 1 / 12 samples
Fra:38 Mem:102.54M (Peak 104.28M) | Time:00:02.29 | Rendering 12 / 12 samples
Saved: '/tmp/astra-world-v2-analytical/shortest_path/frame_0038.png'
Time: 00:02.38 (Saving: 00:00.05)

ANALYTICAL_FRAME shortest_path 38 2.407s
Fra:39 Mem:102.54M (Peak 104.28M) | Time:00:00.40 | Rendering 1 / 12 samples
Fra:39 Mem:102.54M (Peak 104.28M) | Time:00:02.23 | Rendering 12 / 12 samples
Saved: '/tmp/astra-world-v2-analytical/shortest_path/frame_0039.png'
Time: 00:02.32 (Saving: 00:00.05)

ANALYTICAL_FRAME shortest_path 39 2.341s
Fra:40 Mem:102.54M (Peak 104.28M) | Time:00:00.40 | Rendering 1 / 12 samples
Fra:40 Mem:102.54M (Peak 104.28M) | Time:00:02.26 | Rendering 12 / 12 samples
Saved: '/tmp/astra-world-v2-analytical/shortest_path/frame_0040.png'
Time: 00:02.35 (Saving: 00:00.05)

ANALYTICAL_FRAME shortest_path 40 2.369s
Fra:41 Mem:102.54M (Peak 104.28M) | Time:00:00.40 | Rendering 1 / 12 samples
Fra:41 Mem:102.54M (Peak 104.28M) | Time:00:02.24 | Rendering 12 / 12 samples
Saved: '/tmp/astra-world-v2-analytical/shortest_path/frame_0041.png'
Time: 00:02.32 (Saving: 00:00.05)

ANALYTICAL_FRAME shortest_path 41 2.341s
Fra:42 Mem:102.54M (Peak 104.28M) | Time:00:00.40 | Rendering 1 / 12 samples
Fra:42 Mem:102.54M (Peak 104.28M) | Time:00:02.33 | Rendering 12 / 12 samples
Saved: '/tmp/astra-world-v2-analytical/shortest_path/frame_0042.png'
Time: 00:02.42 (Saving: 00:00.05)

ANALYTICAL_FRAME shortest_path 42 2.443s
Fra:43 Mem:102.54M (Peak 104.28M) | Time:00:00.45 | Rendering 1 / 12 samples
Fra:43 Mem:102.54M (Peak 104.28M) | Time:00:02.35 | Rendering 12 / 12 samples
Saved: '/tmp/astra-world-v2-analytical/shortest_path/frame_0043.png'
Time: 00:02.43 (Saving: 00:00.05)

ANALYTICAL_FRAME shortest_path 43 2.458s
Fra:44 Mem:102.54M (Peak 104.28M) | Time:00:00.40 | Rendering 1 / 12 samples
Fra:44 Mem:102.54M (Peak 104.28M) | Time:00:02.31 | Rendering 12 / 12 samples
Saved: '/tmp/astra-world-v2-analytical/shortest_path/frame_0044.png'
Time: 00:02.39 (Saving: 00:00.05)

ANALYTICAL_FRAME shortest_path 44 2.413s
Fra:45 Mem:102.54M (Peak 104.28M) | Time:00:00.41 | Rendering 1 / 12 samples
Fra:45 Mem:102.54M (Peak 104.28M) | Time:00:02.25 | Rendering 12 / 12 samples
Saved: '/tmp/astra-world-v2-analytical/shortest_path/frame_0045.png'
Time: 00:02.34 (Saving: 00:00.05)

ANALYTICAL_FRAME shortest_path 45 2.359s
Fra:46 Mem:102.54M (Peak 104.28M) | Time:00:00.42 | Rendering 1 / 12 samples
Fra:46 Mem:102.54M (Peak 104.28M) | Time:00:02.41 | Rendering 12 / 12 samples
Saved: '/tmp/astra-world-v2-analytical/shortest_path/frame_0046.png'
Time: 00:02.50 (Saving: 00:00.05)

ANALYTICAL_FRAME shortest_path 46 2.518s
Fra:47 Mem:102.54M (Peak 104.28M) | Time:00:00.41 | Rendering 1 / 12 samples
Fra:47 Mem:102.54M (Peak 104.28M) | Time:00:02.29 | Rendering 12 / 12 samples
Saved: '/tmp/astra-world-v2-analytical/shortest_path/frame_0047.png'
Time: 00:02.37 (Saving: 00:00.05)

ANALYTICAL_FRAME shortest_path 47 2.393s
Fra:48 Mem:102.54M (Peak 104.28M) | Time:00:00.40 | Rendering 1 / 12 samples
Fra:48 Mem:102.54M (Peak 104.28M) | Time:00:02.29 | Rendering 12 / 12 samples
Saved: '/tmp/astra-world-v2-analytical/shortest_path/frame_0048.png'
Time: 00:02.38 (Saving: 00:00.06)

ANALYTICAL_FRAME shortest_path 48 2.402s
Fra:49 Mem:102.59M (Peak 104.35M) | Time:00:00.41 | Rendering 1 / 12 samples
Fra:49 Mem:102.59M (Peak 104.35M) | Time:00:02.20 | Rendering 12 / 12 samples
Saved: '/tmp/astra-world-v2-analytical/shortest_path/frame_0049.png'
Time: 00:02.29 (Saving: 00:00.05)

ANALYTICAL_FRAME shortest_path 49 2.319s
Fra:50 Mem:102.59M (Peak 104.35M) | Time:00:00.45 | Rendering 1 / 12 samples
Fra:50 Mem:102.59M (Peak 104.35M) | Time:00:02.31 | Rendering 12 / 12 samples
Saved: '/tmp/astra-world-v2-analytical/shortest_path/frame_0050.png'
Time: 00:02.42 (Saving: 00:00.07)

ANALYTICAL_FRAME shortest_path 50 2.447s
Fra:51 Mem:102.59M (Peak 104.35M) | Time:00:00.41 | Rendering 1 / 12 samples
Fra:51 Mem:102.59M (Peak 104.35M) | Time:00:02.25 | Rendering 12 / 12 samples
Saved: '/tmp/astra-world-v2-analytical/shortest_path/frame_0051.png'
Time: 00:02.35 (Saving: 00:00.06)

ANALYTICAL_FRAME shortest_path 51 2.371s
Fra:52 Mem:102.59M (Peak 104.35M) | Time:00:00.46 | Rendering 1 / 12 samples
Fra:52 Mem:102.59M (Peak 104.35M) | Time:00:02.32 | Rendering 12 / 12 samples
Saved: '/tmp/astra-world-v2-analytical/shortest_path/frame_0052.png'
Time: 00:02.41 (Saving: 00:00.05)

ANALYTICAL_FRAME shortest_path 52 2.429s
Fra:53 Mem:102.59M (Peak 104.35M) | Time:00:00.44 | Rendering 1 / 12 samples
Fra:53 Mem:102.59M (Peak 104.35M) | Time:00:02.27 | Rendering 12 / 12 samples
Saved: '/tmp/astra-world-v2-analytical/shortest_path/frame_0053.png'
Time: 00:02.35 (Saving: 00:00.05)

ANALYTICAL_FRAME shortest_path 53 2.376s
Fra:54 Mem:102.59M (Peak 104.35M) | Time:00:00.47 | Rendering 1 / 12 samples
Fra:54 Mem:102.59M (Peak 104.35M) | Time:00:02.36 | Rendering 12 / 12 samples
Saved: '/tmp/astra-world-v2-analytical/shortest_path/frame_0054.png'
Time: 00:02.45 (Saving: 00:00.05)

ANALYTICAL_FRAME shortest_path 54 2.477s
Fra:55 Mem:102.60M (Peak 104.35M) | Time:00:00.47 | Rendering 1 / 12 samples
Fra:55 Mem:102.60M (Peak 104.35M) | Time:00:02.36 | Rendering 12 / 12 samples
Saved: '/tmp/astra-world-v2-analytical/shortest_path/frame_0055.png'
Time: 00:02.45 (Saving: 00:00.06)

ANALYTICAL_FRAME shortest_path 55 2.484s
Fra:56 Mem:102.60M (Peak 104.35M) | Time:00:00.49 | Rendering 1 / 12 samples
Fra:56 Mem:102.60M (Peak 104.35M) | Time:00:02.40 | Rendering 12 / 12 samples
Saved: '/tmp/astra-world-v2-analytical/shortest_path/frame_0056.png'
Time: 00:02.49 (Saving: 00:00.05)

ANALYTICAL_FRAME shortest_path 56 2.511s
Fra:57 Mem:102.60M (Peak 104.35M) | Time:00:00.44 | Rendering 1 / 12 samples
Fra:57 Mem:102.60M (Peak 104.35M) | Time:00:02.27 | Rendering 12 / 12 samples
Saved: '/tmp/astra-world-v2-analytical/shortest_path/frame_0057.png'
Time: 00:02.35 (Saving: 00:00.05)

ANALYTICAL_FRAME shortest_path 57 2.369s
Fra:58 Mem:102.60M (Peak 104.35M) | Time:00:00.41 | Rendering 1 / 12 samples
Fra:58 Mem:102.60M (Peak 104.35M) | Time:00:02.34 | Rendering 12 / 12 samples
Saved: '/tmp/astra-world-v2-analytical/shortest_path/frame_0058.png'
Time: 00:02.43 (Saving: 00:00.05)

ANALYTICAL_FRAME shortest_path 58 2.450s
Fra:59 Mem:102.60M (Peak 104.35M) | Time:00:00.42 | Rendering 1 / 12 samples
Fra:59 Mem:102.60M (Peak 104.35M) | Time:00:02.35 | Rendering 12 / 12 samples
Saved: '/tmp/astra-world-v2-analytical/shortest_path/frame_0059.png'
Time: 00:02.46 (Saving: 00:00.07)

ANALYTICAL_FRAME shortest_path 59 2.486s
Fra:60 Mem:102.60M (Peak 104.35M) | Time:00:00.44 | Rendering 1 / 12 samples
Fra:60 Mem:102.60M (Peak 104.35M) | Time:00:02.33 | Rendering 12 / 12 samples
Saved: '/tmp/astra-world-v2-analytical/shortest_path/frame_0060.png'
Time: 00:02.45 (Saving: 00:00.06)

ANALYTICAL_FRAME shortest_path 60 2.478s
Fra:61 Mem:102.60M (Peak 104.35M) | Time:00:00.48 | Rendering 1 / 12 samples
Fra:61 Mem:102.60M (Peak 104.35M) | Time:00:02.37 | Rendering 12 / 12 samples
Saved: '/tmp/astra-world-v2-analytical/shortest_path/frame_0061.png'
Time: 00:02.47 (Saving: 00:00.05)

ANALYTICAL_FRAME shortest_path 61 2.491s
Fra:62 Mem:102.60M (Peak 104.35M) | Time:00:00.41 | Rendering 1 / 12 samples
Fra:62 Mem:102.60M (Peak 104.35M) | Time:00:02.28 | Rendering 12 / 12 samples
Saved: '/tmp/astra-world-v2-analytical/shortest_path/frame_0062.png'
Time: 00:02.37 (Saving: 00:00.05)

ANALYTICAL_FRAME shortest_path 62 2.402s
Fra:63 Mem:102.60M (Peak 104.35M) | Time:00:00.43 | Rendering 1 / 12 samples
Fra:63 Mem:102.60M (Peak 104.35M) | Time:00:02.27 | Rendering 12 / 12 samples
Saved: '/tmp/astra-world-v2-analytical/shortest_path/frame_0063.png'
Time: 00:02.36 (Saving: 00:00.05)

ANALYTICAL_FRAME shortest_path 63 2.390s
Fra:64 Mem:102.60M (Peak 104.35M) | Time:00:00.42 | Rendering 1 / 12 samples
Fra:64 Mem:102.60M (Peak 104.35M) | Time:00:02.25 | Rendering 12 / 12 samples
Saved: '/tmp/astra-world-v2-analytical/shortest_path/frame_0064.png'
Time: 00:02.35 (Saving: 00:00.06)

ANALYTICAL_FRAME shortest_path 64 2.376s
Fra:65 Mem:102.61M (Peak 104.36M) | Time:00:00.44 | Rendering 1 / 12 samples
Fra:65 Mem:102.61M (Peak 104.36M) | Time:00:02.35 | Rendering 12 / 12 samples
Saved: '/tmp/astra-world-v2-analytical/shortest_path/frame_0065.png'
Time: 00:02.45 (Saving: 00:00.07)

ANALYTICAL_FRAME shortest_path 65 2.486s
Fra:66 Mem:102.62M (Peak 104.37M) | Time:00:00.41 | Rendering 1 / 12 samples
Fra:66 Mem:102.62M (Peak 104.37M) | Time:00:02.37 | Rendering 12 / 12 samples
Saved: '/tmp/astra-world-v2-analytical/shortest_path/frame_0066.png'
Time: 00:02.46 (Saving: 00:00.06)

ANALYTICAL_FRAME shortest_path 66 2.490s
Fra:67 Mem:102.62M (Peak 104.37M) | Time:00:00.57 | Rendering 1 / 12 samples
Fra:67 Mem:102.62M (Peak 104.37M) | Time:00:02.57 | Rendering 12 / 12 samples
Saved: '/tmp/astra-world-v2-analytical/shortest_path/frame_0067.png'
Time: 00:02.68 (Saving: 00:00.07)

ANALYTICAL_FRAME shortest_path 67 2.714s
Fra:68 Mem:102.62M (Peak 104.37M) | Time:00:00.50 | Rendering 1 / 12 samples
Fra:68 Mem:102.62M (Peak 104.37M) | Time:00:02.54 | Rendering 12 / 12 samples
Saved: '/tmp/astra-world-v2-analytical/shortest_path/frame_0068.png'
Time: 00:02.66 (Saving: 00:00.08)

ANALYTICAL_FRAME shortest_path 68 2.690s
Fra:69 Mem:102.62M (Peak 104.37M) | Time:00:00.55 | Rendering 1 / 12 samples
Fra:69 Mem:102.62M (Peak 104.37M) | Time:00:02.53 | Rendering 12 / 12 samples
Saved: '/tmp/astra-world-v2-analytical/shortest_path/frame_0069.png'
Time: 00:02.62 (Saving: 00:00.05)

ANALYTICAL_FRAME shortest_path 69 2.656s
Fra:70 Mem:102.62M (Peak 104.37M) | Time:00:00.44 | Rendering 1 / 12 samples
Fra:70 Mem:102.62M (Peak 104.37M) | Time:00:02.40 | Rendering 12 / 12 samples
Saved: '/tmp/astra-world-v2-analytical/shortest_path/frame_0070.png'
Time: 00:02.51 (Saving: 00:00.06)

ANALYTICAL_FRAME shortest_path 70 2.533s
Fra:71 Mem:102.62M (Peak 104.37M) | Time:00:00.45 | Rendering 1 / 12 samples
Fra:71 Mem:102.62M (Peak 104.37M) | Time:00:02.34 | Rendering 12 / 12 samples
Saved: '/tmp/astra-world-v2-analytical/shortest_path/frame_0071.png'
Time: 00:02.42 (Saving: 00:00.05)

ANALYTICAL_FRAME shortest_path 71 2.453s
Fra:72 Mem:102.62M (Peak 104.37M) | Time:00:00.41 | Rendering 1 / 12 samples
Fra:72 Mem:102.62M (Peak 104.37M) | Time:00:02.28 | Rendering 12 / 12 samples
Saved: '/tmp/astra-world-v2-analytical/shortest_path/frame_0072.png'
Time: 00:02.38 (Saving: 00:00.06)

ANALYTICAL_FRAME shortest_path 72 2.397s
Fra:73 Mem:102.62M (Peak 104.37M) | Time:00:00.45 | Rendering 1 / 12 samples
Fra:73 Mem:102.62M (Peak 104.37M) | Time:00:02.46 | Rendering 12 / 12 samples
Saved: '/tmp/astra-world-v2-analytical/shortest_path/frame_0073.png'
Time: 00:02.56 (Saving: 00:00.05)

ANALYTICAL_FRAME shortest_path 73 2.580s
Fra:74 Mem:102.62M (Peak 104.37M) | Time:00:00.41 | Rendering 1 / 12 samples
Fra:74 Mem:102.62M (Peak 104.37M) | Time:00:02.27 | Rendering 12 / 12 samples
Saved: '/tmp/astra-world-v2-analytical/shortest_path/frame_0074.png'
Time: 00:02.36 (Saving: 00:00.05)

ANALYTICAL_FRAME shortest_path 74 2.378s
Fra:75 Mem:102.62M (Peak 104.37M) | Time:00:00.42 | Rendering 1 / 12 samples
Fra:75 Mem:102.62M (Peak 104.37M) | Time:00:02.30 | Rendering 12 / 12 samples
Saved: '/tmp/astra-world-v2-analytical/shortest_path/frame_0075.png'
Time: 00:02.40 (Saving: 00:00.06)

ANALYTICAL_FRAME shortest_path 75 2.424s
Fra:76 Mem:102.62M (Peak 104.37M) | Time:00:00.41 | Rendering 1 / 12 samples
Fra:76 Mem:102.62M (Peak 104.37M) | Time:00:02.35 | Rendering 12 / 12 samples
Saved: '/tmp/astra-world-v2-analytical/shortest_path/frame_0076.png'
Time: 00:02.47 (Saving: 00:00.07)

ANALYTICAL_FRAME shortest_path 76 2.499s
Fra:77 Mem:102.62M (Peak 104.37M) | Time:00:00.44 | Rendering 1 / 12 samples
Fra:77 Mem:102.62M (Peak 104.37M) | Time:00:02.00 | Rendering 12 / 12 samples
Saved: '/tmp/astra-world-v2-analytical/shortest_path/frame_0077.png'
Time: 00:02.08 (Saving: 00:00.05)

ANALYTICAL_FRAME shortest_path 77 2.108s
Fra:78 Mem:102.62M (Peak 104.37M) | Time:00:00.32 | Rendering 1 / 12 samples
Fra:78 Mem:102.62M (Peak 104.37M) | Time:00:01.80 | Rendering 12 / 12 samples
Saved: '/tmp/astra-world-v2-analytical/shortest_path/frame_0078.png'
Time: 00:01.88 (Saving: 00:00.05)

ANALYTICAL_FRAME shortest_path 78 1.902s
Fra:79 Mem:102.62M (Peak 104.37M) | Time:00:00.31 | Rendering 1 / 12 samples
Fra:79 Mem:102.62M (Peak 104.37M) | Time:00:01.86 | Rendering 12 / 12 samples
Saved: '/tmp/astra-world-v2-analytical/shortest_path/frame_0079.png'
Time: 00:01.94 (Saving: 00:00.05)

ANALYTICAL_FRAME shortest_path 79 1.956s
Fra:80 Mem:102.62M (Peak 104.37M) | Time:00:00.31 | Rendering 1 / 12 samples
Fra:80 Mem:102.62M (Peak 104.37M) | Time:00:01.81 | Rendering 12 / 12 samples
Saved: '/tmp/astra-world-v2-analytical/shortest_path/frame_0080.png'
Time: 00:01.88 (Saving: 00:00.04)

ANALYTICAL_FRAME shortest_path 80 1.902s
Fra:81 Mem:102.62M (Peak 104.37M) | Time:00:00.31 | Rendering 1 / 12 samples
Fra:81 Mem:102.62M (Peak 104.37M) | Time:00:01.79 | Rendering 12 / 12 samples
Saved: '/tmp/astra-world-v2-analytical/shortest_path/frame_0081.png'
Time: 00:01.87 (Saving: 00:00.05)

ANALYTICAL_FRAME shortest_path 81 1.888s
Fra:82 Mem:102.62M (Peak 104.37M) | Time:00:00.34 | Rendering 1 / 12 samples
Fra:82 Mem:102.62M (Peak 104.37M) | Time:00:01.83 | Rendering 12 / 12 samples
Saved: '/tmp/astra-world-v2-analytical/shortest_path/frame_0082.png'
Time: 00:01.91 (Saving: 00:00.05)

ANALYTICAL_FRAME shortest_path 82 1.933s
Fra:83 Mem:102.62M (Peak 104.37M) | Time:00:00.32 | Rendering 1 / 12 samples
Fra:83 Mem:102.62M (Peak 104.37M) | Time:00:01.78 | Rendering 12 / 12 samples
Saved: '/tmp/astra-world-v2-analytical/shortest_path/frame_0083.png'
Time: 00:01.86 (Saving: 00:00.05)

ANALYTICAL_FRAME shortest_path 83 1.880s
Fra:84 Mem:102.62M (Peak 104.37M) | Time:00:00.34 | Rendering 1 / 12 samples
Fra:84 Mem:102.62M (Peak 104.37M) | Time:00:02.07 | Rendering 12 / 12 samples
Saved: '/tmp/astra-world-v2-analytical/shortest_path/frame_0084.png'
Time: 00:02.18 (Saving: 00:00.08)

ANALYTICAL_FRAME shortest_path 84 2.198s
Fra:85 Mem:102.62M (Peak 104.37M) | Time:00:00.34 | Rendering 1 / 12 samples
Fra:85 Mem:102.62M (Peak 104.37M) | Time:00:01.80 | Rendering 12 / 12 samples
Saved: '/tmp/astra-world-v2-analytical/shortest_path/frame_0085.png'
Time: 00:01.88 (Saving: 00:00.05)

ANALYTICAL_FRAME shortest_path 85 1.901s
Fra:86 Mem:102.62M (Peak 104.37M) | Time:00:00.33 | Rendering 1 / 12 samples
Fra:86 Mem:102.62M (Peak 104.37M) | Time:00:01.79 | Rendering 12 / 12 samples
Saved: '/tmp/astra-world-v2-analytical/shortest_path/frame_0086.png'
Time: 00:01.87 (Saving: 00:00.05)

ANALYTICAL_FRAME shortest_path 86 1.892s
Fra:87 Mem:102.62M (Peak 104.37M) | Time:00:00.35 | Rendering 1 / 12 samples
Fra:87 Mem:102.62M (Peak 104.37M) | Time:00:01.87 | Rendering 12 / 12 samples
Saved: '/tmp/astra-world-v2-analytical/shortest_path/frame_0087.png'
Time: 00:01.96 (Saving: 00:00.06)

ANALYTICAL_FRAME shortest_path 87 1.978s
Fra:88 Mem:102.62M (Peak 104.37M) | Time:00:00.44 | Rendering 1 / 12 samples
Fra:88 Mem:102.62M (Peak 104.37M) | Time:00:02.43 | Rendering 12 / 12 samples
Saved: '/tmp/astra-world-v2-analytical/shortest_path/frame_0088.png'
Time: 00:02.54 (Saving: 00:00.07)

ANALYTICAL_FRAME shortest_path 88 2.569s
Fra:89 Mem:102.62M (Peak 104.37M) | Time:00:00.98 | Rendering 1 / 12 samples
Fra:89 Mem:102.62M (Peak 104.37M) | Time:00:05.07 | Rendering 12 / 12 samples
Saved: '/tmp/astra-world-v2-analytical/shortest_path/frame_0089.png'
Time: 00:05.25 (Saving: 00:00.07)

ANALYTICAL_FRAME shortest_path 89 5.345s
Fra:90 Mem:102.62M (Peak 104.37M) | Time:00:00.70 | Rendering 1 / 12 samples
Fra:90 Mem:102.62M (Peak 104.37M) | Time:00:03.79 | Rendering 12 / 12 samples
Saved: '/tmp/astra-world-v2-analytical/shortest_path/frame_0090.png'
Time: 00:03.93 (Saving: 00:00.09)

ANALYTICAL_FRAME shortest_path 90 4.034s
Fra:91 Mem:102.62M (Peak 104.37M) | Time:00:01.05 | Rendering 1 / 12 samples
Fra:91 Mem:102.62M (Peak 104.37M) | Time:00:04.32 | Rendering 12 / 12 samples
Saved: '/tmp/astra-world-v2-analytical/shortest_path/frame_0091.png'
Time: 00:04.44 (Saving: 00:00.07)

ANALYTICAL_FRAME shortest_path 91 4.482s
Fra:92 Mem:102.62M (Peak 104.37M) | Time:00:00.44 | Rendering 1 / 12 samples
Fra:92 Mem:102.62M (Peak 104.37M) | Time:00:02.25 | Rendering 12 / 12 samples
Saved: '/tmp/astra-world-v2-analytical/shortest_path/frame_0092.png'
Time: 00:02.39 (Saving: 00:00.10)

ANALYTICAL_FRAME shortest_path 92 2.416s
Fra:93 Mem:102.62M (Peak 104.37M) | Time:00:00.49 | Rendering 1 / 12 samples
Fra:93 Mem:102.62M (Peak 104.37M) | Time:00:02.29 | Rendering 12 / 12 samples
Saved: '/tmp/astra-world-v2-analytical/shortest_path/frame_0093.png'
Time: 00:02.44 (Saving: 00:00.10)

ANALYTICAL_FRAME shortest_path 93 2.469s
Fra:94 Mem:102.62M (Peak 104.37M) | Time:00:00.44 | Rendering 1 / 12 samples
Fra:94 Mem:102.62M (Peak 104.37M) | Time:00:02.23 | Rendering 12 / 12 samples
Saved: '/tmp/astra-world-v2-analytical/shortest_path/frame_0094.png'
Time: 00:02.34 (Saving: 00:00.08)

ANALYTICAL_FRAME shortest_path 94 2.376s
Fra:95 Mem:102.62M (Peak 104.37M) | Time:00:00.48 | Rendering 1 / 12 samples
Fra:95 Mem:102.62M (Peak 104.37M) | Time:00:02.25 | Rendering 12 / 12 samples
Saved: '/tmp/astra-world-v2-analytical/shortest_path/frame_0095.png'
Time: 00:02.39 (Saving: 00:00.10)

ANALYTICAL_FRAME shortest_path 95 2.424s
Fra:96 Mem:102.62M (Peak 104.37M) | Time:00:00.43 | Rendering 1 / 12 samples
Fra:96 Mem:102.62M (Peak 104.37M) | Time:00:02.20 | Rendering 12 / 12 samples
Saved: '/tmp/astra-world-v2-analytical/shortest_path/frame_0096.png'
Time: 00:02.33 (Saving: 00:00.10)

ANALYTICAL_FRAME shortest_path 96 2.367s
Fra:97 Mem:102.62M (Peak 104.37M) | Time:00:00.51 | Rendering 1 / 12 samples
Fra:97 Mem:102.62M (Peak 104.37M) | Time:00:02.30 | Rendering 12 / 12 samples
Saved: '/tmp/astra-world-v2-analytical/shortest_path/frame_0097.png'
Time: 00:02.43 (Saving: 00:00.09)

ANALYTICAL_FRAME shortest_path 97 2.464s
Fra:98 Mem:102.62M (Peak 104.37M) | Time:00:00.46 | Rendering 1 / 12 samples
Fra:98 Mem:102.62M (Peak 104.37M) | Time:00:02.27 | Rendering 12 / 12 samples
Saved: '/tmp/astra-world-v2-analytical/shortest_path/frame_0098.png'
Time: 00:02.41 (Saving: 00:00.10)

ANALYTICAL_FRAME shortest_path 98 2.445s
Fra:99 Mem:102.62M (Peak 104.37M) | Time:00:00.47 | Rendering 1 / 12 samples
Fra:99 Mem:102.62M (Peak 104.37M) | Time:00:02.26 | Rendering 12 / 12 samples
Saved: '/tmp/astra-world-v2-analytical/shortest_path/frame_0099.png'
Time: 00:02.38 (Saving: 00:00.08)

ANALYTICAL_FRAME shortest_path 99 2.410s
Fra:100 Mem:102.62M (Peak 104.37M) | Time:00:00.46 | Rendering 1 / 12 samples
Fra:100 Mem:102.62M (Peak 104.37M) | Time:00:02.20 | Rendering 12 / 12 samples
Saved: '/tmp/astra-world-v2-analytical/shortest_path/frame_0100.png'
Time: 00:02.37 (Saving: 00:00.13)

ANALYTICAL_FRAME shortest_path 100 2.407s
Fra:101 Mem:102.62M (Peak 104.37M) | Time:00:00.51 | Rendering 1 / 12 samples
Fra:101 Mem:102.62M (Peak 104.37M) | Time:00:02.30 | Rendering 12 / 12 samples
Saved: '/tmp/astra-world-v2-analytical/shortest_path/frame_0101.png'
Time: 00:02.42 (Saving: 00:00.08)

ANALYTICAL_FRAME shortest_path 101 2.443s
Fra:102 Mem:102.62M (Peak 104.37M) | Time:00:00.49 | Rendering 1 / 12 samples
Fra:102 Mem:102.62M (Peak 104.37M) | Time:00:02.23 | Rendering 12 / 12 samples
Saved: '/tmp/astra-world-v2-analytical/shortest_path/frame_0102.png'
Time: 00:02.37 (Saving: 00:00.10)

ANALYTICAL_FRAME shortest_path 102 2.395s
Fra:103 Mem:102.62M (Peak 104.37M) | Time:00:00.47 | Rendering 1 / 12 samples
Fra:103 Mem:102.62M (Peak 104.37M) | Time:00:02.26 | Rendering 12 / 12 samples
Saved: '/tmp/astra-world-v2-analytical/shortest_path/frame_0103.png'
Time: 00:02.40 (Saving: 00:00.10)

ANALYTICAL_FRAME shortest_path 103 2.429s
Fra:104 Mem:102.62M (Peak 104.37M) | Time:00:00.53 | Rendering 1 / 12 samples
Fra:104 Mem:102.62M (Peak 104.37M) | Time:00:02.46 | Rendering 12 / 12 samples
Saved: '/tmp/astra-world-v2-analytical/shortest_path/frame_0104.png'
Time: 00:02.61 (Saving: 00:00.10)

ANALYTICAL_FRAME shortest_path 104 2.646s
Fra:105 Mem:102.62M (Peak 104.37M) | Time:00:00.70 | Rendering 1 / 12 samples
Fra:105 Mem:102.62M (Peak 104.37M) | Time:00:02.85 | Rendering 12 / 12 samples
Saved: '/tmp/astra-world-v2-analytical/shortest_path/frame_0105.png'
Time: 00:03.01 (Saving: 00:00.09)

ANALYTICAL_FRAME shortest_path 105 3.041s
Fra:106 Mem:102.62M (Peak 104.37M) | Time:00:00.50 | Rendering 1 / 12 samples
Fra:106 Mem:102.62M (Peak 104.37M) | Time:00:02.40 | Rendering 12 / 12 samples
Saved: '/tmp/astra-world-v2-analytical/shortest_path/frame_0106.png'
Time: 00:02.55 (Saving: 00:00.10)

ANALYTICAL_FRAME shortest_path 106 2.584s
Fra:107 Mem:102.62M (Peak 104.37M) | Time:00:00.51 | Rendering 1 / 12 samples
Fra:107 Mem:102.62M (Peak 104.37M) | Time:00:02.55 | Rendering 12 / 12 samples
Saved: '/tmp/astra-world-v2-analytical/shortest_path/frame_0107.png'
Time: 00:02.73 (Saving: 00:00.13)

ANALYTICAL_FRAME shortest_path 107 2.771s
Fra:108 Mem:102.62M (Peak 104.37M) | Time:00:00.65 | Rendering 1 / 12 samples
Fra:108 Mem:102.62M (Peak 104.37M) | Time:00:02.56 | Rendering 12 / 12 samples
Saved: '/tmp/astra-world-v2-analytical/shortest_path/frame_0108.png'
Time: 00:02.72 (Saving: 00:00.11)

ANALYTICAL_FRAME shortest_path 108 2.752s
Fra:109 Mem:102.62M (Peak 104.37M) | Time:00:00.53 | Rendering 1 / 12 samples
Fra:109 Mem:102.62M (Peak 104.37M) | Time:00:02.92 | Rendering 12 / 12 samples
Saved: '/tmp/astra-world-v2-analytical/shortest_path/frame_0109.png'
Time: 00:03.14 (Saving: 00:00.15)

ANALYTICAL_FRAME shortest_path 109 3.190s
Fra:110 Mem:102.62M (Peak 104.37M) | Time:00:00.89 | Rendering 1 / 12 samples
Fra:110 Mem:102.62M (Peak 104.37M) | Time:00:03.34 | Rendering 12 / 12 samples
Saved: '/tmp/astra-world-v2-analytical/shortest_path/frame_0110.png'
Time: 00:03.70 (Saving: 00:00.15)

ANALYTICAL_FRAME shortest_path 110 3.751s
Fra:111 Mem:102.62M (Peak 104.38M) | Time:00:00.85 | Rendering 1 / 12 samples
Fra:111 Mem:102.62M (Peak 104.38M) | Time:00:03.02 | Rendering 12 / 12 samples
Saved: '/tmp/astra-world-v2-analytical/shortest_path/frame_0111.png'
Time: 00:03.21 (Saving: 00:00.13)

ANALYTICAL_FRAME shortest_path 111 3.263s
Fra:112 Mem:102.62M (Peak 104.38M) | Time:00:00.58 | Rendering 1 / 12 samples
Fra:112 Mem:102.62M (Peak 104.38M) | Time:00:02.74 | Rendering 12 / 12 samples
Saved: '/tmp/astra-world-v2-analytical/shortest_path/frame_0112.png'
Time: 00:02.91 (Saving: 00:00.14)

ANALYTICAL_FRAME shortest_path 112 2.957s
Fra:113 Mem:102.62M (Peak 104.38M) | Time:00:00.55 | Rendering 1 / 12 samples
Fra:113 Mem:102.62M (Peak 104.38M) | Time:00:02.77 | Rendering 12 / 12 samples
Saved: '/tmp/astra-world-v2-analytical/shortest_path/frame_0113.png'
Time: 00:02.92 (Saving: 00:00.10)

ANALYTICAL_FRAME shortest_path 113 2.950s
Fra:114 Mem:102.62M (Peak 104.38M) | Time:00:00.60 | Rendering 1 / 12 samples
Fra:114 Mem:102.62M (Peak 104.38M) | Time:00:02.58 | Rendering 12 / 12 samples
Saved: '/tmp/astra-world-v2-analytical/shortest_path/frame_0114.png'
Time: 00:02.69 (Saving: 00:00.07)

ANALYTICAL_FRAME shortest_path 114 2.725s
Fra:115 Mem:102.62M (Peak 104.38M) | Time:00:00.46 | Rendering 1 / 12 samples
Fra:115 Mem:102.62M (Peak 104.38M) | Time:00:02.48 | Rendering 12 / 12 samples
Saved: '/tmp/astra-world-v2-analytical/shortest_path/frame_0115.png'
Time: 00:02.58 (Saving: 00:00.06)

ANALYTICAL_FRAME shortest_path 115 2.599s
Fra:116 Mem:102.62M (Peak 104.38M) | Time:00:00.46 | Rendering 1 / 12 samples
Fra:116 Mem:102.62M (Peak 104.38M) | Time:00:02.96 | Rendering 12 / 12 samples
Saved: '/tmp/astra-world-v2-analytical/shortest_path/frame_0116.png'
Time: 00:03.07 (Saving: 00:00.07)

ANALYTICAL_FRAME shortest_path 116 3.092s
Fra:117 Mem:102.62M (Peak 104.38M) | Time:00:00.70 | Rendering 1 / 12 samples
Fra:117 Mem:102.62M (Peak 104.38M) | Time:00:02.69 | Rendering 12 / 12 samples
Saved: '/tmp/astra-world-v2-analytical/shortest_path/frame_0117.png'
Time: 00:02.79 (Saving: 00:00.06)

ANALYTICAL_FRAME shortest_path 117 2.810s
Fra:118 Mem:102.62M (Peak 104.38M) | Time:00:00.46 | Rendering 1 / 12 samples
Fra:118 Mem:102.62M (Peak 104.38M) | Time:00:02.45 | Rendering 12 / 12 samples
Saved: '/tmp/astra-world-v2-analytical/shortest_path/frame_0118.png'
Time: 00:02.56 (Saving: 00:00.07)

ANALYTICAL_FRAME shortest_path 118 2.583s
Fra:119 Mem:102.62M (Peak 104.38M) | Time:00:00.48 | Rendering 1 / 12 samples
Fra:119 Mem:102.62M (Peak 104.38M) | Time:00:02.99 | Rendering 12 / 12 samples
Saved: '/tmp/astra-world-v2-analytical/shortest_path/frame_0119.png'
Time: 00:03.13 (Saving: 00:00.10)

ANALYTICAL_FRAME shortest_path 119 3.209s
Fra:120 Mem:102.62M (Peak 104.38M) | Time:00:00.73 | Rendering 1 / 12 samples
Fra:120 Mem:102.62M (Peak 104.38M) | Time:00:03.33 | Rendering 12 / 12 samples
Saved: '/tmp/astra-world-v2-analytical/shortest_path/frame_0120.png'
Time: 00:03.50 (Saving: 00:00.09)

ANALYTICAL_FRAME shortest_path 120 3.596s
Fra:121 Mem:102.62M (Peak 104.38M) | Time:00:00.77 | Rendering 1 / 12 samples
Fra:121 Mem:102.62M (Peak 104.38M) | Time:00:03.19 | Rendering 12 / 12 samples
Saved: '/tmp/astra-world-v2-analytical/shortest_path/frame_0121.png'
Time: 00:03.29 (Saving: 00:00.06)

ANALYTICAL_FRAME shortest_path 121 3.340s
Fra:122 Mem:102.62M (Peak 104.38M) | Time:00:00.53 | Rendering 1 / 12 samples
Fra:122 Mem:102.62M (Peak 104.38M) | Time:00:02.83 | Rendering 12 / 12 samples
Saved: '/tmp/astra-world-v2-analytical/shortest_path/frame_0122.png'
Time: 00:02.94 (Saving: 00:00.06)

ANALYTICAL_FRAME shortest_path 122 2.968s
Fra:123 Mem:102.62M (Peak 104.38M) | Time:00:00.55 | Rendering 1 / 12 samples
Fra:123 Mem:102.62M (Peak 104.38M) | Time:00:03.43 | Rendering 12 / 12 samples
Saved: '/tmp/astra-world-v2-analytical/shortest_path/frame_0123.png'
Time: 00:03.54 (Saving: 00:00.08)

ANALYTICAL_FRAME shortest_path 123 3.569s
Fra:124 Mem:102.63M (Peak 104.38M) | Time:00:00.66 | Rendering 1 / 12 samples
Fra:124 Mem:102.63M (Peak 104.38M) | Time:00:02.83 | Rendering 12 / 12 samples
Saved: '/tmp/astra-world-v2-analytical/shortest_path/frame_0124.png'
Time: 00:02.94 (Saving: 00:00.08)

ANALYTICAL_FRAME shortest_path 124 2.980s
Fra:125 Mem:102.63M (Peak 104.38M) | Time:00:00.47 | Rendering 1 / 12 samples
Fra:125 Mem:102.63M (Peak 104.38M) | Time:00:02.32 | Rendering 12 / 12 samples
Saved: '/tmp/astra-world-v2-analytical/shortest_path/frame_0125.png'
Time: 00:02.41 (Saving: 00:00.05)

ANALYTICAL_FRAME shortest_path 125 2.441s
Fra:126 Mem:102.63M (Peak 104.38M) | Time:00:00.42 | Rendering 1 / 12 samples
Fra:126 Mem:102.63M (Peak 104.38M) | Time:00:02.40 | Rendering 12 / 12 samples
Saved: '/tmp/astra-world-v2-analytical/shortest_path/frame_0126.png'
Time: 00:02.60 (Saving: 00:00.11)

ANALYTICAL_FRAME shortest_path 126 2.670s
Fra:127 Mem:102.63M (Peak 104.38M) | Time:00:00.69 | Rendering 1 / 12 samples
Fra:127 Mem:102.63M (Peak 104.38M) | Time:00:02.91 | Rendering 12 / 12 samples
Saved: '/tmp/astra-world-v2-analytical/shortest_path/frame_0127.png'
Time: 00:03.02 (Saving: 00:00.08)

ANALYTICAL_FRAME shortest_path 127 3.086s
Fra:128 Mem:102.63M (Peak 104.38M) | Time:00:00.54 | Rendering 1 / 12 samples
Fra:128 Mem:102.63M (Peak 104.38M) | Time:00:02.61 | Rendering 12 / 12 samples
Saved: '/tmp/astra-world-v2-analytical/shortest_path/frame_0128.png'
Time: 00:02.70 (Saving: 00:00.07)

ANALYTICAL_FRAME shortest_path 128 2.735s
Fra:129 Mem:102.63M (Peak 104.38M) | Time:00:00.50 | Rendering 1 / 12 samples
Fra:129 Mem:102.63M (Peak 104.38M) | Time:00:02.51 | Rendering 12 / 12 samples
Saved: '/tmp/astra-world-v2-analytical/shortest_path/frame_0129.png'
Time: 00:02.61 (Saving: 00:00.07)

ANALYTICAL_FRAME shortest_path 129 2.632s
Fra:130 Mem:102.63M (Peak 104.38M) | Time:00:00.47 | Rendering 1 / 12 samples
Fra:130 Mem:102.63M (Peak 104.38M) | Time:00:02.55 | Rendering 12 / 12 samples
Saved: '/tmp/astra-world-v2-analytical/shortest_path/frame_0130.png'
Time: 00:02.65 (Saving: 00:00.07)

ANALYTICAL_FRAME shortest_path 130 2.673s
Fra:131 Mem:102.63M (Peak 104.38M) | Time:00:00.51 | Rendering 1 / 12 samples
Fra:131 Mem:102.63M (Peak 104.38M) | Time:00:02.48 | Rendering 12 / 12 samples
Saved: '/tmp/astra-world-v2-analytical/shortest_path/frame_0131.png'
Time: 00:02.57 (Saving: 00:00.06)

ANALYTICAL_FRAME shortest_path 131 2.593s
Fra:132 Mem:102.63M (Peak 104.38M) | Time:00:00.45 | Rendering 1 / 12 samples
Fra:132 Mem:102.63M (Peak 104.38M) | Time:00:02.45 | Rendering 12 / 12 samples
Saved: '/tmp/astra-world-v2-analytical/shortest_path/frame_0132.png'
Time: 00:02.55 (Saving: 00:00.05)

ANALYTICAL_FRAME shortest_path 132 2.576s
Fra:133 Mem:102.63M (Peak 104.38M) | Time:00:00.44 | Rendering 1 / 12 samples
Fra:133 Mem:102.63M (Peak 104.38M) | Time:00:02.36 | Rendering 12 / 12 samples
Saved: '/tmp/astra-world-v2-analytical/shortest_path/frame_0133.png'
Time: 00:02.45 (Saving: 00:00.06)

ANALYTICAL_FRAME shortest_path 133 2.482s
Fra:134 Mem:102.63M (Peak 104.38M) | Time:00:00.46 | Rendering 1 / 12 samples
Fra:134 Mem:102.63M (Peak 104.38M) | Time:00:02.46 | Rendering 12 / 12 samples
Saved: '/tmp/astra-world-v2-analytical/shortest_path/frame_0134.png'
Time: 00:02.56 (Saving: 00:00.06)

ANALYTICAL_FRAME shortest_path 134 2.582s
Fra:135 Mem:102.63M (Peak 104.38M) | Time:00:00.44 | Rendering 1 / 12 samples
Fra:135 Mem:102.63M (Peak 104.38M) | Time:00:02.36 | Rendering 12 / 12 samples
Saved: '/tmp/astra-world-v2-analytical/shortest_path/frame_0135.png'
Time: 00:02.46 (Saving: 00:00.06)

ANALYTICAL_FRAME shortest_path 135 2.483s
Fra:136 Mem:102.63M (Peak 104.38M) | Time:00:00.49 | Rendering 1 / 12 samples
Fra:136 Mem:102.63M (Peak 104.38M) | Time:00:03.17 | Rendering 12 / 12 samples
Saved: '/tmp/astra-world-v2-analytical/shortest_path/frame_0136.png'
Time: 00:03.31 (Saving: 00:00.08)

ANALYTICAL_FRAME shortest_path 136 3.354s
Fra:137 Mem:102.63M (Peak 104.38M) | Time:00:00.89 | Rendering 1 / 12 samples
Fra:137 Mem:102.63M (Peak 104.38M) | Time:00:02.97 | Rendering 12 / 12 samples
Saved: '/tmp/astra-world-v2-analytical/shortest_path/frame_0137.png'
Time: 00:03.08 (Saving: 00:00.06)

ANALYTICAL_FRAME shortest_path 137 3.116s
Fra:138 Mem:102.63M (Peak 104.38M) | Time:00:00.45 | Rendering 1 / 12 samples
Fra:138 Mem:102.63M (Peak 104.38M) | Time:00:02.55 | Rendering 12 / 12 samples
Saved: '/tmp/astra-world-v2-analytical/shortest_path/frame_0138.png'
Time: 00:02.65 (Saving: 00:00.06)

ANALYTICAL_FRAME shortest_path 138 2.667s
Fra:139 Mem:102.63M (Peak 104.38M) | Time:00:00.50 | Rendering 1 / 12 samples
Fra:139 Mem:102.63M (Peak 104.38M) | Time:00:02.67 | Rendering 12 / 12 samples
Saved: '/tmp/astra-world-v2-analytical/shortest_path/frame_0139.png'
Time: 00:02.78 (Saving: 00:00.07)

ANALYTICAL_FRAME shortest_path 139 2.805s
Fra:140 Mem:102.63M (Peak 104.38M) | Time:00:00.46 | Rendering 1 / 12 samples
Fra:140 Mem:102.63M (Peak 104.38M) | Time:00:02.57 | Rendering 12 / 12 samples
Saved: '/tmp/astra-world-v2-analytical/shortest_path/frame_0140.png'
Time: 00:02.68 (Saving: 00:00.07)

ANALYTICAL_FRAME shortest_path 140 2.704s
Fra:141 Mem:102.63M (Peak 104.38M) | Time:00:00.45 | Rendering 1 / 12 samples
Fra:141 Mem:102.63M (Peak 104.38M) | Time:00:02.59 | Rendering 12 / 12 samples
Saved: '/tmp/astra-world-v2-analytical/shortest_path/frame_0141.png'
Time: 00:02.70 (Saving: 00:00.07)

ANALYTICAL_FRAME shortest_path 141 2.732s
Fra:142 Mem:102.63M (Peak 104.38M) | Time:00:00.45 | Rendering 1 / 12 samples
Fra:142 Mem:102.63M (Peak 104.38M) | Time:00:02.41 | Rendering 12 / 12 samples
Saved: '/tmp/astra-world-v2-analytical/shortest_path/frame_0142.png'
Time: 00:02.51 (Saving: 00:00.06)

ANALYTICAL_FRAME shortest_path 142 2.529s
Fra:143 Mem:102.63M (Peak 104.38M) | Time:00:00.47 | Rendering 1 / 12 samples
Fra:143 Mem:102.63M (Peak 104.38M) | Time:00:02.54 | Rendering 12 / 12 samples
Saved: '/tmp/astra-world-v2-analytical/shortest_path/frame_0143.png'
Time: 00:02.64 (Saving: 00:00.06)

ANALYTICAL_FRAME shortest_path 143 2.661s
Fra:144 Mem:102.63M (Peak 104.38M) | Time:00:00.45 | Rendering 1 / 12 samples
Fra:144 Mem:102.63M (Peak 104.38M) | Time:00:02.44 | Rendering 12 / 12 samples
Saved: '/tmp/astra-world-v2-analytical/shortest_path/frame_0144.png'
Time: 00:02.54 (Saving: 00:00.06)

ANALYTICAL_FRAME shortest_path 144 2.563s
Fra:145 Mem:102.63M (Peak 104.38M) | Time:00:00.49 | Rendering 1 / 12 samples
Fra:145 Mem:102.63M (Peak 104.38M) | Time:00:02.50 | Rendering 12 / 12 samples
Saved: '/tmp/astra-world-v2-analytical/shortest_path/frame_0145.png'
Time: 00:02.62 (Saving: 00:00.08)

ANALYTICAL_FRAME shortest_path 145 2.651s
Fra:146 Mem:102.63M (Peak 104.38M) | Time:00:00.48 | Rendering 1 / 12 samples
Fra:146 Mem:102.63M (Peak 104.38M) | Time:00:02.43 | Rendering 12 / 12 samples
Saved: '/tmp/astra-world-v2-analytical/shortest_path/frame_0146.png'
Time: 00:02.55 (Saving: 00:00.07)

ANALYTICAL_FRAME shortest_path 146 2.572s
Fra:147 Mem:102.63M (Peak 104.38M) | Time:00:00.57 | Rendering 1 / 12 samples
Fra:147 Mem:102.63M (Peak 104.38M) | Time:00:02.57 | Rendering 12 / 12 samples
Saved: '/tmp/astra-world-v2-analytical/shortest_path/frame_0147.png'
Time: 00:02.67 (Saving: 00:00.06)

ANALYTICAL_FRAME shortest_path 147 2.699s
Fra:148 Mem:102.63M (Peak 104.38M) | Time:00:00.46 | Rendering 1 / 12 samples
Fra:148 Mem:102.63M (Peak 104.38M) | Time:00:02.50 | Rendering 12 / 12 samples
Saved: '/tmp/astra-world-v2-analytical/shortest_path/frame_0148.png'
Time: 00:02.60 (Saving: 00:00.06)

ANALYTICAL_FRAME shortest_path 148 2.633s
Fra:149 Mem:102.63M (Peak 104.38M) | Time:00:00.46 | Rendering 1 / 12 samples
Fra:149 Mem:102.63M (Peak 104.38M) | Time:00:02.44 | Rendering 12 / 12 samples
Saved: '/tmp/astra-world-v2-analytical/shortest_path/frame_0149.png'
Time: 00:02.54 (Saving: 00:00.06)

ANALYTICAL_FRAME shortest_path 149 2.564s
Fra:150 Mem:102.63M (Peak 104.39M) | Time:00:00.44 | Rendering 1 / 12 samples
Fra:150 Mem:102.63M (Peak 104.39M) | Time:00:02.40 | Rendering 12 / 12 samples
Saved: '/tmp/astra-world-v2-analytical/shortest_path/frame_0150.png'
Time: 00:02.51 (Saving: 00:00.06)

ANALYTICAL_FRAME shortest_path 150 2.535s
Fra:151 Mem:102.63M (Peak 104.39M) | Time:00:00.47 | Rendering 1 / 12 samples
Fra:151 Mem:102.63M (Peak 104.39M) | Time:00:02.45 | Rendering 12 / 12 samples
Saved: '/tmp/astra-world-v2-analytical/shortest_path/frame_0151.png'
Time: 00:02.56 (Saving: 00:00.06)

ANALYTICAL_FRAME shortest_path 151 2.586s
Fra:152 Mem:102.63M (Peak 104.39M) | Time:00:00.43 | Rendering 1 / 12 samples
Fra:152 Mem:102.63M (Peak 104.39M) | Time:00:02.41 | Rendering 12 / 12 samples
Saved: '/tmp/astra-world-v2-analytical/shortest_path/frame_0152.png'
Time: 00:02.52 (Saving: 00:00.06)

ANALYTICAL_FRAME shortest_path 152 2.540s
Fra:153 Mem:102.63M (Peak 104.39M) | Time:00:00.46 | Rendering 1 / 12 samples
Fra:153 Mem:102.63M (Peak 104.39M) | Time:00:02.45 | Rendering 12 / 12 samples
Saved: '/tmp/astra-world-v2-analytical/shortest_path/frame_0153.png'
Time: 00:02.55 (Saving: 00:00.06)

ANALYTICAL_FRAME shortest_path 153 2.582s
Fra:154 Mem:102.63M (Peak 104.39M) | Time:00:00.44 | Rendering 1 / 12 samples
Fra:154 Mem:102.63M (Peak 104.39M) | Time:00:02.44 | Rendering 12 / 12 samples
Saved: '/tmp/astra-world-v2-analytical/shortest_path/frame_0154.png'
Time: 00:02.54 (Saving: 00:00.07)

ANALYTICAL_FRAME shortest_path 154 2.581s
Fra:155 Mem:102.63M (Peak 104.39M) | Time:00:00.55 | Rendering 1 / 12 samples
Fra:155 Mem:102.63M (Peak 104.39M) | Time:00:02.55 | Rendering 12 / 12 samples
Saved: '/tmp/astra-world-v2-analytical/shortest_path/frame_0155.png'
Time: 00:02.65 (Saving: 00:00.06)

ANALYTICAL_FRAME shortest_path 155 2.688s
Fra:156 Mem:102.63M (Peak 104.39M) | Time:00:00.47 | Rendering 1 / 12 samples
Fra:156 Mem:102.63M (Peak 104.39M) | Time:00:02.46 | Rendering 12 / 12 samples
Saved: '/tmp/astra-world-v2-analytical/shortest_path/frame_0156.png'
Time: 00:02.57 (Saving: 00:00.07)

ANALYTICAL_FRAME shortest_path 156 2.594s
Fra:157 Mem:102.63M (Peak 104.39M) | Time:00:00.45 | Rendering 1 / 12 samples
Fra:157 Mem:102.63M (Peak 104.39M) | Time:00:02.39 | Rendering 12 / 12 samples
Saved: '/tmp/astra-world-v2-analytical/shortest_path/frame_0157.png'
Time: 00:02.48 (Saving: 00:00.05)

ANALYTICAL_FRAME shortest_path 157 2.504s
Fra:158 Mem:102.63M (Peak 104.39M) | Time:00:00.45 | Rendering 1 / 12 samples
Fra:158 Mem:102.63M (Peak 104.39M) | Time:00:02.43 | Rendering 12 / 12 samples
Saved: '/tmp/astra-world-v2-analytical/shortest_path/frame_0158.png'
Time: 00:02.53 (Saving: 00:00.06)

ANALYTICAL_FRAME shortest_path 158 2.556s
Fra:159 Mem:102.63M (Peak 104.39M) | Time:00:00.44 | Rendering 1 / 12 samples
Fra:159 Mem:102.63M (Peak 104.39M) | Time:00:02.64 | Rendering 12 / 12 samples
Saved: '/tmp/astra-world-v2-analytical/shortest_path/frame_0159.png'
Time: 00:02.75 (Saving: 00:00.07)

ANALYTICAL_FRAME shortest_path 159 2.784s
Fra:160 Mem:102.63M (Peak 104.39M) | Time:00:00.50 | Rendering 1 / 12 samples
Fra:160 Mem:102.63M (Peak 104.39M) | Time:00:02.56 | Rendering 12 / 12 samples
Saved: '/tmp/astra-world-v2-analytical/shortest_path/frame_0160.png'
Time: 00:02.66 (Saving: 00:00.06)

ANALYTICAL_FRAME shortest_path 160 2.682s
Fra:161 Mem:102.63M (Peak 104.39M) | Time:00:00.45 | Rendering 1 / 12 samples
Fra:161 Mem:102.63M (Peak 104.39M) | Time:00:02.40 | Rendering 12 / 12 samples
Saved: '/tmp/astra-world-v2-analytical/shortest_path/frame_0161.png'
Time: 00:02.49 (Saving: 00:00.06)

ANALYTICAL_FRAME shortest_path 161 2.522s
Fra:162 Mem:102.63M (Peak 104.39M) | Time:00:00.51 | Rendering 1 / 12 samples
Fra:162 Mem:102.63M (Peak 104.39M) | Time:00:02.62 | Rendering 12 / 12 samples
Saved: '/tmp/astra-world-v2-analytical/shortest_path/frame_0162.png'
Time: 00:02.75 (Saving: 00:00.09)

ANALYTICAL_FRAME shortest_path 162 2.773s
Fra:163 Mem:102.63M (Peak 104.39M) | Time:00:00.54 | Rendering 1 / 12 samples
Fra:163 Mem:102.63M (Peak 104.39M) | Time:00:02.88 | Rendering 12 / 12 samples
Saved: '/tmp/astra-world-v2-analytical/shortest_path/frame_0163.png'
Time: 00:03.00 (Saving: 00:00.08)

ANALYTICAL_FRAME shortest_path 163 3.034s
Fra:164 Mem:102.63M (Peak 104.39M) | Time:00:00.58 | Rendering 1 / 12 samples
Fra:164 Mem:102.63M (Peak 104.39M) | Time:00:02.66 | Rendering 12 / 12 samples
Saved: '/tmp/astra-world-v2-analytical/shortest_path/frame_0164.png'
Time: 00:02.79 (Saving: 00:00.09)

ANALYTICAL_FRAME shortest_path 164 2.825s
Fra:165 Mem:102.63M (Peak 104.39M) | Time:00:00.56 | Rendering 1 / 12 samples
Fra:165 Mem:102.63M (Peak 104.39M) | Time:00:02.58 | Rendering 12 / 12 samples
Saved: '/tmp/astra-world-v2-analytical/shortest_path/frame_0165.png'
Time: 00:02.70 (Saving: 00:00.08)

ANALYTICAL_FRAME shortest_path 165 2.736s
Fra:166 Mem:102.63M (Peak 104.39M) | Time:00:00.56 | Rendering 1 / 12 samples
Fra:166 Mem:102.63M (Peak 104.39M) | Time:00:02.52 | Rendering 12 / 12 samples
Saved: '/tmp/astra-world-v2-analytical/shortest_path/frame_0166.png'
Time: 00:02.63 (Saving: 00:00.07)

ANALYTICAL_FRAME shortest_path 166 2.658s
Fra:167 Mem:102.63M (Peak 104.39M) | Time:00:00.53 | Rendering 1 / 12 samples
Fra:167 Mem:102.63M (Peak 104.39M) | Time:00:02.49 | Rendering 12 / 12 samples
Saved: '/tmp/astra-world-v2-analytical/shortest_path/frame_0167.png'
Time: 00:02.64 (Saving: 00:00.11)

ANALYTICAL_FRAME shortest_path 167 2.669s
Fra:168 Mem:102.63M (Peak 104.39M) | Time:00:00.54 | Rendering 1 / 12 samples
Fra:168 Mem:102.63M (Peak 104.39M) | Time:00:02.42 | Rendering 12 / 12 samples
Saved: '/tmp/astra-world-v2-analytical/shortest_path/frame_0168.png'
Time: 00:02.56 (Saving: 00:00.10)

ANALYTICAL_FRAME shortest_path 168 2.605s
Fra:169 Mem:102.63M (Peak 104.39M) | Time:00:00.62 | Rendering 1 / 12 samples
Fra:169 Mem:102.63M (Peak 104.39M) | Time:00:02.63 | Rendering 12 / 12 samples
Saved: '/tmp/astra-world-v2-analytical/shortest_path/frame_0169.png'
Time: 00:02.76 (Saving: 00:00.08)

ANALYTICAL_FRAME shortest_path 169 2.811s
Fra:170 Mem:102.63M (Peak 104.39M) | Time:00:00.47 | Rendering 1 / 12 samples
Fra:170 Mem:102.63M (Peak 104.39M) | Time:00:02.34 | Rendering 12 / 12 samples
Saved: '/tmp/astra-world-v2-analytical/shortest_path/frame_0170.png'
Time: 00:02.42 (Saving: 00:00.05)

ANALYTICAL_FRAME shortest_path 170 2.447s
Fra:171 Mem:102.63M (Peak 104.39M) | Time:00:00.41 | Rendering 1 / 12 samples
Fra:171 Mem:102.63M (Peak 104.39M) | Time:00:02.35 | Rendering 12 / 12 samples
Saved: '/tmp/astra-world-v2-analytical/shortest_path/frame_0171.png'
Time: 00:02.47 (Saving: 00:00.07)

ANALYTICAL_FRAME shortest_path 171 2.503s
Fra:172 Mem:102.63M (Peak 104.39M) | Time:00:00.57 | Rendering 1 / 12 samples
Fra:172 Mem:102.63M (Peak 104.39M) | Time:00:02.53 | Rendering 12 / 12 samples
Saved: '/tmp/astra-world-v2-analytical/shortest_path/frame_0172.png'
Time: 00:02.63 (Saving: 00:00.06)

ANALYTICAL_FRAME shortest_path 172 2.663s
Fra:173 Mem:102.63M (Peak 104.39M) | Time:00:00.51 | Rendering 1 / 12 samples
Fra:173 Mem:102.63M (Peak 104.39M) | Time:00:02.45 | Rendering 12 / 12 samples
Saved: '/tmp/astra-world-v2-analytical/shortest_path/frame_0173.png'
Time: 00:02.55 (Saving: 00:00.06)

ANALYTICAL_FRAME shortest_path 173 2.580s
Fra:174 Mem:102.63M (Peak 104.39M) | Time:00:00.44 | Rendering 1 / 12 samples
Fra:174 Mem:102.63M (Peak 104.39M) | Time:00:02.26 | Rendering 12 / 12 samples
Saved: '/tmp/astra-world-v2-analytical/shortest_path/frame_0174.png'
Time: 00:02.34 (Saving: 00:00.05)

ANALYTICAL_FRAME shortest_path 174 2.366s
Fra:175 Mem:102.63M (Peak 104.39M) | Time:00:00.42 | Rendering 1 / 12 samples
Fra:175 Mem:102.63M (Peak 104.39M) | Time:00:02.33 | Rendering 12 / 12 samples
Saved: '/tmp/astra-world-v2-analytical/shortest_path/frame_0175.png'
Time: 00:02.43 (Saving: 00:00.06)

ANALYTICAL_FRAME shortest_path 175 2.450s
Fra:176 Mem:102.63M (Peak 104.39M) | Time:00:00.54 | Rendering 1 / 12 samples
Fra:176 Mem:102.63M (Peak 104.39M) | Time:00:02.52 | Rendering 12 / 12 samples
Saved: '/tmp/astra-world-v2-analytical/shortest_path/frame_0176.png'
Time: 00:02.61 (Saving: 00:00.06)

ANALYTICAL_FRAME shortest_path 176 2.642s
Fra:177 Mem:102.58M (Peak 104.33M) | Time:00:00.42 | Rendering 1 / 12 samples
Fra:177 Mem:102.58M (Peak 104.33M) | Time:00:02.33 | Rendering 12 / 12 samples
Saved: '/tmp/astra-world-v2-analytical/shortest_path/frame_0177.png'
Time: 00:02.42 (Saving: 00:00.05)

ANALYTICAL_FRAME shortest_path 177 2.441s
Fra:178 Mem:102.58M (Peak 104.33M) | Time:00:00.40 | Rendering 1 / 12 samples
Fra:178 Mem:102.58M (Peak 104.33M) | Time:00:02.30 | Rendering 12 / 12 samples
Saved: '/tmp/astra-world-v2-analytical/shortest_path/frame_0178.png'
Time: 00:02.39 (Saving: 00:00.05)

ANALYTICAL_FRAME shortest_path 178 2.412s
Fra:179 Mem:102.58M (Peak 104.33M) | Time:00:00.44 | Rendering 1 / 12 samples
Fra:179 Mem:102.58M (Peak 104.33M) | Time:00:02.32 | Rendering 12 / 12 samples
Saved: '/tmp/astra-world-v2-analytical/shortest_path/frame_0179.png'
Time: 00:02.42 (Saving: 00:00.06)

ANALYTICAL_FRAME shortest_path 179 2.454s
Fra:180 Mem:102.58M (Peak 104.33M) | Time:00:00.43 | Rendering 1 / 12 samples
Fra:180 Mem:102.58M (Peak 104.33M) | Time:00:02.43 | Rendering 12 / 12 samples
Saved: '/tmp/astra-world-v2-analytical/shortest_path/frame_0180.png'
Time: 00:02.53 (Saving: 00:00.06)

ANALYTICAL_FRAME shortest_path 180 2.563s
Fra:181 Mem:102.58M (Peak 104.33M) | Time:00:00.44 | Rendering 1 / 12 samples
Fra:181 Mem:102.58M (Peak 104.33M) | Time:00:02.45 | Rendering 12 / 12 samples
Saved: '/tmp/astra-world-v2-analytical/shortest_path/frame_0181.png'
Time: 00:02.57 (Saving: 00:00.07)

ANALYTICAL_FRAME shortest_path 181 2.591s
Fra:182 Mem:102.58M (Peak 104.33M) | Time:00:00.52 | Rendering 1 / 12 samples
Fra:182 Mem:102.58M (Peak 104.33M) | Time:00:02.52 | Rendering 12 / 12 samples
Saved: '/tmp/astra-world-v2-analytical/shortest_path/frame_0182.png'
Time: 00:02.62 (Saving: 00:00.06)

ANALYTICAL_FRAME shortest_path 182 2.653s
Fra:183 Mem:102.58M (Peak 104.33M) | Time:00:00.45 | Rendering 1 / 12 samples
Fra:183 Mem:102.58M (Peak 104.33M) | Time:00:02.46 | Rendering 12 / 12 samples
Saved: '/tmp/astra-world-v2-analytical/shortest_path/frame_0183.png'
Time: 00:02.56 (Saving: 00:00.06)

ANALYTICAL_FRAME shortest_path 183 2.584s
Fra:184 Mem:102.58M (Peak 104.33M) | Time:00:00.46 | Rendering 1 / 12 samples
Fra:184 Mem:102.58M (Peak 104.33M) | Time:00:02.45 | Rendering 12 / 12 samples
Saved: '/tmp/astra-world-v2-analytical/shortest_path/frame_0184.png'
Time: 00:02.55 (Saving: 00:00.06)

ANALYTICAL_FRAME shortest_path 184 2.581s
Fra:185 Mem:102.58M (Peak 104.33M) | Time:00:00.46 | Rendering 1 / 12 samples
Fra:185 Mem:102.58M (Peak 104.33M) | Time:00:02.47 | Rendering 12 / 12 samples
Saved: '/tmp/astra-world-v2-analytical/shortest_path/frame_0185.png'
Time: 00:02.56 (Saving: 00:00.05)

ANALYTICAL_FRAME shortest_path 185 2.588s
Fra:186 Mem:102.58M (Peak 104.33M) | Time:00:00.45 | Rendering 1 / 12 samples
Fra:186 Mem:102.58M (Peak 104.33M) | Time:00:02.46 | Rendering 12 / 12 samples
Saved: '/tmp/astra-world-v2-analytical/shortest_path/frame_0186.png'
Time: 00:02.55 (Saving: 00:00.06)

ANALYTICAL_FRAME shortest_path 186 2.577s
Fra:187 Mem:102.58M (Peak 104.33M) | Time:00:00.45 | Rendering 1 / 12 samples
Fra:187 Mem:102.58M (Peak 104.33M) | Time:00:02.50 | Rendering 12 / 12 samples
Saved: '/tmp/astra-world-v2-analytical/shortest_path/frame_0187.png'
Time: 00:02.60 (Saving: 00:00.06)

ANALYTICAL_FRAME shortest_path 187 2.630s
Fra:188 Mem:102.58M (Peak 104.33M) | Time:00:00.47 | Rendering 1 / 12 samples
Fra:188 Mem:102.58M (Peak 104.33M) | Time:00:02.46 | Rendering 12 / 12 samples
Saved: '/tmp/astra-world-v2-analytical/shortest_path/frame_0188.png'
Time: 00:02.56 (Saving: 00:00.06)

ANALYTICAL_FRAME shortest_path 188 2.586s
Fra:189 Mem:102.58M (Peak 104.33M) | Time:00:00.49 | Rendering 1 / 12 samples
Fra:189 Mem:102.58M (Peak 104.33M) | Time:00:02.50 | Rendering 12 / 12 samples
Saved: '/tmp/astra-world-v2-analytical/shortest_path/frame_0189.png'
Time: 00:02.60 (Saving: 00:00.06)

ANALYTICAL_FRAME shortest_path 189 2.633s
Fra:190 Mem:102.58M (Peak 104.33M) | Time:00:00.46 | Rendering 1 / 12 samples
Fra:190 Mem:102.58M (Peak 104.33M) | Time:00:02.42 | Rendering 12 / 12 samples
Saved: '/tmp/astra-world-v2-analytical/shortest_path/frame_0190.png'
Time: 00:02.53 (Saving: 00:00.07)

ANALYTICAL_FRAME shortest_path 190 2.567s
Fra:191 Mem:102.58M (Peak 104.33M) | Time:00:00.59 | Rendering 1 / 12 samples
Fra:191 Mem:102.58M (Peak 104.33M) | Time:00:02.61 | Rendering 12 / 12 samples
Saved: '/tmp/astra-world-v2-analytical/shortest_path/frame_0191.png'
Time: 00:02.73 (Saving: 00:00.09)

ANALYTICAL_FRAME shortest_path 191 2.767s
Fra:192 Mem:102.58M (Peak 104.33M) | Time:00:00.53 | Rendering 1 / 12 samples
Fra:192 Mem:102.58M (Peak 104.33M) | Time:00:02.49 | Rendering 12 / 12 samples
Saved: '/tmp/astra-world-v2-analytical/shortest_path/frame_0192.png'
Time: 00:02.61 (Saving: 00:00.07)

ANALYTICAL_FRAME shortest_path 192 2.644s
Fra:193 Mem:102.58M (Peak 104.33M) | Time:00:00.44 | Rendering 1 / 12 samples
Fra:193 Mem:102.58M (Peak 104.33M) | Time:00:02.44 | Rendering 12 / 12 samples
Saved: '/tmp/astra-world-v2-analytical/shortest_path/frame_0193.png'
Time: 00:02.55 (Saving: 00:00.06)

ANALYTICAL_FRAME shortest_path 193 2.585s
Fra:194 Mem:102.58M (Peak 104.33M) | Time:00:00.53 | Rendering 1 / 12 samples
Fra:194 Mem:102.58M (Peak 104.33M) | Time:00:02.51 | Rendering 12 / 12 samples
Saved: '/tmp/astra-world-v2-analytical/shortest_path/frame_0194.png'
Time: 00:02.62 (Saving: 00:00.07)

ANALYTICAL_FRAME shortest_path 194 2.649s
Fra:195 Mem:102.58M (Peak 104.33M) | Time:00:00.59 | Rendering 1 / 12 samples
Fra:195 Mem:102.58M (Peak 104.33M) | Time:00:02.53 | Rendering 12 / 12 samples
Saved: '/tmp/astra-world-v2-analytical/shortest_path/frame_0195.png'
Time: 00:02.63 (Saving: 00:00.06)

ANALYTICAL_FRAME shortest_path 195 2.662s
Fra:196 Mem:102.58M (Peak 104.33M) | Time:00:00.50 | Rendering 1 / 12 samples
Fra:196 Mem:102.58M (Peak 104.33M) | Time:00:02.50 | Rendering 12 / 12 samples
Saved: '/tmp/astra-world-v2-analytical/shortest_path/frame_0196.png'
Time: 00:02.61 (Saving: 00:00.07)

ANALYTICAL_FRAME shortest_path 196 2.634s
Fra:197 Mem:102.58M (Peak 104.33M) | Time:00:00.49 | Rendering 1 / 12 samples
Fra:197 Mem:102.58M (Peak 104.33M) | Time:00:02.44 | Rendering 12 / 12 samples
Saved: '/tmp/astra-world-v2-analytical/shortest_path/frame_0197.png'
Time: 00:02.53 (Saving: 00:00.06)

ANALYTICAL_FRAME shortest_path 197 2.560s
Fra:198 Mem:102.58M (Peak 104.33M) | Time:00:00.43 | Rendering 1 / 12 samples
Fra:198 Mem:102.58M (Peak 104.33M) | Time:00:02.38 | Rendering 12 / 12 samples
Saved: '/tmp/astra-world-v2-analytical/shortest_path/frame_0198.png'
Time: 00:02.48 (Saving: 00:00.06)

ANALYTICAL_FRAME shortest_path 198 2.508s
Fra:199 Mem:102.58M (Peak 104.33M) | Time:00:00.46 | Rendering 1 / 12 samples
Fra:199 Mem:102.58M (Peak 104.33M) | Time:00:02.45 | Rendering 12 / 12 samples
Saved: '/tmp/astra-world-v2-analytical/shortest_path/frame_0199.png'
Time: 00:02.55 (Saving: 00:00.07)

ANALYTICAL_FRAME shortest_path 199 2.576s
Fra:200 Mem:102.58M (Peak 104.33M) | Time:00:00.46 | Rendering 1 / 12 samples
Fra:200 Mem:102.58M (Peak 104.33M) | Time:00:02.40 | Rendering 12 / 12 samples
Saved: '/tmp/astra-world-v2-analytical/shortest_path/frame_0200.png'
Time: 00:02.52 (Saving: 00:00.08)

ANALYTICAL_FRAME shortest_path 200 2.557s
Fra:201 Mem:102.58M (Peak 104.33M) | Time:00:00.49 | Rendering 1 / 12 samples
Fra:201 Mem:102.58M (Peak 104.33M) | Time:00:02.49 | Rendering 12 / 12 samples
Saved: '/tmp/astra-world-v2-analytical/shortest_path/frame_0201.png'
Time: 00:02.60 (Saving: 00:00.07)

ANALYTICAL_FRAME shortest_path 201 2.629s
Fra:202 Mem:102.58M (Peak 104.33M) | Time:00:00.65 | Rendering 1 / 12 samples
Fra:202 Mem:102.58M (Peak 104.33M) | Time:00:02.59 | Rendering 12 / 12 samples
Saved: '/tmp/astra-world-v2-analytical/shortest_path/frame_0202.png'
Time: 00:02.69 (Saving: 00:00.07)

ANALYTICAL_FRAME shortest_path 202 2.717s
Fra:203 Mem:102.58M (Peak 104.33M) | Time:00:00.60 | Rendering 1 / 12 samples
Fra:203 Mem:102.58M (Peak 104.33M) | Time:00:02.55 | Rendering 12 / 12 samples
Saved: '/tmp/astra-world-v2-analytical/shortest_path/frame_0203.png'
Time: 00:02.66 (Saving: 00:00.07)

ANALYTICAL_FRAME shortest_path 203 2.689s
Fra:204 Mem:102.58M (Peak 104.33M) | Time:00:00.54 | Rendering 1 / 12 samples
Fra:204 Mem:102.58M (Peak 104.33M) | Time:00:02.61 | Rendering 12 / 12 samples
Saved: '/tmp/astra-world-v2-analytical/shortest_path/frame_0204.png'
Time: 00:02.70 (Saving: 00:00.06)

ANALYTICAL_FRAME shortest_path 204 2.721s
Fra:205 Mem:102.58M (Peak 104.33M) | Time:00:00.66 | Rendering 1 / 12 samples
Fra:205 Mem:102.58M (Peak 104.33M) | Time:00:02.60 | Rendering 12 / 12 samples
Saved: '/tmp/astra-world-v2-analytical/shortest_path/frame_0205.png'
Time: 00:02.71 (Saving: 00:00.06)

ANALYTICAL_FRAME shortest_path 205 2.740s
Fra:206 Mem:102.58M (Peak 104.33M) | Time:00:00.40 | Rendering 1 / 12 samples
Fra:206 Mem:102.58M (Peak 104.33M) | Time:00:02.31 | Rendering 12 / 12 samples
Saved: '/tmp/astra-world-v2-analytical/shortest_path/frame_0206.png'
Time: 00:02.41 (Saving: 00:00.07)

ANALYTICAL_FRAME shortest_path 206 2.451s
Fra:207 Mem:102.58M (Peak 104.33M) | Time:00:00.51 | Rendering 1 / 12 samples
Fra:207 Mem:102.58M (Peak 104.33M) | Time:00:02.59 | Rendering 12 / 12 samples
Saved: '/tmp/astra-world-v2-analytical/shortest_path/frame_0207.png'
Time: 00:02.70 (Saving: 00:00.07)

ANALYTICAL_FRAME shortest_path 207 2.732s
Fra:208 Mem:102.58M (Peak 104.33M) | Time:00:00.44 | Rendering 1 / 12 samples
Fra:208 Mem:102.58M (Peak 104.33M) | Time:00:02.33 | Rendering 12 / 12 samples
Saved: '/tmp/astra-world-v2-analytical/shortest_path/frame_0208.png'
Time: 00:02.41 (Saving: 00:00.05)

ANALYTICAL_FRAME shortest_path 208 2.446s
Fra:209 Mem:102.58M (Peak 104.33M) | Time:00:00.46 | Rendering 1 / 12 samples
Fra:209 Mem:102.58M (Peak 104.33M) | Time:00:02.39 | Rendering 12 / 12 samples
Saved: '/tmp/astra-world-v2-analytical/shortest_path/frame_0209.png'
Time: 00:02.48 (Saving: 00:00.06)

ANALYTICAL_FRAME shortest_path 209 2.499s
Fra:210 Mem:102.58M (Peak 104.33M) | Time:00:00.41 | Rendering 1 / 12 samples
Fra:210 Mem:102.58M (Peak 104.33M) | Time:00:02.32 | Rendering 12 / 12 samples
Saved: '/tmp/astra-world-v2-analytical/shortest_path/frame_0210.png'
Time: 00:02.41 (Saving: 00:00.06)

ANALYTICAL_FRAME shortest_path 210 2.441s
Fra:211 Mem:102.58M (Peak 104.33M) | Time:00:00.43 | Rendering 1 / 12 samples
Fra:211 Mem:102.58M (Peak 104.33M) | Time:00:02.30 | Rendering 12 / 12 samples
Saved: '/tmp/astra-world-v2-analytical/shortest_path/frame_0211.png'
Time: 00:02.39 (Saving: 00:00.05)

ANALYTICAL_FRAME shortest_path 211 2.413s
Fra:212 Mem:102.58M (Peak 104.33M) | Time:00:00.42 | Rendering 1 / 12 samples
Fra:212 Mem:102.58M (Peak 104.33M) | Time:00:02.36 | Rendering 12 / 12 samples
Saved: '/tmp/astra-world-v2-analytical/shortest_path/frame_0212.png'
Time: 00:02.44 (Saving: 00:00.05)

ANALYTICAL_FRAME shortest_path 212 2.462s
Fra:213 Mem:102.58M (Peak 104.33M) | Time:00:00.41 | Rendering 1 / 12 samples
Fra:213 Mem:102.58M (Peak 104.33M) | Time:00:02.31 | Rendering 12 / 12 samples
Saved: '/tmp/astra-world-v2-analytical/shortest_path/frame_0213.png'
Time: 00:02.40 (Saving: 00:00.05)

ANALYTICAL_FRAME shortest_path 213 2.423s
Fra:214 Mem:102.58M (Peak 104.33M) | Time:00:00.42 | Rendering 1 / 12 samples
Fra:214 Mem:102.58M (Peak 104.33M) | Time:00:02.31 | Rendering 12 / 12 samples
Saved: '/tmp/astra-world-v2-analytical/shortest_path/frame_0214.png'
Time: 00:02.39 (Saving: 00:00.05)

ANALYTICAL_FRAME shortest_path 214 2.419s
Fra:215 Mem:102.58M (Peak 104.33M) | Time:00:00.40 | Rendering 1 / 12 samples
Fra:215 Mem:102.58M (Peak 104.33M) | Time:00:02.24 | Rendering 12 / 12 samples
Saved: '/tmp/astra-world-v2-analytical/shortest_path/frame_0215.png'
Time: 00:02.33 (Saving: 00:00.05)

ANALYTICAL_FRAME shortest_path 215 2.348s
Fra:216 Mem:102.58M (Peak 104.33M) | Time:00:00.40 | Rendering 1 / 12 samples
Fra:216 Mem:102.58M (Peak 104.33M) | Time:00:02.32 | Rendering 12 / 12 samples
Saved: '/tmp/astra-world-v2-analytical/shortest_path/frame_0216.png'
Time: 00:02.44 (Saving: 00:00.07)

ANALYTICAL_FRAME shortest_path 216 2.484s
Fra:217 Mem:102.58M (Peak 104.33M) | Time:00:00.57 | Rendering 1 / 12 samples
Fra:217 Mem:102.58M (Peak 104.33M) | Time:00:02.61 | Rendering 12 / 12 samples
Saved: '/tmp/astra-world-v2-analytical/shortest_path/frame_0217.png'
Time: 00:02.71 (Saving: 00:00.06)

ANALYTICAL_FRAME shortest_path 217 2.741s
Fra:218 Mem:102.58M (Peak 104.33M) | Time:00:00.42 | Rendering 1 / 12 samples
Fra:218 Mem:102.58M (Peak 104.33M) | Time:00:02.32 | Rendering 12 / 12 samples
Saved: '/tmp/astra-world-v2-analytical/shortest_path/frame_0218.png'
Time: 00:02.41 (Saving: 00:00.05)

ANALYTICAL_FRAME shortest_path 218 2.437s
Fra:219 Mem:102.58M (Peak 104.33M) | Time:00:00.42 | Rendering 1 / 12 samples
Fra:219 Mem:102.58M (Peak 104.33M) | Time:00:02.31 | Rendering 12 / 12 samples
Saved: '/tmp/astra-world-v2-analytical/shortest_path/frame_0219.png'
Time: 00:02.39 (Saving: 00:00.05)

ANALYTICAL_FRAME shortest_path 219 2.417s
Fra:220 Mem:102.58M (Peak 104.33M) | Time:00:00.45 | Rendering 1 / 12 samples
Fra:220 Mem:102.58M (Peak 104.33M) | Time:00:02.36 | Rendering 12 / 12 samples
Saved: '/tmp/astra-world-v2-analytical/shortest_path/frame_0220.png'
Time: 00:02.45 (Saving: 00:00.06)

ANALYTICAL_FRAME shortest_path 220 2.476s
Fra:221 Mem:102.58M (Peak 104.33M) | Time:00:00.43 | Rendering 1 / 12 samples
Fra:221 Mem:102.58M (Peak 104.33M) | Time:00:02.28 | Rendering 12 / 12 samples
Saved: '/tmp/astra-world-v2-analytical/shortest_path/frame_0221.png'
Time: 00:02.37 (Saving: 00:00.05)

ANALYTICAL_FRAME shortest_path 221 2.390s
Fra:222 Mem:102.58M (Peak 104.33M) | Time:00:00.42 | Rendering 1 / 12 samples
Fra:222 Mem:102.58M (Peak 104.33M) | Time:00:02.37 | Rendering 12 / 12 samples
Saved: '/tmp/astra-world-v2-analytical/shortest_path/frame_0222.png'
Time: 00:02.48 (Saving: 00:00.06)

ANALYTICAL_FRAME shortest_path 222 2.508s
Fra:223 Mem:102.58M (Peak 104.33M) | Time:00:00.53 | Rendering 1 / 12 samples
Fra:223 Mem:102.58M (Peak 104.33M) | Time:00:02.54 | Rendering 12 / 12 samples
Saved: '/tmp/astra-world-v2-analytical/shortest_path/frame_0223.png'
Time: 00:02.64 (Saving: 00:00.06)

ANALYTICAL_FRAME shortest_path 223 2.671s
Fra:224 Mem:102.58M (Peak 104.33M) | Time:00:00.41 | Rendering 1 / 12 samples
Fra:224 Mem:102.58M (Peak 104.33M) | Time:00:02.31 | Rendering 12 / 12 samples
Saved: '/tmp/astra-world-v2-analytical/shortest_path/frame_0224.png'
Time: 00:02.40 (Saving: 00:00.06)

ANALYTICAL_FRAME shortest_path 224 2.431s
FRAME_VALIDATION_PASS: 224 decoded, nonblank 960x540 frames
Read blend: "/home/naresh/Documents/nareshpane.github.io/research/gpt-6-astra-blender/blender/city_master.blend"
Fra:1 Mem:102.79M (Peak 104.54M) | Time:00:00.45 | Rendering 1 / 12 samples
Fra:1 Mem:102.79M (Peak 104.54M) | Time:00:02.38 | Rendering 12 / 12 samples
Saved: '/tmp/astra-world-v2-analytical/bridge_failure/frame_0001.png'
Time: 00:02.50 (Saving: 00:00.07)

Info: Saved as "bridge_failure.blend"
ANALYTICAL_FRAME bridge_failure 1 2.530s
Fra:2 Mem:102.79M (Peak 104.54M) | Time:00:00.57 | Rendering 1 / 12 samples
Fra:2 Mem:102.79M (Peak 104.54M) | Time:00:02.56 | Rendering 12 / 12 samples
Saved: '/tmp/astra-world-v2-analytical/bridge_failure/frame_0002.png'
Time: 00:02.65 (Saving: 00:00.06)

ANALYTICAL_FRAME bridge_failure 2 2.678s
Fra:3 Mem:102.79M (Peak 104.54M) | Time:00:00.42 | Rendering 1 / 12 samples
Fra:3 Mem:102.79M (Peak 104.54M) | Time:00:02.32 | Rendering 12 / 12 samples
Saved: '/tmp/astra-world-v2-analytical/bridge_failure/frame_0003.png'
Time: 00:02.41 (Saving: 00:00.05)

ANALYTICAL_FRAME bridge_failure 3 2.438s
Fra:4 Mem:102.79M (Peak 104.54M) | Time:00:00.43 | Rendering 1 / 12 samples
Fra:4 Mem:102.79M (Peak 104.54M) | Time:00:02.29 | Rendering 12 / 12 samples
Saved: '/tmp/astra-world-v2-analytical/bridge_failure/frame_0004.png'
Time: 00:02.37 (Saving: 00:00.05)

ANALYTICAL_FRAME bridge_failure 4 2.399s
Fra:5 Mem:102.79M (Peak 104.54M) | Time:00:00.44 | Rendering 1 / 12 samples
Fra:5 Mem:102.79M (Peak 104.54M) | Time:00:02.40 | Rendering 12 / 12 samples
Saved: '/tmp/astra-world-v2-analytical/bridge_failure/frame_0005.png'
Time: 00:02.51 (Saving: 00:00.08)

ANALYTICAL_FRAME bridge_failure 5 2.544s
Fra:6 Mem:102.79M (Peak 104.54M) | Time:00:00.56 | Rendering 1 / 12 samples
Fra:6 Mem:102.79M (Peak 104.54M) | Time:00:02.62 | Rendering 12 / 12 samples
Saved: '/tmp/astra-world-v2-analytical/bridge_failure/frame_0006.png'
Time: 00:02.74 (Saving: 00:00.08)

ANALYTICAL_FRAME bridge_failure 6 2.774s
Fra:7 Mem:102.79M (Peak 104.54M) | Time:00:00.49 | Rendering 1 / 12 samples
Fra:7 Mem:102.79M (Peak 104.54M) | Time:00:02.62 | Rendering 12 / 12 samples
Saved: '/tmp/astra-world-v2-analytical/bridge_failure/frame_0007.png'
Time: 00:02.75 (Saving: 00:00.08)

ANALYTICAL_FRAME bridge_failure 7 2.776s
Fra:8 Mem:102.79M (Peak 104.54M) | Time:00:00.48 | Rendering 1 / 12 samples
Fra:8 Mem:102.79M (Peak 104.54M) | Time:00:02.39 | Rendering 12 / 12 samples
Saved: '/tmp/astra-world-v2-analytical/bridge_failure/frame_0008.png'
Time: 00:02.49 (Saving: 00:00.06)

ANALYTICAL_FRAME bridge_failure 8 2.521s
Fra:9 Mem:102.79M (Peak 104.54M) | Time:00:00.40 | Rendering 1 / 12 samples
Fra:9 Mem:102.79M (Peak 104.54M) | Time:00:02.33 | Rendering 12 / 12 samples
Saved: '/tmp/astra-world-v2-analytical/bridge_failure/frame_0009.png'
Time: 00:02.42 (Saving: 00:00.05)

ANALYTICAL_FRAME bridge_failure 9 2.443s
Fra:10 Mem:102.79M (Peak 104.54M) | Time:00:00.42 | Rendering 1 / 12 samples
Fra:10 Mem:102.79M (Peak 104.54M) | Time:00:02.28 | Rendering 12 / 12 samples
Saved: '/tmp/astra-world-v2-analytical/bridge_failure/frame_0010.png'
Time: 00:02.38 (Saving: 00:00.06)

ANALYTICAL_FRAME bridge_failure 10 2.402s
Fra:11 Mem:102.79M (Peak 104.54M) | Time:00:00.42 | Rendering 1 / 12 samples
Fra:11 Mem:102.79M (Peak 104.54M) | Time:00:02.28 | Rendering 12 / 12 samples
Saved: '/tmp/astra-world-v2-analytical/bridge_failure/frame_0011.png'
Time: 00:02.37 (Saving: 00:00.05)

ANALYTICAL_FRAME bridge_failure 11 2.401s
Fra:12 Mem:102.79M (Peak 104.54M) | Time:00:00.44 | Rendering 1 / 12 samples
Fra:12 Mem:102.79M (Peak 104.54M) | Time:00:02.39 | Rendering 12 / 12 samples
Saved: '/tmp/astra-world-v2-analytical/bridge_failure/frame_0012.png'
Time: 00:02.51 (Saving: 00:00.08)

ANALYTICAL_FRAME bridge_failure 12 2.543s
Fra:13 Mem:102.79M (Peak 104.54M) | Time:00:00.50 | Rendering 1 / 12 samples
Fra:13 Mem:102.79M (Peak 104.54M) | Time:00:02.60 | Rendering 12 / 12 samples
Saved: '/tmp/astra-world-v2-analytical/bridge_failure/frame_0013.png'
Time: 00:02.71 (Saving: 00:00.08)

ANALYTICAL_FRAME bridge_failure 13 2.771s
Fra:14 Mem:102.79M (Peak 104.54M) | Time:00:00.49 | Rendering 1 / 12 samples
Fra:14 Mem:102.79M (Peak 104.54M) | Time:00:02.49 | Rendering 12 / 12 samples
Saved: '/tmp/astra-world-v2-analytical/bridge_failure/frame_0014.png'
Time: 00:02.61 (Saving: 00:00.08)

ANALYTICAL_FRAME bridge_failure 14 2.655s
Fra:15 Mem:102.79M (Peak 104.54M) | Time:00:00.53 | Rendering 1 / 12 samples
Fra:15 Mem:102.79M (Peak 104.54M) | Time:00:02.70 | Rendering 12 / 12 samples
Saved: '/tmp/astra-world-v2-analytical/bridge_failure/frame_0015.png'
Time: 00:02.83 (Saving: 00:00.08)

ANALYTICAL_FRAME bridge_failure 15 2.858s
Fra:16 Mem:102.79M (Peak 104.54M) | Time:00:00.49 | Rendering 1 / 12 samples
Fra:16 Mem:102.79M (Peak 104.54M) | Time:00:02.38 | Rendering 12 / 12 samples
Saved: '/tmp/astra-world-v2-analytical/bridge_failure/frame_0016.png'
Time: 00:02.47 (Saving: 00:00.05)

ANALYTICAL_FRAME bridge_failure 16 2.502s
Fra:17 Mem:102.79M (Peak 104.54M) | Time:00:00.43 | Rendering 1 / 12 samples
Fra:17 Mem:102.79M (Peak 104.54M) | Time:00:02.37 | Rendering 12 / 12 samples
Saved: '/tmp/astra-world-v2-analytical/bridge_failure/frame_0017.png'
Time: 00:02.46 (Saving: 00:00.05)

ANALYTICAL_FRAME bridge_failure 17 2.490s
Fra:18 Mem:102.79M (Peak 104.54M) | Time:00:00.46 | Rendering 1 / 12 samples
Fra:18 Mem:102.79M (Peak 104.54M) | Time:00:02.36 | Rendering 12 / 12 samples
Saved: '/tmp/astra-world-v2-analytical/bridge_failure/frame_0018.png'
Time: 00:02.45 (Saving: 00:00.05)

ANALYTICAL_FRAME bridge_failure 18 2.478s
Fra:19 Mem:102.79M (Peak 104.54M) | Time:00:00.39 | Rendering 1 / 12 samples
Fra:19 Mem:102.79M (Peak 104.54M) | Time:00:02.33 | Rendering 12 / 12 samples
Saved: '/tmp/astra-world-v2-analytical/bridge_failure/frame_0019.png'
Time: 00:02.42 (Saving: 00:00.05)

ANALYTICAL_FRAME bridge_failure 19 2.440s
Fra:20 Mem:102.79M (Peak 104.54M) | Time:00:00.48 | Rendering 1 / 12 samples
Fra:20 Mem:102.79M (Peak 104.54M) | Time:00:02.82 | Rendering 12 / 12 samples
Saved: '/tmp/astra-world-v2-analytical/bridge_failure/frame_0020.png'
Time: 00:02.92 (Saving: 00:00.06)

ANALYTICAL_FRAME bridge_failure 20 2.950s
Fra:21 Mem:102.79M (Peak 104.54M) | Time:00:00.46 | Rendering 1 / 12 samples
Fra:21 Mem:102.79M (Peak 104.54M) | Time:00:02.40 | Rendering 12 / 12 samples
Saved: '/tmp/astra-world-v2-analytical/bridge_failure/frame_0021.png'
Time: 00:02.49 (Saving: 00:00.05)

ANALYTICAL_FRAME bridge_failure 21 2.511s
Fra:22 Mem:102.79M (Peak 104.54M) | Time:00:00.46 | Rendering 1 / 12 samples
Fra:22 Mem:102.79M (Peak 104.54M) | Time:00:02.45 | Rendering 12 / 12 samples
Saved: '/tmp/astra-world-v2-analytical/bridge_failure/frame_0022.png'
Time: 00:02.57 (Saving: 00:00.07)

ANALYTICAL_FRAME bridge_failure 22 2.594s
Fra:23 Mem:102.79M (Peak 104.54M) | Time:00:00.54 | Rendering 1 / 12 samples
Fra:23 Mem:102.79M (Peak 104.54M) | Time:00:02.95 | Rendering 12 / 12 samples
Saved: '/tmp/astra-world-v2-analytical/bridge_failure/frame_0023.png'
Time: 00:03.10 (Saving: 00:00.08)

ANALYTICAL_FRAME bridge_failure 23 3.143s
Fra:24 Mem:102.79M (Peak 104.54M) | Time:00:00.59 | Rendering 1 / 12 samples
Fra:24 Mem:102.79M (Peak 104.54M) | Time:00:02.72 | Rendering 12 / 12 samples
Saved: '/tmp/astra-world-v2-analytical/bridge_failure/frame_0024.png'
Time: 00:02.85 (Saving: 00:00.08)

ANALYTICAL_FRAME bridge_failure 24 2.889s
Fra:25 Mem:102.79M (Peak 104.54M) | Time:00:00.48 | Rendering 1 / 12 samples
Fra:25 Mem:102.79M (Peak 104.54M) | Time:00:02.48 | Rendering 12 / 12 samples
Saved: '/tmp/astra-world-v2-analytical/bridge_failure/frame_0025.png'
Time: 00:02.58 (Saving: 00:00.06)

ANALYTICAL_FRAME bridge_failure 25 2.618s
Fra:26 Mem:102.79M (Peak 104.54M) | Time:00:00.52 | Rendering 1 / 12 samples
Fra:26 Mem:102.79M (Peak 104.54M) | Time:00:02.61 | Rendering 12 / 12 samples
Saved: '/tmp/astra-world-v2-analytical/bridge_failure/frame_0026.png'
Time: 00:02.70 (Saving: 00:00.06)

ANALYTICAL_FRAME bridge_failure 26 2.730s
Fra:27 Mem:102.79M (Peak 104.54M) | Time:00:00.42 | Rendering 1 / 12 samples
Fra:27 Mem:102.79M (Peak 104.54M) | Time:00:02.42 | Rendering 12 / 12 samples
Saved: '/tmp/astra-world-v2-analytical/bridge_failure/frame_0027.png'
Time: 00:02.53 (Saving: 00:00.07)

ANALYTICAL_FRAME bridge_failure 27 2.553s
Fra:28 Mem:102.79M (Peak 104.54M) | Time:00:00.44 | Rendering 1 / 12 samples
Fra:28 Mem:102.79M (Peak 104.54M) | Time:00:02.63 | Rendering 12 / 12 samples
Saved: '/tmp/astra-world-v2-analytical/bridge_failure/frame_0028.png'
Time: 00:02.74 (Saving: 00:00.06)

ANALYTICAL_FRAME bridge_failure 28 2.766s
Fra:29 Mem:102.79M (Peak 104.54M) | Time:00:00.80 | Rendering 1 / 12 samples
Fra:29 Mem:102.79M (Peak 104.54M) | Time:00:03.13 | Rendering 12 / 12 samples
Saved: '/tmp/astra-world-v2-analytical/bridge_failure/frame_0029.png'
Time: 00:03.24 (Saving: 00:00.06)

ANALYTICAL_FRAME bridge_failure 29 3.267s
Fra:30 Mem:102.79M (Peak 104.54M) | Time:00:00.52 | Rendering 1 / 12 samples
Fra:30 Mem:102.79M (Peak 104.54M) | Time:00:02.67 | Rendering 12 / 12 samples
Saved: '/tmp/astra-world-v2-analytical/bridge_failure/frame_0030.png'
Time: 00:02.77 (Saving: 00:00.05)

ANALYTICAL_FRAME bridge_failure 30 2.793s
Fra:31 Mem:102.79M (Peak 104.54M) | Time:00:00.46 | Rendering 1 / 12 samples
Fra:31 Mem:102.79M (Peak 104.54M) | Time:00:02.63 | Rendering 12 / 12 samples
Saved: '/tmp/astra-world-v2-analytical/bridge_failure/frame_0031.png'
Time: 00:02.73 (Saving: 00:00.06)

ANALYTICAL_FRAME bridge_failure 31 2.763s
Fra:32 Mem:102.79M (Peak 104.54M) | Time:00:00.51 | Rendering 1 / 12 samples
Fra:32 Mem:102.79M (Peak 104.54M) | Time:00:02.66 | Rendering 12 / 12 samples
Saved: '/tmp/astra-world-v2-analytical/bridge_failure/frame_0032.png'
Time: 00:02.75 (Saving: 00:00.05)

ANALYTICAL_FRAME bridge_failure 32 2.776s
Fra:33 Mem:102.79M (Peak 104.54M) | Time:00:00.45 | Rendering 1 / 12 samples
Fra:33 Mem:102.79M (Peak 104.54M) | Time:00:02.65 | Rendering 12 / 12 samples
Saved: '/tmp/astra-world-v2-analytical/bridge_failure/frame_0033.png'
Time: 00:02.76 (Saving: 00:00.06)

ANALYTICAL_FRAME bridge_failure 33 2.789s
Fra:34 Mem:102.79M (Peak 104.54M) | Time:00:00.48 | Rendering 1 / 12 samples
Fra:34 Mem:102.79M (Peak 104.54M) | Time:00:02.58 | Rendering 12 / 12 samples
Saved: '/tmp/astra-world-v2-analytical/bridge_failure/frame_0034.png'
Time: 00:02.70 (Saving: 00:00.07)

ANALYTICAL_FRAME bridge_failure 34 2.736s
Fra:35 Mem:102.79M (Peak 104.54M) | Time:00:00.48 | Rendering 1 / 12 samples
Fra:35 Mem:102.79M (Peak 104.54M) | Time:00:02.68 | Rendering 12 / 12 samples
Saved: '/tmp/astra-world-v2-analytical/bridge_failure/frame_0035.png'
Time: 00:02.78 (Saving: 00:00.05)

ANALYTICAL_FRAME bridge_failure 35 2.820s
Fra:36 Mem:102.79M (Peak 104.54M) | Time:00:00.46 | Rendering 1 / 12 samples
Fra:36 Mem:102.79M (Peak 104.54M) | Time:00:02.58 | Rendering 12 / 12 samples
Saved: '/tmp/astra-world-v2-analytical/bridge_failure/frame_0036.png'
Time: 00:02.68 (Saving: 00:00.06)

ANALYTICAL_FRAME bridge_failure 36 2.704s
Fra:37 Mem:102.79M (Peak 104.54M) | Time:00:00.49 | Rendering 1 / 12 samples
Fra:37 Mem:102.79M (Peak 104.54M) | Time:00:02.73 | Rendering 12 / 12 samples
Saved: '/tmp/astra-world-v2-analytical/bridge_failure/frame_0037.png'
Time: 00:02.84 (Saving: 00:00.06)

ANALYTICAL_FRAME bridge_failure 37 2.869s
Fra:38 Mem:102.79M (Peak 104.54M) | Time:00:00.47 | Rendering 1 / 12 samples
Fra:38 Mem:102.79M (Peak 104.54M) | Time:00:02.73 | Rendering 12 / 12 samples
Saved: '/tmp/astra-world-v2-analytical/bridge_failure/frame_0038.png'
Time: 00:02.92 (Saving: 00:00.12)

ANALYTICAL_FRAME bridge_failure 38 2.969s
Fra:39 Mem:102.79M (Peak 104.54M) | Time:00:00.72 | Rendering 1 / 12 samples
Fra:39 Mem:102.79M (Peak 104.54M) | Time:00:02.70 | Rendering 12 / 12 samples
Saved: '/tmp/astra-world-v2-analytical/bridge_failure/frame_0039.png'
Time: 00:02.79 (Saving: 00:00.05)

ANALYTICAL_FRAME bridge_failure 39 2.835s
Fra:40 Mem:102.79M (Peak 104.54M) | Time:00:00.43 | Rendering 1 / 12 samples
Fra:40 Mem:102.79M (Peak 104.54M) | Time:00:02.34 | Rendering 12 / 12 samples
Saved: '/tmp/astra-world-v2-analytical/bridge_failure/frame_0040.png'
Time: 00:02.45 (Saving: 00:00.07)

ANALYTICAL_FRAME bridge_failure 40 2.484s
Fra:41 Mem:102.79M (Peak 104.54M) | Time:00:00.54 | Rendering 1 / 12 samples
Fra:41 Mem:102.79M (Peak 104.54M) | Time:00:02.48 | Rendering 12 / 12 samples
Saved: '/tmp/astra-world-v2-analytical/bridge_failure/frame_0041.png'
Time: 00:02.57 (Saving: 00:00.05)

ANALYTICAL_FRAME bridge_failure 41 2.600s
Fra:42 Mem:102.79M (Peak 104.54M) | Time:00:00.41 | Rendering 1 / 12 samples
Fra:42 Mem:102.79M (Peak 104.54M) | Time:00:02.28 | Rendering 12 / 12 samples
Saved: '/tmp/astra-world-v2-analytical/bridge_failure/frame_0042.png'
Time: 00:02.36 (Saving: 00:00.06)

ANALYTICAL_FRAME bridge_failure 42 2.390s
Fra:43 Mem:102.79M (Peak 104.54M) | Time:00:00.43 | Rendering 1 / 12 samples
Fra:43 Mem:102.79M (Peak 104.54M) | Time:00:02.36 | Rendering 12 / 12 samples
Saved: '/tmp/astra-world-v2-analytical/bridge_failure/frame_0043.png'
Time: 00:02.46 (Saving: 00:00.06)

ANALYTICAL_FRAME bridge_failure 43 2.486s
Fra:44 Mem:102.79M (Peak 104.54M) | Time:00:00.41 | Rendering 1 / 12 samples
Fra:44 Mem:102.79M (Peak 104.54M) | Time:00:02.25 | Rendering 12 / 12 samples
Saved: '/tmp/astra-world-v2-analytical/bridge_failure/frame_0044.png'
Time: 00:02.36 (Saving: 00:00.07)

ANALYTICAL_FRAME bridge_failure 44 2.391s
Fra:45 Mem:102.79M (Peak 104.54M) | Time:00:00.48 | Rendering 1 / 12 samples
Fra:45 Mem:102.79M (Peak 104.54M) | Time:00:02.38 | Rendering 12 / 12 samples
Saved: '/tmp/astra-world-v2-analytical/bridge_failure/frame_0045.png'
Time: 00:02.47 (Saving: 00:00.06)

ANALYTICAL_FRAME bridge_failure 45 2.499s
Fra:46 Mem:102.79M (Peak 104.54M) | Time:00:00.40 | Rendering 1 / 12 samples
Fra:46 Mem:102.79M (Peak 104.54M) | Time:00:02.81 | Rendering 12 / 12 samples
Saved: '/tmp/astra-world-v2-analytical/bridge_failure/frame_0046.png'
Time: 00:02.96 (Saving: 00:00.09)

ANALYTICAL_FRAME bridge_failure 46 2.994s
Fra:47 Mem:102.79M (Peak 104.54M) | Time:00:00.51 | Rendering 1 / 12 samples
Fra:47 Mem:102.79M (Peak 104.54M) | Time:00:02.38 | Rendering 12 / 12 samples
Saved: '/tmp/astra-world-v2-analytical/bridge_failure/frame_0047.png'
Time: 00:02.47 (Saving: 00:00.05)

ANALYTICAL_FRAME bridge_failure 47 2.502s
Fra:48 Mem:102.79M (Peak 104.54M) | Time:00:00.39 | Rendering 1 / 12 samples
Fra:48 Mem:102.79M (Peak 104.54M) | Time:00:02.25 | Rendering 12 / 12 samples
Saved: '/tmp/astra-world-v2-analytical/bridge_failure/frame_0048.png'
Time: 00:02.35 (Saving: 00:00.06)

ANALYTICAL_FRAME bridge_failure 48 2.377s
Fra:49 Mem:102.79M (Peak 104.54M) | Time:00:00.51 | Rendering 1 / 12 samples
Fra:49 Mem:102.79M (Peak 104.54M) | Time:00:02.38 | Rendering 12 / 12 samples
Saved: '/tmp/astra-world-v2-analytical/bridge_failure/frame_0049.png'
Time: 00:02.47 (Saving: 00:00.06)

ANALYTICAL_FRAME bridge_failure 49 2.494s
Fra:50 Mem:102.79M (Peak 104.54M) | Time:00:00.48 | Rendering 1 / 12 samples
Fra:50 Mem:102.79M (Peak 104.54M) | Time:00:02.79 | Rendering 12 / 12 samples
Saved: '/tmp/astra-world-v2-analytical/bridge_failure/frame_0050.png'
Time: 00:02.92 (Saving: 00:00.08)

ANALYTICAL_FRAME bridge_failure 50 2.958s
Fra:51 Mem:102.79M (Peak 104.54M) | Time:00:00.51 | Rendering 1 / 12 samples
Fra:51 Mem:102.79M (Peak 104.54M) | Time:00:02.47 | Rendering 12 / 12 samples
Saved: '/tmp/astra-world-v2-analytical/bridge_failure/frame_0051.png'
Time: 00:02.59 (Saving: 00:00.07)

ANALYTICAL_FRAME bridge_failure 51 2.609s
Fra:52 Mem:102.79M (Peak 104.54M) | Time:00:00.46 | Rendering 1 / 12 samples
Fra:52 Mem:102.79M (Peak 104.54M) | Time:00:02.34 | Rendering 12 / 12 samples
Saved: '/tmp/astra-world-v2-analytical/bridge_failure/frame_0052.png'
Time: 00:02.45 (Saving: 00:00.07)

ANALYTICAL_FRAME bridge_failure 52 2.470s
Fra:53 Mem:102.79M (Peak 104.54M) | Time:00:00.45 | Rendering 1 / 12 samples
Fra:53 Mem:102.79M (Peak 104.54M) | Time:00:02.32 | Rendering 12 / 12 samples
Saved: '/tmp/astra-world-v2-analytical/bridge_failure/frame_0053.png'
Time: 00:02.41 (Saving: 00:00.06)

ANALYTICAL_FRAME bridge_failure 53 2.438s
Fra:54 Mem:102.79M (Peak 104.54M) | Time:00:00.49 | Rendering 1 / 12 samples
Fra:54 Mem:102.79M (Peak 104.54M) | Time:00:02.43 | Rendering 12 / 12 samples
Saved: '/tmp/astra-world-v2-analytical/bridge_failure/frame_0054.png'
Time: 00:02.54 (Saving: 00:00.07)

ANALYTICAL_FRAME bridge_failure 54 2.575s
Fra:55 Mem:102.79M (Peak 104.54M) | Time:00:00.48 | Rendering 1 / 12 samples
Fra:55 Mem:102.79M (Peak 104.54M) | Time:00:02.33 | Rendering 12 / 12 samples
Saved: '/tmp/astra-world-v2-analytical/bridge_failure/frame_0055.png'
Time: 00:02.43 (Saving: 00:00.05)

ANALYTICAL_FRAME bridge_failure 55 2.449s
Fra:56 Mem:102.79M (Peak 104.54M) | Time:00:00.44 | Rendering 1 / 12 samples
Fra:56 Mem:102.79M (Peak 104.54M) | Time:00:02.40 | Rendering 12 / 12 samples
Saved: '/tmp/astra-world-v2-analytical/bridge_failure/frame_0056.png'
Time: 00:02.50 (Saving: 00:00.06)

ANALYTICAL_FRAME bridge_failure 56 2.526s
Fra:57 Mem:102.79M (Peak 104.54M) | Time:00:00.50 | Rendering 1 / 12 samples
Fra:57 Mem:102.79M (Peak 104.54M) | Time:00:02.36 | Rendering 12 / 12 samples
Saved: '/tmp/astra-world-v2-analytical/bridge_failure/frame_0057.png'
Time: 00:02.47 (Saving: 00:00.06)

ANALYTICAL_FRAME bridge_failure 57 2.495s
Fra:58 Mem:102.79M (Peak 104.54M) | Time:00:00.47 | Rendering 1 / 12 samples
Fra:58 Mem:102.79M (Peak 104.54M) | Time:00:02.46 | Rendering 12 / 12 samples
Saved: '/tmp/astra-world-v2-analytical/bridge_failure/frame_0058.png'
Time: 00:02.62 (Saving: 00:00.10)

ANALYTICAL_FRAME bridge_failure 58 2.647s
Fra:59 Mem:102.79M (Peak 104.54M) | Time:00:00.51 | Rendering 1 / 12 samples
Fra:59 Mem:102.79M (Peak 104.54M) | Time:00:02.35 | Rendering 12 / 12 samples
Saved: '/tmp/astra-world-v2-analytical/bridge_failure/frame_0059.png'
Time: 00:02.45 (Saving: 00:00.06)

ANALYTICAL_FRAME bridge_failure 59 2.474s
Fra:60 Mem:102.79M (Peak 104.54M) | Time:00:00.47 | Rendering 1 / 12 samples
Fra:60 Mem:102.79M (Peak 104.54M) | Time:00:02.36 | Rendering 12 / 12 samples
Saved: '/tmp/astra-world-v2-analytical/bridge_failure/frame_0060.png'
Time: 00:02.45 (Saving: 00:00.06)

ANALYTICAL_FRAME bridge_failure 60 2.471s
Fra:61 Mem:102.79M (Peak 104.54M) | Time:00:00.49 | Rendering 1 / 12 samples
Fra:61 Mem:102.79M (Peak 104.54M) | Time:00:02.56 | Rendering 12 / 12 samples
Saved: '/tmp/astra-world-v2-analytical/bridge_failure/frame_0061.png'
Time: 00:02.67 (Saving: 00:00.06)

ANALYTICAL_FRAME bridge_failure 61 2.686s
Fra:62 Mem:102.79M (Peak 104.54M) | Time:00:00.50 | Rendering 1 / 12 samples
Fra:62 Mem:102.79M (Peak 104.54M) | Time:00:02.57 | Rendering 12 / 12 samples
Saved: '/tmp/astra-world-v2-analytical/bridge_failure/frame_0062.png'
Time: 00:02.67 (Saving: 00:00.06)

ANALYTICAL_FRAME bridge_failure 62 2.692s
Fra:63 Mem:102.79M (Peak 104.54M) | Time:00:00.43 | Rendering 1 / 12 samples
Fra:63 Mem:102.79M (Peak 104.54M) | Time:00:02.39 | Rendering 12 / 12 samples
Saved: '/tmp/astra-world-v2-analytical/bridge_failure/frame_0063.png'
Time: 00:02.52 (Saving: 00:00.09)

ANALYTICAL_FRAME bridge_failure 63 2.557s
Fra:64 Mem:102.79M (Peak 104.54M) | Time:00:00.53 | Rendering 1 / 12 samples
Fra:64 Mem:102.79M (Peak 104.54M) | Time:00:02.49 | Rendering 12 / 12 samples
Saved: '/tmp/astra-world-v2-analytical/bridge_failure/frame_0064.png'
Time: 00:02.60 (Saving: 00:00.06)

ANALYTICAL_FRAME bridge_failure 64 2.629s
Fra:65 Mem:102.79M (Peak 104.54M) | Time:00:00.44 | Rendering 1 / 12 samples
Fra:65 Mem:102.79M (Peak 104.54M) | Time:00:02.41 | Rendering 12 / 12 samples
Saved: '/tmp/astra-world-v2-analytical/bridge_failure/frame_0065.png'
Time: 00:02.51 (Saving: 00:00.06)

ANALYTICAL_FRAME bridge_failure 65 2.537s
Fra:66 Mem:102.79M (Peak 104.54M) | Time:00:00.51 | Rendering 1 / 12 samples
Fra:66 Mem:102.79M (Peak 104.54M) | Time:00:02.43 | Rendering 12 / 12 samples
Saved: '/tmp/astra-world-v2-analytical/bridge_failure/frame_0066.png'
Time: 00:02.53 (Saving: 00:00.06)

ANALYTICAL_FRAME bridge_failure 66 2.558s
Fra:67 Mem:102.79M (Peak 104.54M) | Time:00:00.50 | Rendering 1 / 12 samples
Fra:67 Mem:102.79M (Peak 104.54M) | Time:00:02.43 | Rendering 12 / 12 samples
Saved: '/tmp/astra-world-v2-analytical/bridge_failure/frame_0067.png'
Time: 00:02.51 (Saving: 00:00.05)

ANALYTICAL_FRAME bridge_failure 67 2.543s
Fra:68 Mem:102.79M (Peak 104.54M) | Time:00:00.44 | Rendering 1 / 12 samples
Fra:68 Mem:102.79M (Peak 104.54M) | Time:00:02.35 | Rendering 12 / 12 samples
Saved: '/tmp/astra-world-v2-analytical/bridge_failure/frame_0068.png'
Time: 00:02.46 (Saving: 00:00.07)

ANALYTICAL_FRAME bridge_failure 68 2.492s
Fra:69 Mem:102.79M (Peak 104.54M) | Time:00:00.51 | Rendering 1 / 12 samples
Fra:69 Mem:102.79M (Peak 104.54M) | Time:00:02.42 | Rendering 12 / 12 samples
Saved: '/tmp/astra-world-v2-analytical/bridge_failure/frame_0069.png'
Time: 00:02.51 (Saving: 00:00.06)

ANALYTICAL_FRAME bridge_failure 69 2.536s
Fra:70 Mem:102.79M (Peak 104.54M) | Time:00:00.46 | Rendering 1 / 12 samples
Fra:70 Mem:102.79M (Peak 104.54M) | Time:00:02.43 | Rendering 12 / 12 samples
Saved: '/tmp/astra-world-v2-analytical/bridge_failure/frame_0070.png'
Time: 00:02.53 (Saving: 00:00.05)

ANALYTICAL_FRAME bridge_failure 70 2.547s
Fra:71 Mem:102.79M (Peak 104.54M) | Time:00:00.47 | Rendering 1 / 12 samples
Fra:71 Mem:102.79M (Peak 104.54M) | Time:00:02.29 | Rendering 12 / 12 samples
Saved: '/tmp/astra-world-v2-analytical/bridge_failure/frame_0071.png'
Time: 00:02.38 (Saving: 00:00.06)

ANALYTICAL_FRAME bridge_failure 71 2.411s
Fra:72 Mem:102.79M (Peak 104.54M) | Time:00:00.47 | Rendering 1 / 12 samples
Fra:72 Mem:102.79M (Peak 104.54M) | Time:00:02.34 | Rendering 12 / 12 samples
Saved: '/tmp/astra-world-v2-analytical/bridge_failure/frame_0072.png'
Time: 00:02.42 (Saving: 00:00.05)

ANALYTICAL_FRAME bridge_failure 72 2.447s
Fra:73 Mem:102.79M (Peak 104.54M) | Time:00:00.44 | Rendering 1 / 12 samples
Fra:73 Mem:102.79M (Peak 104.54M) | Time:00:02.27 | Rendering 12 / 12 samples
Saved: '/tmp/astra-world-v2-analytical/bridge_failure/frame_0073.png'
Time: 00:02.37 (Saving: 00:00.06)

ANALYTICAL_FRAME bridge_failure 73 2.398s
Fra:74 Mem:102.79M (Peak 104.54M) | Time:00:00.45 | Rendering 1 / 12 samples
Fra:74 Mem:102.79M (Peak 104.54M) | Time:00:02.38 | Rendering 12 / 12 samples
Saved: '/tmp/astra-world-v2-analytical/bridge_failure/frame_0074.png'
Time: 00:02.48 (Saving: 00:00.06)

ANALYTICAL_FRAME bridge_failure 74 2.514s
Fra:75 Mem:102.79M (Peak 104.54M) | Time:00:00.46 | Rendering 1 / 12 samples
Fra:75 Mem:102.79M (Peak 104.54M) | Time:00:02.33 | Rendering 12 / 12 samples
Saved: '/tmp/astra-world-v2-analytical/bridge_failure/frame_0075.png'
Time: 00:02.43 (Saving: 00:00.07)

ANALYTICAL_FRAME bridge_failure 75 2.453s
Fra:76 Mem:102.79M (Peak 104.54M) | Time:00:00.44 | Rendering 1 / 12 samples
Fra:76 Mem:102.79M (Peak 104.54M) | Time:00:02.37 | Rendering 12 / 12 samples
Saved: '/tmp/astra-world-v2-analytical/bridge_failure/frame_0076.png'
Time: 00:02.47 (Saving: 00:00.06)

ANALYTICAL_FRAME bridge_failure 76 2.487s
Fra:77 Mem:102.79M (Peak 104.54M) | Time:00:00.43 | Rendering 1 / 12 samples
Fra:77 Mem:102.79M (Peak 104.54M) | Time:00:02.26 | Rendering 12 / 12 samples
Saved: '/tmp/astra-world-v2-analytical/bridge_failure/frame_0077.png'
Time: 00:02.35 (Saving: 00:00.06)

ANALYTICAL_FRAME bridge_failure 77 2.375s
Fra:78 Mem:102.79M (Peak 104.54M) | Time:00:00.45 | Rendering 1 / 12 samples
Fra:78 Mem:102.79M (Peak 104.54M) | Time:00:02.43 | Rendering 12 / 12 samples
Saved: '/tmp/astra-world-v2-analytical/bridge_failure/frame_0078.png'
Time: 00:02.53 (Saving: 00:00.06)

ANALYTICAL_FRAME bridge_failure 78 2.561s
Fra:79 Mem:102.79M (Peak 104.54M) | Time:00:00.45 | Rendering 1 / 12 samples
Fra:79 Mem:102.79M (Peak 104.54M) | Time:00:02.36 | Rendering 12 / 12 samples
Saved: '/tmp/astra-world-v2-analytical/bridge_failure/frame_0079.png'
Time: 00:02.47 (Saving: 00:00.07)

ANALYTICAL_FRAME bridge_failure 79 2.492s
Fra:80 Mem:102.79M (Peak 104.54M) | Time:00:00.51 | Rendering 1 / 12 samples
Fra:80 Mem:102.79M (Peak 104.54M) | Time:00:02.49 | Rendering 12 / 12 samples
Saved: '/tmp/astra-world-v2-analytical/bridge_failure/frame_0080.png'
Time: 00:02.59 (Saving: 00:00.06)

ANALYTICAL_FRAME bridge_failure 80 2.614s
Fra:81 Mem:102.79M (Peak 104.54M) | Time:00:00.46 | Rendering 1 / 12 samples
Fra:81 Mem:102.79M (Peak 104.54M) | Time:00:02.35 | Rendering 12 / 12 samples
Saved: '/tmp/astra-world-v2-analytical/bridge_failure/frame_0081.png'
Time: 00:02.46 (Saving: 00:00.07)

ANALYTICAL_FRAME bridge_failure 81 2.486s
Fra:82 Mem:102.79M (Peak 104.54M) | Time:00:00.45 | Rendering 1 / 12 samples
Fra:82 Mem:102.79M (Peak 104.54M) | Time:00:02.33 | Rendering 12 / 12 samples
Saved: '/tmp/astra-world-v2-analytical/bridge_failure/frame_0082.png'
Time: 00:02.42 (Saving: 00:00.06)

ANALYTICAL_FRAME bridge_failure 82 2.441s
Fra:83 Mem:102.79M (Peak 104.54M) | Time:00:00.43 | Rendering 1 / 12 samples
Fra:83 Mem:102.79M (Peak 104.54M) | Time:00:02.25 | Rendering 12 / 12 samples
Saved: '/tmp/astra-world-v2-analytical/bridge_failure/frame_0083.png'
Time: 00:02.35 (Saving: 00:00.07)

ANALYTICAL_FRAME bridge_failure 83 2.379s
Fra:84 Mem:102.79M (Peak 104.54M) | Time:00:00.47 | Rendering 1 / 12 samples
Fra:84 Mem:102.79M (Peak 104.54M) | Time:00:02.33 | Rendering 12 / 12 samples
Saved: '/tmp/astra-world-v2-analytical/bridge_failure/frame_0084.png'
Time: 00:02.43 (Saving: 00:00.05)

ANALYTICAL_FRAME bridge_failure 84 2.450s
Fra:85 Mem:102.79M (Peak 104.54M) | Time:00:00.43 | Rendering 1 / 12 samples
Fra:85 Mem:102.79M (Peak 104.54M) | Time:00:02.25 | Rendering 12 / 12 samples
Saved: '/tmp/astra-world-v2-analytical/bridge_failure/frame_0085.png'
Time: 00:02.34 (Saving: 00:00.06)

ANALYTICAL_FRAME bridge_failure 85 2.367s
Fra:86 Mem:102.79M (Peak 104.54M) | Time:00:00.44 | Rendering 1 / 12 samples
Fra:86 Mem:102.79M (Peak 104.54M) | Time:00:02.29 | Rendering 12 / 12 samples
Saved: '/tmp/astra-world-v2-analytical/bridge_failure/frame_0086.png'
Time: 00:02.39 (Saving: 00:00.06)

ANALYTICAL_FRAME bridge_failure 86 2.409s
Fra:87 Mem:102.79M (Peak 104.54M) | Time:00:00.45 | Rendering 1 / 12 samples
Fra:87 Mem:102.79M (Peak 104.54M) | Time:00:02.27 | Rendering 12 / 12 samples
Saved: '/tmp/astra-world-v2-analytical/bridge_failure/frame_0087.png'
Time: 00:02.36 (Saving: 00:00.06)

ANALYTICAL_FRAME bridge_failure 87 2.380s
Fra:88 Mem:102.79M (Peak 104.54M) | Time:00:00.44 | Rendering 1 / 12 samples
Fra:88 Mem:102.79M (Peak 104.54M) | Time:00:02.30 | Rendering 12 / 12 samples
Saved: '/tmp/astra-world-v2-analytical/bridge_failure/frame_0088.png'
Time: 00:02.40 (Saving: 00:00.06)

ANALYTICAL_FRAME bridge_failure 88 2.426s
Fra:89 Mem:102.79M (Peak 104.54M) | Time:00:00.45 | Rendering 1 / 12 samples
Fra:89 Mem:102.79M (Peak 104.54M) | Time:00:02.26 | Rendering 12 / 12 samples
Saved: '/tmp/astra-world-v2-analytical/bridge_failure/frame_0089.png'
Time: 00:02.34 (Saving: 00:00.05)

ANALYTICAL_FRAME bridge_failure 89 2.374s
Fra:90 Mem:102.79M (Peak 104.54M) | Time:00:00.44 | Rendering 1 / 12 samples
Fra:90 Mem:102.79M (Peak 104.54M) | Time:00:02.30 | Rendering 12 / 12 samples
Saved: '/tmp/astra-world-v2-analytical/bridge_failure/frame_0090.png'
Time: 00:02.40 (Saving: 00:00.07)

ANALYTICAL_FRAME bridge_failure 90 2.434s
Fra:91 Mem:102.79M (Peak 104.54M) | Time:00:00.51 | Rendering 1 / 12 samples
Fra:91 Mem:102.79M (Peak 104.54M) | Time:00:02.33 | Rendering 12 / 12 samples
Saved: '/tmp/astra-world-v2-analytical/bridge_failure/frame_0091.png'
Time: 00:02.43 (Saving: 00:00.05)

ANALYTICAL_FRAME bridge_failure 91 2.454s
Fra:92 Mem:102.79M (Peak 104.54M) | Time:00:00.44 | Rendering 1 / 12 samples
Fra:92 Mem:102.79M (Peak 104.54M) | Time:00:02.36 | Rendering 12 / 12 samples
Saved: '/tmp/astra-world-v2-analytical/bridge_failure/frame_0092.png'
Time: 00:02.46 (Saving: 00:00.06)

ANALYTICAL_FRAME bridge_failure 92 2.481s
Fra:93 Mem:102.79M (Peak 104.54M) | Time:00:00.46 | Rendering 1 / 12 samples
Fra:93 Mem:102.79M (Peak 104.54M) | Time:00:02.44 | Rendering 12 / 12 samples
Saved: '/tmp/astra-world-v2-analytical/bridge_failure/frame_0093.png'
Time: 00:02.55 (Saving: 00:00.07)

ANALYTICAL_FRAME bridge_failure 93 2.580s
Fra:94 Mem:102.79M (Peak 104.54M) | Time:00:00.46 | Rendering 1 / 12 samples
Fra:94 Mem:102.79M (Peak 104.54M) | Time:00:02.38 | Rendering 12 / 12 samples
Saved: '/tmp/astra-world-v2-analytical/bridge_failure/frame_0094.png'
Time: 00:02.49 (Saving: 00:00.06)

ANALYTICAL_FRAME bridge_failure 94 2.510s
Fra:95 Mem:102.79M (Peak 104.54M) | Time:00:00.49 | Rendering 1 / 12 samples
Fra:95 Mem:102.79M (Peak 104.54M) | Time:00:02.45 | Rendering 12 / 12 samples
Saved: '/tmp/astra-world-v2-analytical/bridge_failure/frame_0095.png'
Time: 00:02.54 (Saving: 00:00.05)

ANALYTICAL_FRAME bridge_failure 95 2.563s
Fra:96 Mem:102.79M (Peak 104.54M) | Time:00:00.45 | Rendering 1 / 12 samples
Fra:96 Mem:102.79M (Peak 104.54M) | Time:00:02.42 | Rendering 12 / 12 samples
Saved: '/tmp/astra-world-v2-analytical/bridge_failure/frame_0096.png'
Time: 00:02.54 (Saving: 00:00.07)

ANALYTICAL_FRAME bridge_failure 96 2.571s
Fra:97 Mem:102.79M (Peak 104.54M) | Time:00:00.51 | Rendering 1 / 12 samples
Fra:97 Mem:102.79M (Peak 104.54M) | Time:00:02.45 | Rendering 12 / 12 samples
Saved: '/tmp/astra-world-v2-analytical/bridge_failure/frame_0097.png'
Time: 00:02.54 (Saving: 00:00.05)

ANALYTICAL_FRAME bridge_failure 97 2.567s
Fra:98 Mem:102.79M (Peak 104.54M) | Time:00:00.46 | Rendering 1 / 12 samples
Fra:98 Mem:102.79M (Peak 104.54M) | Time:00:02.33 | Rendering 12 / 12 samples
Saved: '/tmp/astra-world-v2-analytical/bridge_failure/frame_0098.png'
Time: 00:02.45 (Saving: 00:00.08)

ANALYTICAL_FRAME bridge_failure 98 2.480s
Fra:99 Mem:102.79M (Peak 104.54M) | Time:00:00.46 | Rendering 1 / 12 samples
Fra:99 Mem:102.79M (Peak 104.54M) | Time:00:02.28 | Rendering 12 / 12 samples
Saved: '/tmp/astra-world-v2-analytical/bridge_failure/frame_0099.png'
Time: 00:02.37 (Saving: 00:00.05)

ANALYTICAL_FRAME bridge_failure 99 2.389s
Fra:100 Mem:102.79M (Peak 104.54M) | Time:00:00.45 | Rendering 1 / 12 samples
Fra:100 Mem:102.79M (Peak 104.54M) | Time:00:02.26 | Rendering 12 / 12 samples
Saved: '/tmp/astra-world-v2-analytical/bridge_failure/frame_0100.png'
Time: 00:02.36 (Saving: 00:00.05)

ANALYTICAL_FRAME bridge_failure 100 2.379s
Fra:101 Mem:102.79M (Peak 104.54M) | Time:00:00.45 | Rendering 1 / 12 samples
Fra:101 Mem:102.79M (Peak 104.54M) | Time:00:02.28 | Rendering 12 / 12 samples
Saved: '/tmp/astra-world-v2-analytical/bridge_failure/frame_0101.png'
Time: 00:02.36 (Saving: 00:00.05)

ANALYTICAL_FRAME bridge_failure 101 2.385s
Fra:102 Mem:102.79M (Peak 104.54M) | Time:00:00.43 | Rendering 1 / 12 samples
Fra:102 Mem:102.79M (Peak 104.54M) | Time:00:02.34 | Rendering 12 / 12 samples
Saved: '/tmp/astra-world-v2-analytical/bridge_failure/frame_0102.png'
Time: 00:02.46 (Saving: 00:00.07)

ANALYTICAL_FRAME bridge_failure 102 2.488s
Fra:103 Mem:102.79M (Peak 104.54M) | Time:00:00.52 | Rendering 1 / 12 samples
Fra:103 Mem:102.79M (Peak 104.54M) | Time:00:02.46 | Rendering 12 / 12 samples
Saved: '/tmp/astra-world-v2-analytical/bridge_failure/frame_0103.png'
Time: 00:02.56 (Saving: 00:00.05)

ANALYTICAL_FRAME bridge_failure 103 2.582s
Fra:104 Mem:102.79M (Peak 104.54M) | Time:00:00.44 | Rendering 1 / 12 samples
Fra:104 Mem:102.79M (Peak 104.54M) | Time:00:02.36 | Rendering 12 / 12 samples
Saved: '/tmp/astra-world-v2-analytical/bridge_failure/frame_0104.png'
Time: 00:02.45 (Saving: 00:00.05)

ANALYTICAL_FRAME bridge_failure 104 2.469s
Fra:105 Mem:102.79M (Peak 104.54M) | Time:00:00.45 | Rendering 1 / 12 samples
Fra:105 Mem:102.79M (Peak 104.54M) | Time:00:02.30 | Rendering 12 / 12 samples
Saved: '/tmp/astra-world-v2-analytical/bridge_failure/frame_0105.png'
Time: 00:02.42 (Saving: 00:00.09)

ANALYTICAL_FRAME bridge_failure 105 2.455s
Fra:106 Mem:102.79M (Peak 104.54M) | Time:00:00.48 | Rendering 1 / 12 samples
Fra:106 Mem:102.79M (Peak 104.54M) | Time:00:02.33 | Rendering 12 / 12 samples
Saved: '/tmp/astra-world-v2-analytical/bridge_failure/frame_0106.png'
Time: 00:02.42 (Saving: 00:00.05)

ANALYTICAL_FRAME bridge_failure 106 2.447s
Fra:107 Mem:102.79M (Peak 104.54M) | Time:00:00.46 | Rendering 1 / 12 samples
Fra:107 Mem:102.79M (Peak 104.54M) | Time:00:02.36 | Rendering 12 / 12 samples
Saved: '/tmp/astra-world-v2-analytical/bridge_failure/frame_0107.png'
Time: 00:02.47 (Saving: 00:00.06)

ANALYTICAL_FRAME bridge_failure 107 2.501s
Fra:108 Mem:102.79M (Peak 104.54M) | Time:00:00.50 | Rendering 1 / 12 samples
Fra:108 Mem:102.79M (Peak 104.54M) | Time:00:02.42 | Rendering 12 / 12 samples
Saved: '/tmp/astra-world-v2-analytical/bridge_failure/frame_0108.png'
Time: 00:02.52 (Saving: 00:00.06)

ANALYTICAL_FRAME bridge_failure 108 2.551s
Fra:109 Mem:102.79M (Peak 104.54M) | Time:00:00.46 | Rendering 1 / 12 samples
Fra:109 Mem:102.79M (Peak 104.54M) | Time:00:02.29 | Rendering 12 / 12 samples
Saved: '/tmp/astra-world-v2-analytical/bridge_failure/frame_0109.png'
Time: 00:02.39 (Saving: 00:00.06)

ANALYTICAL_FRAME bridge_failure 109 2.415s
Fra:110 Mem:102.79M (Peak 104.54M) | Time:00:00.43 | Rendering 1 / 12 samples
Fra:110 Mem:102.79M (Peak 104.54M) | Time:00:02.26 | Rendering 12 / 12 samples
Saved: '/tmp/astra-world-v2-analytical/bridge_failure/frame_0110.png'
Time: 00:02.36 (Saving: 00:00.06)

ANALYTICAL_FRAME bridge_failure 110 2.390s
Fra:111 Mem:102.79M (Peak 104.54M) | Time:00:00.48 | Rendering 1 / 12 samples
Fra:111 Mem:102.79M (Peak 104.54M) | Time:00:02.31 | Rendering 12 / 12 samples
Saved: '/tmp/astra-world-v2-analytical/bridge_failure/frame_0111.png'
Time: 00:02.40 (Saving: 00:00.05)

ANALYTICAL_FRAME bridge_failure 111 2.429s
Fra:112 Mem:102.79M (Peak 104.54M) | Time:00:00.45 | Rendering 1 / 12 samples
Fra:112 Mem:102.79M (Peak 104.54M) | Time:00:02.37 | Rendering 12 / 12 samples
Saved: '/tmp/astra-world-v2-analytical/bridge_failure/frame_0112.png'
Time: 00:02.49 (Saving: 00:00.08)

ANALYTICAL_FRAME bridge_failure 112 2.516s
Fra:113 Mem:102.81M (Peak 104.54M) | Time:00:00.46 | Rendering 1 / 12 samples
Fra:113 Mem:102.81M (Peak 104.54M) | Time:00:02.30 | Rendering 12 / 12 samples
Saved: '/tmp/astra-world-v2-analytical/bridge_failure/frame_0113.png'
Time: 00:02.39 (Saving: 00:00.06)

ANALYTICAL_FRAME bridge_failure 113 2.421s
Fra:114 Mem:102.82M (Peak 104.55M) | Time:00:00.40 | Rendering 1 / 12 samples
Fra:114 Mem:102.82M (Peak 104.55M) | Time:00:02.35 | Rendering 12 / 12 samples
Saved: '/tmp/astra-world-v2-analytical/bridge_failure/frame_0114.png'
Time: 00:02.45 (Saving: 00:00.06)

ANALYTICAL_FRAME bridge_failure 114 2.470s
Fra:115 Mem:102.82M (Peak 104.55M) | Time:00:00.42 | Rendering 1 / 12 samples
Fra:115 Mem:102.82M (Peak 104.55M) | Time:00:02.28 | Rendering 12 / 12 samples
Saved: '/tmp/astra-world-v2-analytical/bridge_failure/frame_0115.png'
Time: 00:02.37 (Saving: 00:00.06)

ANALYTICAL_FRAME bridge_failure 115 2.391s
Fra:116 Mem:102.82M (Peak 104.55M) | Time:00:00.43 | Rendering 1 / 12 samples
Fra:116 Mem:102.82M (Peak 104.55M) | Time:00:02.31 | Rendering 12 / 12 samples
Saved: '/tmp/astra-world-v2-analytical/bridge_failure/frame_0116.png'
Time: 00:02.41 (Saving: 00:00.06)

ANALYTICAL_FRAME bridge_failure 116 2.433s
Fra:117 Mem:102.82M (Peak 104.55M) | Time:00:00.41 | Rendering 1 / 12 samples
Fra:117 Mem:102.82M (Peak 104.55M) | Time:00:02.31 | Rendering 12 / 12 samples
Saved: '/tmp/astra-world-v2-analytical/bridge_failure/frame_0117.png'
Time: 00:02.40 (Saving: 00:00.06)

ANALYTICAL_FRAME bridge_failure 117 2.431s
Fra:118 Mem:102.82M (Peak 104.55M) | Time:00:00.42 | Rendering 1 / 12 samples
Fra:118 Mem:102.82M (Peak 104.55M) | Time:00:02.33 | Rendering 12 / 12 samples
Saved: '/tmp/astra-world-v2-analytical/bridge_failure/frame_0118.png'
Time: 00:02.45 (Saving: 00:00.08)

ANALYTICAL_FRAME bridge_failure 118 2.480s
Fra:119 Mem:102.82M (Peak 104.55M) | Time:00:00.45 | Rendering 1 / 12 samples
Fra:119 Mem:102.82M (Peak 104.55M) | Time:00:02.36 | Rendering 12 / 12 samples
Saved: '/tmp/astra-world-v2-analytical/bridge_failure/frame_0119.png'
Time: 00:02.44 (Saving: 00:00.05)

ANALYTICAL_FRAME bridge_failure 119 2.470s
Fra:120 Mem:102.82M (Peak 104.55M) | Time:00:00.40 | Rendering 1 / 12 samples
Fra:120 Mem:102.82M (Peak 104.55M) | Time:00:02.25 | Rendering 12 / 12 samples
Saved: '/tmp/astra-world-v2-analytical/bridge_failure/frame_0120.png'
Time: 00:02.35 (Saving: 00:00.05)

ANALYTICAL_FRAME bridge_failure 120 2.367s
Fra:121 Mem:102.82M (Peak 104.55M) | Time:00:00.41 | Rendering 1 / 12 samples
Fra:121 Mem:102.82M (Peak 104.55M) | Time:00:02.28 | Rendering 12 / 12 samples
Saved: '/tmp/astra-world-v2-analytical/bridge_failure/frame_0121.png'
Time: 00:02.37 (Saving: 00:00.05)

ANALYTICAL_FRAME bridge_failure 121 2.390s
Fra:122 Mem:102.82M (Peak 104.56M) | Time:00:00.39 | Rendering 1 / 12 samples
Fra:122 Mem:102.82M (Peak 104.56M) | Time:00:02.23 | Rendering 12 / 12 samples
Saved: '/tmp/astra-world-v2-analytical/bridge_failure/frame_0122.png'
Time: 00:02.32 (Saving: 00:00.05)

ANALYTICAL_FRAME bridge_failure 122 2.338s
Fra:123 Mem:102.82M (Peak 104.56M) | Time:00:00.40 | Rendering 1 / 12 samples
Fra:123 Mem:102.82M (Peak 104.56M) | Time:00:02.28 | Rendering 12 / 12 samples
Saved: '/tmp/astra-world-v2-analytical/bridge_failure/frame_0123.png'
Time: 00:02.37 (Saving: 00:00.05)

ANALYTICAL_FRAME bridge_failure 123 2.393s
Fra:124 Mem:102.82M (Peak 104.56M) | Time:00:00.41 | Rendering 1 / 12 samples
Fra:124 Mem:102.82M (Peak 104.56M) | Time:00:02.25 | Rendering 12 / 12 samples
Saved: '/tmp/astra-world-v2-analytical/bridge_failure/frame_0124.png'
Time: 00:02.34 (Saving: 00:00.06)

ANALYTICAL_FRAME bridge_failure 124 2.361s
Fra:125 Mem:102.82M (Peak 104.56M) | Time:00:00.39 | Rendering 1 / 12 samples
Fra:125 Mem:102.82M (Peak 104.56M) | Time:00:02.28 | Rendering 12 / 12 samples
Saved: '/tmp/astra-world-v2-analytical/bridge_failure/frame_0125.png'
Time: 00:02.38 (Saving: 00:00.06)

ANALYTICAL_FRAME bridge_failure 125 2.403s
Fra:126 Mem:102.82M (Peak 104.56M) | Time:00:00.41 | Rendering 1 / 12 samples
Fra:126 Mem:102.82M (Peak 104.56M) | Time:00:02.24 | Rendering 12 / 12 samples
Saved: '/tmp/astra-world-v2-analytical/bridge_failure/frame_0126.png'
Time: 00:02.33 (Saving: 00:00.05)

ANALYTICAL_FRAME bridge_failure 126 2.347s
Fra:127 Mem:102.82M (Peak 104.56M) | Time:00:00.40 | Rendering 1 / 12 samples
Fra:127 Mem:102.82M (Peak 104.56M) | Time:00:02.25 | Rendering 12 / 12 samples
Saved: '/tmp/astra-world-v2-analytical/bridge_failure/frame_0127.png'
Time: 00:02.34 (Saving: 00:00.05)

ANALYTICAL_FRAME bridge_failure 127 2.365s
Fra:128 Mem:102.82M (Peak 104.56M) | Time:00:00.39 | Rendering 1 / 12 samples
Fra:128 Mem:102.82M (Peak 104.56M) | Time:00:02.22 | Rendering 12 / 12 samples
Saved: '/tmp/astra-world-v2-analytical/bridge_failure/frame_0128.png'
Time: 00:02.31 (Saving: 00:00.05)

ANALYTICAL_FRAME bridge_failure 128 2.336s
Fra:129 Mem:102.82M (Peak 104.56M) | Time:00:00.40 | Rendering 1 / 12 samples
Fra:129 Mem:102.82M (Peak 104.56M) | Time:00:02.27 | Rendering 12 / 12 samples
Saved: '/tmp/astra-world-v2-analytical/bridge_failure/frame_0129.png'
Time: 00:02.36 (Saving: 00:00.05)

ANALYTICAL_FRAME bridge_failure 129 2.382s
Fra:130 Mem:102.82M (Peak 104.56M) | Time:00:00.40 | Rendering 1 / 12 samples
Fra:130 Mem:102.82M (Peak 104.56M) | Time:00:02.27 | Rendering 12 / 12 samples
Saved: '/tmp/astra-world-v2-analytical/bridge_failure/frame_0130.png'
Time: 00:02.36 (Saving: 00:00.05)

ANALYTICAL_FRAME bridge_failure 130 2.378s
Fra:131 Mem:102.82M (Peak 104.56M) | Time:00:00.40 | Rendering 1 / 12 samples
Fra:131 Mem:102.82M (Peak 104.56M) | Time:00:02.27 | Rendering 12 / 12 samples
Saved: '/tmp/astra-world-v2-analytical/bridge_failure/frame_0131.png'
Time: 00:02.36 (Saving: 00:00.06)

ANALYTICAL_FRAME bridge_failure 131 2.385s
Fra:132 Mem:102.82M (Peak 104.56M) | Time:00:00.40 | Rendering 1 / 12 samples
Fra:132 Mem:102.82M (Peak 104.56M) | Time:00:02.23 | Rendering 12 / 12 samples
Saved: '/tmp/astra-world-v2-analytical/bridge_failure/frame_0132.png'
Time: 00:02.31 (Saving: 00:00.05)

ANALYTICAL_FRAME bridge_failure 132 2.335s
Fra:133 Mem:102.83M (Peak 104.56M) | Time:00:00.40 | Rendering 1 / 12 samples
Fra:133 Mem:102.83M (Peak 104.56M) | Time:00:02.29 | Rendering 12 / 12 samples
Saved: '/tmp/astra-world-v2-analytical/bridge_failure/frame_0133.png'
Time: 00:02.39 (Saving: 00:00.06)

ANALYTICAL_FRAME bridge_failure 133 2.413s
Fra:134 Mem:102.83M (Peak 104.56M) | Time:00:00.43 | Rendering 1 / 12 samples
Fra:134 Mem:102.83M (Peak 104.56M) | Time:00:02.34 | Rendering 12 / 12 samples
Saved: '/tmp/astra-world-v2-analytical/bridge_failure/frame_0134.png'
Time: 00:02.42 (Saving: 00:00.05)

ANALYTICAL_FRAME bridge_failure 134 2.450s
Fra:135 Mem:102.83M (Peak 104.56M) | Time:00:00.41 | Rendering 1 / 12 samples
Fra:135 Mem:102.83M (Peak 104.56M) | Time:00:02.31 | Rendering 12 / 12 samples
Saved: '/tmp/astra-world-v2-analytical/bridge_failure/frame_0135.png'
Time: 00:02.40 (Saving: 00:00.05)

ANALYTICAL_FRAME bridge_failure 135 2.423s
Fra:136 Mem:102.83M (Peak 104.56M) | Time:00:00.42 | Rendering 1 / 12 samples
Fra:136 Mem:102.83M (Peak 104.56M) | Time:00:02.26 | Rendering 12 / 12 samples
Saved: '/tmp/astra-world-v2-analytical/bridge_failure/frame_0136.png'
Time: 00:02.34 (Saving: 00:00.05)

ANALYTICAL_FRAME bridge_failure 136 2.365s
Fra:137 Mem:102.83M (Peak 104.56M) | Time:00:00.39 | Rendering 1 / 12 samples
Fra:137 Mem:102.83M (Peak 104.56M) | Time:00:02.34 | Rendering 12 / 12 samples
Saved: '/tmp/astra-world-v2-analytical/bridge_failure/frame_0137.png'
Time: 00:02.45 (Saving: 00:00.07)

ANALYTICAL_FRAME bridge_failure 137 2.475s
Fra:138 Mem:102.83M (Peak 104.56M) | Time:00:00.44 | Rendering 1 / 12 samples
Fra:138 Mem:102.83M (Peak 104.56M) | Time:00:02.45 | Rendering 12 / 12 samples
Saved: '/tmp/astra-world-v2-analytical/bridge_failure/frame_0138.png'
Time: 00:02.54 (Saving: 00:00.05)

ANALYTICAL_FRAME bridge_failure 138 2.564s
Fra:139 Mem:102.83M (Peak 104.56M) | Time:00:00.44 | Rendering 1 / 12 samples
Fra:139 Mem:102.83M (Peak 104.56M) | Time:00:02.37 | Rendering 12 / 12 samples
Saved: '/tmp/astra-world-v2-analytical/bridge_failure/frame_0139.png'
Time: 00:02.47 (Saving: 00:00.06)

ANALYTICAL_FRAME bridge_failure 139 2.495s
Fra:140 Mem:102.83M (Peak 104.56M) | Time:00:00.41 | Rendering 1 / 12 samples
Fra:140 Mem:102.83M (Peak 104.56M) | Time:00:02.25 | Rendering 12 / 12 samples
Saved: '/tmp/astra-world-v2-analytical/bridge_failure/frame_0140.png'
Time: 00:02.33 (Saving: 00:00.05)

ANALYTICAL_FRAME bridge_failure 140 2.352s
Fra:141 Mem:102.83M (Peak 104.56M) | Time:00:00.40 | Rendering 1 / 12 samples
Fra:141 Mem:102.83M (Peak 104.56M) | Time:00:02.29 | Rendering 12 / 12 samples
Saved: '/tmp/astra-world-v2-analytical/bridge_failure/frame_0141.png'
Time: 00:02.39 (Saving: 00:00.06)

ANALYTICAL_FRAME bridge_failure 141 2.415s
Fra:142 Mem:102.83M (Peak 104.56M) | Time:00:00.43 | Rendering 1 / 12 samples
Fra:142 Mem:102.83M (Peak 104.56M) | Time:00:02.39 | Rendering 12 / 12 samples
Saved: '/tmp/astra-world-v2-analytical/bridge_failure/frame_0142.png'
Time: 00:02.48 (Saving: 00:00.05)

ANALYTICAL_FRAME bridge_failure 142 2.500s
Fra:143 Mem:102.83M (Peak 104.56M) | Time:00:00.42 | Rendering 1 / 12 samples
Fra:143 Mem:102.83M (Peak 104.56M) | Time:00:02.37 | Rendering 12 / 12 samples
Saved: '/tmp/astra-world-v2-analytical/bridge_failure/frame_0143.png'
Time: 00:02.46 (Saving: 00:00.05)

ANALYTICAL_FRAME bridge_failure 143 2.487s
Fra:144 Mem:102.83M (Peak 104.57M) | Time:00:00.42 | Rendering 1 / 12 samples
Fra:144 Mem:102.83M (Peak 104.57M) | Time:00:02.34 | Rendering 12 / 12 samples
Saved: '/tmp/astra-world-v2-analytical/bridge_failure/frame_0144.png'
Time: 00:02.44 (Saving: 00:00.06)

ANALYTICAL_FRAME bridge_failure 144 2.462s
Fra:145 Mem:102.83M (Peak 104.57M) | Time:00:00.43 | Rendering 1 / 12 samples
Fra:145 Mem:102.83M (Peak 104.57M) | Time:00:02.36 | Rendering 12 / 12 samples
Saved: '/tmp/astra-world-v2-analytical/bridge_failure/frame_0145.png'
Time: 00:02.45 (Saving: 00:00.06)

ANALYTICAL_FRAME bridge_failure 145 2.476s
Fra:146 Mem:102.83M (Peak 104.57M) | Time:00:00.44 | Rendering 1 / 12 samples
Fra:146 Mem:102.83M (Peak 104.57M) | Time:00:02.41 | Rendering 12 / 12 samples
Saved: '/tmp/astra-world-v2-analytical/bridge_failure/frame_0146.png'
Time: 00:02.51 (Saving: 00:00.06)

ANALYTICAL_FRAME bridge_failure 146 2.540s
Fra:147 Mem:102.83M (Peak 104.57M) | Time:00:00.44 | Rendering 1 / 12 samples
Fra:147 Mem:102.83M (Peak 104.57M) | Time:00:02.37 | Rendering 12 / 12 samples
Saved: '/tmp/astra-world-v2-analytical/bridge_failure/frame_0147.png'
Time: 00:02.46 (Saving: 00:00.05)

ANALYTICAL_FRAME bridge_failure 147 2.477s
Fra:148 Mem:102.83M (Peak 104.57M) | Time:00:00.44 | Rendering 1 / 12 samples
Fra:148 Mem:102.83M (Peak 104.57M) | Time:00:02.35 | Rendering 12 / 12 samples
Saved: '/tmp/astra-world-v2-analytical/bridge_failure/frame_0148.png'
Time: 00:02.46 (Saving: 00:00.06)

ANALYTICAL_FRAME bridge_failure 148 2.488s
Fra:149 Mem:102.83M (Peak 104.57M) | Time:00:00.41 | Rendering 1 / 12 samples
Fra:149 Mem:102.83M (Peak 104.57M) | Time:00:02.25 | Rendering 12 / 12 samples
Saved: '/tmp/astra-world-v2-analytical/bridge_failure/frame_0149.png'
Time: 00:02.35 (Saving: 00:00.06)

ANALYTICAL_FRAME bridge_failure 149 2.375s
Fra:150 Mem:102.83M (Peak 104.57M) | Time:00:00.42 | Rendering 1 / 12 samples
Fra:150 Mem:102.83M (Peak 104.57M) | Time:00:02.41 | Rendering 12 / 12 samples
Saved: '/tmp/astra-world-v2-analytical/bridge_failure/frame_0150.png'
Time: 00:02.50 (Saving: 00:00.06)

ANALYTICAL_FRAME bridge_failure 150 2.524s
Fra:151 Mem:102.83M (Peak 104.57M) | Time:00:00.41 | Rendering 1 / 12 samples
Fra:151 Mem:102.83M (Peak 104.57M) | Time:00:02.42 | Rendering 12 / 12 samples
Saved: '/tmp/astra-world-v2-analytical/bridge_failure/frame_0151.png'
Time: 00:02.53 (Saving: 00:00.07)

ANALYTICAL_FRAME bridge_failure 151 2.554s
Fra:152 Mem:102.83M (Peak 104.57M) | Time:00:00.43 | Rendering 1 / 12 samples
Fra:152 Mem:102.83M (Peak 104.57M) | Time:00:02.22 | Rendering 12 / 12 samples
Saved: '/tmp/astra-world-v2-analytical/bridge_failure/frame_0152.png'
Time: 00:02.30 (Saving: 00:00.05)

ANALYTICAL_FRAME bridge_failure 152 2.326s
Fra:153 Mem:102.83M (Peak 104.57M) | Time:00:00.31 | Rendering 1 / 12 samples
Fra:153 Mem:102.83M (Peak 104.57M) | Time:00:01.89 | Rendering 12 / 12 samples
Saved: '/tmp/astra-world-v2-analytical/bridge_failure/frame_0153.png'
Time: 00:01.98 (Saving: 00:00.05)

ANALYTICAL_FRAME bridge_failure 153 2.008s
Fra:154 Mem:102.83M (Peak 104.57M) | Time:00:00.39 | Rendering 1 / 12 samples
Fra:154 Mem:102.83M (Peak 104.57M) | Time:00:02.46 | Rendering 12 / 12 samples
Saved: '/tmp/astra-world-v2-analytical/bridge_failure/frame_0154.png'
Time: 00:02.56 (Saving: 00:00.05)

ANALYTICAL_FRAME bridge_failure 154 2.584s
Fra:155 Mem:102.83M (Peak 104.57M) | Time:00:00.42 | Rendering 1 / 12 samples
Fra:155 Mem:102.83M (Peak 104.57M) | Time:00:02.38 | Rendering 12 / 12 samples
Saved: '/tmp/astra-world-v2-analytical/bridge_failure/frame_0155.png'
Time: 00:02.47 (Saving: 00:00.05)

ANALYTICAL_FRAME bridge_failure 155 2.496s
Fra:156 Mem:102.84M (Peak 104.57M) | Time:00:00.43 | Rendering 1 / 12 samples
Fra:156 Mem:102.84M (Peak 104.57M) | Time:00:02.40 | Rendering 12 / 12 samples
Saved: '/tmp/astra-world-v2-analytical/bridge_failure/frame_0156.png'
Time: 00:02.49 (Saving: 00:00.05)

ANALYTICAL_FRAME bridge_failure 156 2.512s
Fra:157 Mem:102.84M (Peak 104.57M) | Time:00:00.48 | Rendering 1 / 12 samples
Fra:157 Mem:102.84M (Peak 104.57M) | Time:00:02.33 | Rendering 12 / 12 samples
Saved: '/tmp/astra-world-v2-analytical/bridge_failure/frame_0157.png'
Time: 00:02.42 (Saving: 00:00.05)

ANALYTICAL_FRAME bridge_failure 157 2.439s
Fra:158 Mem:102.84M (Peak 104.57M) | Time:00:00.39 | Rendering 1 / 12 samples
Fra:158 Mem:102.84M (Peak 104.57M) | Time:00:02.26 | Rendering 12 / 12 samples
Saved: '/tmp/astra-world-v2-analytical/bridge_failure/frame_0158.png'
Time: 00:02.34 (Saving: 00:00.05)

ANALYTICAL_FRAME bridge_failure 158 2.372s
Fra:159 Mem:102.84M (Peak 104.57M) | Time:00:00.40 | Rendering 1 / 12 samples
Fra:159 Mem:102.84M (Peak 104.57M) | Time:00:02.23 | Rendering 12 / 12 samples
Saved: '/tmp/astra-world-v2-analytical/bridge_failure/frame_0159.png'
Time: 00:02.32 (Saving: 00:00.05)

ANALYTICAL_FRAME bridge_failure 159 2.344s
Fra:160 Mem:102.84M (Peak 104.57M) | Time:00:00.42 | Rendering 1 / 12 samples
Fra:160 Mem:102.84M (Peak 104.57M) | Time:00:02.38 | Rendering 12 / 12 samples
Saved: '/tmp/astra-world-v2-analytical/bridge_failure/frame_0160.png'
Time: 00:02.47 (Saving: 00:00.05)

ANALYTICAL_FRAME bridge_failure 160 2.497s
Fra:161 Mem:102.84M (Peak 104.57M) | Time:00:00.40 | Rendering 1 / 12 samples
Fra:161 Mem:102.84M (Peak 104.57M) | Time:00:02.29 | Rendering 12 / 12 samples
Saved: '/tmp/astra-world-v2-analytical/bridge_failure/frame_0161.png'
Time: 00:02.38 (Saving: 00:00.06)

ANALYTICAL_FRAME bridge_failure 161 2.411s
Fra:162 Mem:102.84M (Peak 104.58M) | Time:00:00.49 | Rendering 1 / 12 samples
Fra:162 Mem:102.84M (Peak 104.58M) | Time:00:02.58 | Rendering 12 / 12 samples
Saved: '/tmp/astra-world-v2-analytical/bridge_failure/frame_0162.png'
Time: 00:02.74 (Saving: 00:00.06)

ANALYTICAL_FRAME bridge_failure 162 2.781s
Fra:163 Mem:102.84M (Peak 104.58M) | Time:00:00.38 | Rendering 1 / 12 samples
Fra:163 Mem:102.84M (Peak 104.58M) | Time:00:02.70 | Rendering 12 / 12 samples
Saved: '/tmp/astra-world-v2-analytical/bridge_failure/frame_0163.png'
Time: 00:02.80 (Saving: 00:00.06)

ANALYTICAL_FRAME bridge_failure 163 2.840s
Fra:164 Mem:102.84M (Peak 104.58M) | Time:00:00.53 | Rendering 1 / 12 samples
Fra:164 Mem:102.84M (Peak 104.58M) | Time:00:02.42 | Rendering 12 / 12 samples
Saved: '/tmp/astra-world-v2-analytical/bridge_failure/frame_0164.png'
Time: 00:02.51 (Saving: 00:00.05)

ANALYTICAL_FRAME bridge_failure 164 2.547s
Fra:165 Mem:102.84M (Peak 104.58M) | Time:00:00.41 | Rendering 1 / 12 samples
Fra:165 Mem:102.84M (Peak 104.58M) | Time:00:02.32 | Rendering 12 / 12 samples
Saved: '/tmp/astra-world-v2-analytical/bridge_failure/frame_0165.png'
Time: 00:02.41 (Saving: 00:00.05)

ANALYTICAL_FRAME bridge_failure 165 2.437s
Fra:166 Mem:102.84M (Peak 104.58M) | Time:00:00.53 | Rendering 1 / 12 samples
Fra:166 Mem:102.84M (Peak 104.58M) | Time:00:02.43 | Rendering 12 / 12 samples
Saved: '/tmp/astra-world-v2-analytical/bridge_failure/frame_0166.png'
Time: 00:02.53 (Saving: 00:00.06)

ANALYTICAL_FRAME bridge_failure 166 2.557s
Fra:167 Mem:102.84M (Peak 104.58M) | Time:00:00.40 | Rendering 1 / 12 samples
Fra:167 Mem:102.84M (Peak 104.58M) | Time:00:02.30 | Rendering 12 / 12 samples
Saved: '/tmp/astra-world-v2-analytical/bridge_failure/frame_0167.png'
Time: 00:02.39 (Saving: 00:00.05)

ANALYTICAL_FRAME bridge_failure 167 2.416s
Fra:168 Mem:102.84M (Peak 104.58M) | Time:00:00.42 | Rendering 1 / 12 samples
Fra:168 Mem:102.84M (Peak 104.58M) | Time:00:02.32 | Rendering 12 / 12 samples
Saved: '/tmp/astra-world-v2-analytical/bridge_failure/frame_0168.png'
Time: 00:02.40 (Saving: 00:00.05)

ANALYTICAL_FRAME bridge_failure 168 2.429s
Fra:169 Mem:102.84M (Peak 104.58M) | Time:00:00.37 | Rendering 1 / 12 samples
Fra:169 Mem:102.84M (Peak 104.58M) | Time:00:02.24 | Rendering 12 / 12 samples
Saved: '/tmp/astra-world-v2-analytical/bridge_failure/frame_0169.png'
Time: 00:02.34 (Saving: 00:00.06)

ANALYTICAL_FRAME bridge_failure 169 2.361s
Fra:170 Mem:102.84M (Peak 104.58M) | Time:00:00.40 | Rendering 1 / 12 samples
Fra:170 Mem:102.84M (Peak 104.58M) | Time:00:02.34 | Rendering 12 / 12 samples
Saved: '/tmp/astra-world-v2-analytical/bridge_failure/frame_0170.png'
Time: 00:02.44 (Saving: 00:00.06)

ANALYTICAL_FRAME bridge_failure 170 2.475s
Fra:171 Mem:102.84M (Peak 104.58M) | Time:00:00.45 | Rendering 1 / 12 samples
Fra:171 Mem:102.84M (Peak 104.58M) | Time:00:02.32 | Rendering 12 / 12 samples
Saved: '/tmp/astra-world-v2-analytical/bridge_failure/frame_0171.png'
Time: 00:02.42 (Saving: 00:00.05)

ANALYTICAL_FRAME bridge_failure 171 2.443s
Fra:172 Mem:102.84M (Peak 104.58M) | Time:00:00.38 | Rendering 1 / 12 samples
Fra:172 Mem:102.84M (Peak 104.58M) | Time:00:02.29 | Rendering 12 / 12 samples
Saved: '/tmp/astra-world-v2-analytical/bridge_failure/frame_0172.png'
Time: 00:02.37 (Saving: 00:00.05)

ANALYTICAL_FRAME bridge_failure 172 2.400s
Fra:173 Mem:102.84M (Peak 104.58M) | Time:00:00.39 | Rendering 1 / 12 samples
Fra:173 Mem:102.84M (Peak 104.58M) | Time:00:02.39 | Rendering 12 / 12 samples
Saved: '/tmp/astra-world-v2-analytical/bridge_failure/frame_0173.png'
Time: 00:02.50 (Saving: 00:00.08)

ANALYTICAL_FRAME bridge_failure 173 2.524s
Fra:174 Mem:102.84M (Peak 104.58M) | Time:00:00.57 | Rendering 1 / 12 samples
Fra:174 Mem:102.84M (Peak 104.58M) | Time:00:02.73 | Rendering 12 / 12 samples
Saved: '/tmp/astra-world-v2-analytical/bridge_failure/frame_0174.png'
Time: 00:02.82 (Saving: 00:00.05)

ANALYTICAL_FRAME bridge_failure 174 2.843s
Fra:175 Mem:102.84M (Peak 104.58M) | Time:00:00.49 | Rendering 1 / 12 samples
Fra:175 Mem:102.84M (Peak 104.58M) | Time:00:02.72 | Rendering 12 / 12 samples
Saved: '/tmp/astra-world-v2-analytical/bridge_failure/frame_0175.png'
Time: 00:02.81 (Saving: 00:00.06)

ANALYTICAL_FRAME bridge_failure 175 2.841s
Fra:176 Mem:102.84M (Peak 104.58M) | Time:00:00.42 | Rendering 1 / 12 samples
Fra:176 Mem:102.84M (Peak 104.58M) | Time:00:02.30 | Rendering 12 / 12 samples
Saved: '/tmp/astra-world-v2-analytical/bridge_failure/frame_0176.png'
Time: 00:02.39 (Saving: 00:00.05)

ANALYTICAL_FRAME bridge_failure 176 2.411s
Fra:177 Mem:102.84M (Peak 104.58M) | Time:00:00.38 | Rendering 1 / 12 samples
Fra:177 Mem:102.84M (Peak 104.58M) | Time:00:02.31 | Rendering 12 / 12 samples
Saved: '/tmp/astra-world-v2-analytical/bridge_failure/frame_0177.png'
Time: 00:02.42 (Saving: 00:00.07)

ANALYTICAL_FRAME bridge_failure 177 2.449s
Fra:178 Mem:102.84M (Peak 104.58M) | Time:00:00.44 | Rendering 1 / 12 samples
Fra:178 Mem:102.84M (Peak 104.58M) | Time:00:02.32 | Rendering 12 / 12 samples
Saved: '/tmp/astra-world-v2-analytical/bridge_failure/frame_0178.png'
Time: 00:02.40 (Saving: 00:00.05)

ANALYTICAL_FRAME bridge_failure 178 2.424s
Fra:179 Mem:102.84M (Peak 104.58M) | Time:00:00.40 | Rendering 1 / 12 samples
Fra:179 Mem:102.84M (Peak 104.58M) | Time:00:02.69 | Rendering 12 / 12 samples
Saved: '/tmp/astra-world-v2-analytical/bridge_failure/frame_0179.png'
Time: 00:02.79 (Saving: 00:00.06)

ANALYTICAL_FRAME bridge_failure 179 2.824s
Fra:180 Mem:102.84M (Peak 104.58M) | Time:00:00.52 | Rendering 1 / 12 samples
Fra:180 Mem:102.84M (Peak 104.58M) | Time:00:02.40 | Rendering 12 / 12 samples
Saved: '/tmp/astra-world-v2-analytical/bridge_failure/frame_0180.png'
Time: 00:02.49 (Saving: 00:00.05)

ANALYTICAL_FRAME bridge_failure 180 2.517s
Fra:181 Mem:102.85M (Peak 104.58M) | Time:00:00.39 | Rendering 1 / 12 samples
Fra:181 Mem:102.85M (Peak 104.58M) | Time:00:02.26 | Rendering 12 / 12 samples
Saved: '/tmp/astra-world-v2-analytical/bridge_failure/frame_0181.png'
Time: 00:02.37 (Saving: 00:00.07)

ANALYTICAL_FRAME bridge_failure 181 2.397s
Fra:182 Mem:102.85M (Peak 104.58M) | Time:00:00.58 | Rendering 1 / 12 samples
Fra:182 Mem:102.85M (Peak 104.58M) | Time:00:03.08 | Rendering 12 / 12 samples
Saved: '/tmp/astra-world-v2-analytical/bridge_failure/frame_0182.png'
Time: 00:03.19 (Saving: 00:00.06)

ANALYTICAL_FRAME bridge_failure 182 3.215s
Fra:183 Mem:102.85M (Peak 104.58M) | Time:00:00.41 | Rendering 1 / 12 samples
Fra:183 Mem:102.85M (Peak 104.58M) | Time:00:02.29 | Rendering 12 / 12 samples
Saved: '/tmp/astra-world-v2-analytical/bridge_failure/frame_0183.png'
Time: 00:02.40 (Saving: 00:00.06)

ANALYTICAL_FRAME bridge_failure 183 2.426s
Fra:184 Mem:102.85M (Peak 104.58M) | Time:00:00.54 | Rendering 1 / 12 samples
Fra:184 Mem:102.85M (Peak 104.58M) | Time:00:02.50 | Rendering 12 / 12 samples
Saved: '/tmp/astra-world-v2-analytical/bridge_failure/frame_0184.png'
Time: 00:02.60 (Saving: 00:00.06)

ANALYTICAL_FRAME bridge_failure 184 2.631s
Fra:185 Mem:102.85M (Peak 104.58M) | Time:00:00.45 | Rendering 1 / 12 samples
Fra:185 Mem:102.85M (Peak 104.58M) | Time:00:02.37 | Rendering 12 / 12 samples
Saved: '/tmp/astra-world-v2-analytical/bridge_failure/frame_0185.png'
Time: 00:02.47 (Saving: 00:00.05)

ANALYTICAL_FRAME bridge_failure 185 2.498s
Fra:186 Mem:102.85M (Peak 104.58M) | Time:00:00.41 | Rendering 1 / 12 samples
Fra:186 Mem:102.85M (Peak 104.58M) | Time:00:02.30 | Rendering 12 / 12 samples
Saved: '/tmp/astra-world-v2-analytical/bridge_failure/frame_0186.png'
Time: 00:02.38 (Saving: 00:00.05)

ANALYTICAL_FRAME bridge_failure 186 2.406s
Fra:187 Mem:102.85M (Peak 104.59M) | Time:00:00.40 | Rendering 1 / 12 samples
Fra:187 Mem:102.85M (Peak 104.59M) | Time:00:02.32 | Rendering 12 / 12 samples
Saved: '/tmp/astra-world-v2-analytical/bridge_failure/frame_0187.png'
Time: 00:02.44 (Saving: 00:00.06)

ANALYTICAL_FRAME bridge_failure 187 2.466s
Fra:188 Mem:102.85M (Peak 104.59M) | Time:00:00.43 | Rendering 1 / 12 samples
Fra:188 Mem:102.85M (Peak 104.59M) | Time:00:02.35 | Rendering 12 / 12 samples
Saved: '/tmp/astra-world-v2-analytical/bridge_failure/frame_0188.png'
Time: 00:02.44 (Saving: 00:00.05)

ANALYTICAL_FRAME bridge_failure 188 2.464s
Fra:189 Mem:102.85M (Peak 104.59M) | Time:00:00.40 | Rendering 1 / 12 samples
Fra:189 Mem:102.85M (Peak 104.59M) | Time:00:02.31 | Rendering 12 / 12 samples
Saved: '/tmp/astra-world-v2-analytical/bridge_failure/frame_0189.png'
Time: 00:02.40 (Saving: 00:00.06)

ANALYTICAL_FRAME bridge_failure 189 2.427s
Fra:190 Mem:102.85M (Peak 104.59M) | Time:00:00.42 | Rendering 1 / 12 samples
Fra:190 Mem:102.85M (Peak 104.59M) | Time:00:02.34 | Rendering 12 / 12 samples
Saved: '/tmp/astra-world-v2-analytical/bridge_failure/frame_0190.png'
Time: 00:02.43 (Saving: 00:00.05)

ANALYTICAL_FRAME bridge_failure 190 2.455s
Fra:191 Mem:102.85M (Peak 104.59M) | Time:00:00.44 | Rendering 1 / 12 samples
Fra:191 Mem:102.85M (Peak 104.59M) | Time:00:02.35 | Rendering 12 / 12 samples
Saved: '/tmp/astra-world-v2-analytical/bridge_failure/frame_0191.png'
Time: 00:02.51 (Saving: 00:00.13)

ANALYTICAL_FRAME bridge_failure 191 2.541s
Fra:192 Mem:102.85M (Peak 104.59M) | Time:00:00.42 | Rendering 1 / 12 samples
Fra:192 Mem:102.85M (Peak 104.59M) | Time:00:02.32 | Rendering 12 / 12 samples
Saved: '/tmp/astra-world-v2-analytical/bridge_failure/frame_0192.png'
Time: 00:02.41 (Saving: 00:00.05)

ANALYTICAL_FRAME bridge_failure 192 2.435s
Fra:193 Mem:102.85M (Peak 104.59M) | Time:00:00.39 | Rendering 1 / 12 samples
Fra:193 Mem:102.85M (Peak 104.59M) | Time:00:02.29 | Rendering 12 / 12 samples
Saved: '/tmp/astra-world-v2-analytical/bridge_failure/frame_0193.png'
Time: 00:02.39 (Saving: 00:00.06)

ANALYTICAL_FRAME bridge_failure 193 2.419s
Fra:194 Mem:102.85M (Peak 104.59M) | Time:00:00.41 | Rendering 1 / 12 samples
Fra:194 Mem:102.85M (Peak 104.59M) | Time:00:02.32 | Rendering 12 / 12 samples
Saved: '/tmp/astra-world-v2-analytical/bridge_failure/frame_0194.png'
Time: 00:02.41 (Saving: 00:00.05)

ANALYTICAL_FRAME bridge_failure 194 2.432s
Fra:195 Mem:102.85M (Peak 104.59M) | Time:00:00.39 | Rendering 1 / 12 samples
Fra:195 Mem:102.85M (Peak 104.59M) | Time:00:02.28 | Rendering 12 / 12 samples
Saved: '/tmp/astra-world-v2-analytical/bridge_failure/frame_0195.png'
Time: 00:02.38 (Saving: 00:00.06)

ANALYTICAL_FRAME bridge_failure 195 2.407s
Fra:196 Mem:102.85M (Peak 104.59M) | Time:00:00.44 | Rendering 1 / 12 samples
Fra:196 Mem:102.85M (Peak 104.59M) | Time:00:02.31 | Rendering 12 / 12 samples
Saved: '/tmp/astra-world-v2-analytical/bridge_failure/frame_0196.png'
Time: 00:02.40 (Saving: 00:00.05)

ANALYTICAL_FRAME bridge_failure 196 2.425s
Fra:197 Mem:102.85M (Peak 104.59M) | Time:00:00.42 | Rendering 1 / 12 samples
Fra:197 Mem:102.85M (Peak 104.59M) | Time:00:02.29 | Rendering 12 / 12 samples
Saved: '/tmp/astra-world-v2-analytical/bridge_failure/frame_0197.png'
Time: 00:02.37 (Saving: 00:00.05)

ANALYTICAL_FRAME bridge_failure 197 2.402s
Fra:198 Mem:102.85M (Peak 104.59M) | Time:00:00.46 | Rendering 1 / 12 samples
Fra:198 Mem:102.85M (Peak 104.59M) | Time:00:02.33 | Rendering 12 / 12 samples
Saved: '/tmp/astra-world-v2-analytical/bridge_failure/frame_0198.png'
Time: 00:02.42 (Saving: 00:00.05)

ANALYTICAL_FRAME bridge_failure 198 2.450s
Fra:199 Mem:102.85M (Peak 104.59M) | Time:00:00.43 | Rendering 1 / 12 samples
Fra:199 Mem:102.85M (Peak 104.59M) | Time:00:02.26 | Rendering 12 / 12 samples
Saved: '/tmp/astra-world-v2-analytical/bridge_failure/frame_0199.png'
Time: 00:02.35 (Saving: 00:00.05)

ANALYTICAL_FRAME bridge_failure 199 2.376s
Fra:200 Mem:102.85M (Peak 104.59M) | Time:00:00.41 | Rendering 1 / 12 samples
Fra:200 Mem:102.85M (Peak 104.59M) | Time:00:02.34 | Rendering 12 / 12 samples
Saved: '/tmp/astra-world-v2-analytical/bridge_failure/frame_0200.png'
Time: 00:02.43 (Saving: 00:00.06)

ANALYTICAL_FRAME bridge_failure 200 2.460s
Fra:201 Mem:102.85M (Peak 104.59M) | Time:00:00.38 | Rendering 1 / 12 samples
Fra:201 Mem:102.85M (Peak 104.59M) | Time:00:02.25 | Rendering 12 / 12 samples
Saved: '/tmp/astra-world-v2-analytical/bridge_failure/frame_0201.png'
Time: 00:02.34 (Saving: 00:00.05)

ANALYTICAL_FRAME bridge_failure 201 2.367s
Fra:202 Mem:102.85M (Peak 104.59M) | Time:00:00.43 | Rendering 1 / 12 samples
Fra:202 Mem:102.85M (Peak 104.59M) | Time:00:02.32 | Rendering 12 / 12 samples
Saved: '/tmp/astra-world-v2-analytical/bridge_failure/frame_0202.png'
Time: 00:02.42 (Saving: 00:00.05)

ANALYTICAL_FRAME bridge_failure 202 2.443s
Fra:203 Mem:102.85M (Peak 104.59M) | Time:00:00.41 | Rendering 1 / 12 samples
Fra:203 Mem:102.85M (Peak 104.59M) | Time:00:02.25 | Rendering 12 / 12 samples
Saved: '/tmp/astra-world-v2-analytical/bridge_failure/frame_0203.png'
Time: 00:02.33 (Saving: 00:00.05)

ANALYTICAL_FRAME bridge_failure 203 2.357s
Fra:204 Mem:102.85M (Peak 104.59M) | Time:00:00.38 | Rendering 1 / 12 samples
Fra:204 Mem:102.85M (Peak 104.59M) | Time:00:02.28 | Rendering 12 / 12 samples
Saved: '/tmp/astra-world-v2-analytical/bridge_failure/frame_0204.png'
Time: 00:02.37 (Saving: 00:00.05)

ANALYTICAL_FRAME bridge_failure 204 2.392s
Fra:205 Mem:102.85M (Peak 104.59M) | Time:00:00.40 | Rendering 1 / 12 samples
Fra:205 Mem:102.85M (Peak 104.59M) | Time:00:02.22 | Rendering 12 / 12 samples
Saved: '/tmp/astra-world-v2-analytical/bridge_failure/frame_0205.png'
Time: 00:02.31 (Saving: 00:00.05)

ANALYTICAL_FRAME bridge_failure 205 2.334s
Fra:206 Mem:102.85M (Peak 104.59M) | Time:00:00.39 | Rendering 1 / 12 samples
Fra:206 Mem:102.85M (Peak 104.59M) | Time:00:02.27 | Rendering 12 / 12 samples
Saved: '/tmp/astra-world-v2-analytical/bridge_failure/frame_0206.png'
Time: 00:02.36 (Saving: 00:00.05)

ANALYTICAL_FRAME bridge_failure 206 2.380s
Fra:207 Mem:102.85M (Peak 104.59M) | Time:00:00.39 | Rendering 1 / 12 samples
Fra:207 Mem:102.85M (Peak 104.59M) | Time:00:02.23 | Rendering 12 / 12 samples
Saved: '/tmp/astra-world-v2-analytical/bridge_failure/frame_0207.png'
Time: 00:02.32 (Saving: 00:00.06)

ANALYTICAL_FRAME bridge_failure 207 2.343s
Fra:208 Mem:102.85M (Peak 104.59M) | Time:00:00.42 | Rendering 1 / 12 samples
Fra:208 Mem:102.85M (Peak 104.59M) | Time:00:02.31 | Rendering 12 / 12 samples
Saved: '/tmp/astra-world-v2-analytical/bridge_failure/frame_0208.png'
Time: 00:02.40 (Saving: 00:00.05)

ANALYTICAL_FRAME bridge_failure 208 2.421s
Fra:209 Mem:102.85M (Peak 104.59M) | Time:00:00.39 | Rendering 1 / 12 samples
Fra:209 Mem:102.85M (Peak 104.59M) | Time:00:02.24 | Rendering 12 / 12 samples
Saved: '/tmp/astra-world-v2-analytical/bridge_failure/frame_0209.png'
Time: 00:02.33 (Saving: 00:00.05)

ANALYTICAL_FRAME bridge_failure 209 2.351s
Fra:210 Mem:102.85M (Peak 104.59M) | Time:00:00.42 | Rendering 1 / 12 samples
Fra:210 Mem:102.85M (Peak 104.59M) | Time:00:02.33 | Rendering 12 / 12 samples
Saved: '/tmp/astra-world-v2-analytical/bridge_failure/frame_0210.png'
Time: 00:02.42 (Saving: 00:00.06)

ANALYTICAL_FRAME bridge_failure 210 2.444s
Fra:211 Mem:102.85M (Peak 104.59M) | Time:00:00.38 | Rendering 1 / 12 samples
Fra:211 Mem:102.85M (Peak 104.59M) | Time:00:02.27 | Rendering 12 / 12 samples
Saved: '/tmp/astra-world-v2-analytical/bridge_failure/frame_0211.png'
Time: 00:02.36 (Saving: 00:00.05)

ANALYTICAL_FRAME bridge_failure 211 2.387s
Fra:212 Mem:102.85M (Peak 104.59M) | Time:00:00.45 | Rendering 1 / 12 samples
Fra:212 Mem:102.85M (Peak 104.59M) | Time:00:02.33 | Rendering 12 / 12 samples
Saved: '/tmp/astra-world-v2-analytical/bridge_failure/frame_0212.png'
Time: 00:02.42 (Saving: 00:00.05)

ANALYTICAL_FRAME bridge_failure 212 2.449s
Fra:213 Mem:102.85M (Peak 104.59M) | Time:00:00.39 | Rendering 1 / 12 samples
Fra:213 Mem:102.85M (Peak 104.59M) | Time:00:02.22 | Rendering 12 / 12 samples
Saved: '/tmp/astra-world-v2-analytical/bridge_failure/frame_0213.png'
Time: 00:02.31 (Saving: 00:00.05)

ANALYTICAL_FRAME bridge_failure 213 2.330s
Fra:214 Mem:102.85M (Peak 104.59M) | Time:00:00.40 | Rendering 1 / 12 samples
Fra:214 Mem:102.85M (Peak 104.59M) | Time:00:02.32 | Rendering 12 / 12 samples
Saved: '/tmp/astra-world-v2-analytical/bridge_failure/frame_0214.png'
Time: 00:02.41 (Saving: 00:00.05)

ANALYTICAL_FRAME bridge_failure 214 2.430s
Fra:215 Mem:102.85M (Peak 104.59M) | Time:00:00.42 | Rendering 1 / 12 samples
Fra:215 Mem:102.85M (Peak 104.59M) | Time:00:02.27 | Rendering 12 / 12 samples
Saved: '/tmp/astra-world-v2-analytical/bridge_failure/frame_0215.png'
Time: 00:02.37 (Saving: 00:00.06)

ANALYTICAL_FRAME bridge_failure 215 2.390s
Fra:216 Mem:102.85M (Peak 104.59M) | Time:00:00.40 | Rendering 1 / 12 samples
Fra:216 Mem:102.85M (Peak 104.59M) | Time:00:02.29 | Rendering 12 / 12 samples
Saved: '/tmp/astra-world-v2-analytical/bridge_failure/frame_0216.png'
Time: 00:02.38 (Saving: 00:00.05)

ANALYTICAL_FRAME bridge_failure 216 2.409s
Fra:217 Mem:102.85M (Peak 104.59M) | Time:00:00.42 | Rendering 1 / 12 samples
Fra:217 Mem:102.85M (Peak 104.59M) | Time:00:02.26 | Rendering 12 / 12 samples
Saved: '/tmp/astra-world-v2-analytical/bridge_failure/frame_0217.png'
Time: 00:02.35 (Saving: 00:00.05)

ANALYTICAL_FRAME bridge_failure 217 2.376s
Fra:218 Mem:102.85M (Peak 104.59M) | Time:00:00.41 | Rendering 1 / 12 samples
Fra:218 Mem:102.85M (Peak 104.59M) | Time:00:02.30 | Rendering 12 / 12 samples
Saved: '/tmp/astra-world-v2-analytical/bridge_failure/frame_0218.png'
Time: 00:02.39 (Saving: 00:00.05)

ANALYTICAL_FRAME bridge_failure 218 2.411s
Fra:219 Mem:102.85M (Peak 104.59M) | Time:00:00.42 | Rendering 1 / 12 samples
Fra:219 Mem:102.85M (Peak 104.59M) | Time:00:02.27 | Rendering 12 / 12 samples
Saved: '/tmp/astra-world-v2-analytical/bridge_failure/frame_0219.png'
Time: 00:02.36 (Saving: 00:00.05)

ANALYTICAL_FRAME bridge_failure 219 2.388s
Fra:220 Mem:102.85M (Peak 104.59M) | Time:00:00.41 | Rendering 1 / 12 samples
Fra:220 Mem:102.85M (Peak 104.59M) | Time:00:02.35 | Rendering 12 / 12 samples
Saved: '/tmp/astra-world-v2-analytical/bridge_failure/frame_0220.png'
Time: 00:02.45 (Saving: 00:00.06)

ANALYTICAL_FRAME bridge_failure 220 2.470s
Fra:221 Mem:102.85M (Peak 104.59M) | Time:00:00.44 | Rendering 1 / 12 samples
Fra:221 Mem:102.85M (Peak 104.59M) | Time:00:02.29 | Rendering 12 / 12 samples
Saved: '/tmp/astra-world-v2-analytical/bridge_failure/frame_0221.png'
Time: 00:02.37 (Saving: 00:00.05)

ANALYTICAL_FRAME bridge_failure 221 2.394s
Fra:222 Mem:102.85M (Peak 104.59M) | Time:00:00.39 | Rendering 1 / 12 samples
Fra:222 Mem:102.85M (Peak 104.59M) | Time:00:02.22 | Rendering 12 / 12 samples
Saved: '/tmp/astra-world-v2-analytical/bridge_failure/frame_0222.png'
Time: 00:02.31 (Saving: 00:00.05)

ANALYTICAL_FRAME bridge_failure 222 2.330s
Fra:223 Mem:102.85M (Peak 104.59M) | Time:00:00.41 | Rendering 1 / 12 samples
Fra:223 Mem:102.85M (Peak 104.59M) | Time:00:02.27 | Rendering 12 / 12 samples
Saved: '/tmp/astra-world-v2-analytical/bridge_failure/frame_0223.png'
Time: 00:02.39 (Saving: 00:00.07)

ANALYTICAL_FRAME bridge_failure 223 2.417s
Fra:224 Mem:102.85M (Peak 104.59M) | Time:00:00.42 | Rendering 1 / 12 samples
Fra:224 Mem:102.85M (Peak 104.59M) | Time:00:02.34 | Rendering 12 / 12 samples
Saved: '/tmp/astra-world-v2-analytical/bridge_failure/frame_0224.png'
Time: 00:02.42 (Saving: 00:00.05)

ANALYTICAL_FRAME bridge_failure 224 2.449s
FRAME_VALIDATION_PASS: 224 decoded, nonblank 960x540 frames
Read blend: "/home/naresh/Documents/nareshpane.github.io/research/gpt-6-astra-blender/blender/city_master.blend"
Fra:1 Mem:105.01M (Peak 107.16M) | Time:00:00.41 | Rendering 1 / 12 samples
Fra:1 Mem:105.01M (Peak 107.16M) | Time:00:02.31 | Rendering 12 / 12 samples
Saved: '/tmp/astra-world-v2-analytical/transit_accessibility/frame_0001.png'
Time: 00:02.40 (Saving: 00:00.05)

Info: Saved as "transit_accessibility.blend"
ANALYTICAL_FRAME transit_accessibility 1 2.420s
Fra:2 Mem:105.01M (Peak 107.16M) | Time:00:00.41 | Rendering 1 / 12 samples
Fra:2 Mem:105.01M (Peak 107.16M) | Time:00:02.32 | Rendering 12 / 12 samples
Saved: '/tmp/astra-world-v2-analytical/transit_accessibility/frame_0002.png'
Time: 00:02.41 (Saving: 00:00.05)

ANALYTICAL_FRAME transit_accessibility 2 2.442s
Fra:3 Mem:105.01M (Peak 107.16M) | Time:00:00.45 | Rendering 1 / 12 samples
Fra:3 Mem:105.01M (Peak 107.16M) | Time:00:02.30 | Rendering 12 / 12 samples
Saved: '/tmp/astra-world-v2-analytical/transit_accessibility/frame_0003.png'
Time: 00:02.39 (Saving: 00:00.05)

ANALYTICAL_FRAME transit_accessibility 3 2.421s
Fra:4 Mem:105.01M (Peak 107.16M) | Time:00:00.40 | Rendering 1 / 12 samples
Fra:4 Mem:105.01M (Peak 107.16M) | Time:00:02.26 | Rendering 12 / 12 samples
Saved: '/tmp/astra-world-v2-analytical/transit_accessibility/frame_0004.png'
Time: 00:02.38 (Saving: 00:00.07)

ANALYTICAL_FRAME transit_accessibility 4 2.412s
Fra:5 Mem:105.01M (Peak 107.16M) | Time:00:00.44 | Rendering 1 / 12 samples
Fra:5 Mem:105.01M (Peak 107.16M) | Time:00:02.27 | Rendering 12 / 12 samples
Saved: '/tmp/astra-world-v2-analytical/transit_accessibility/frame_0005.png'
Time: 00:02.35 (Saving: 00:00.05)

ANALYTICAL_FRAME transit_accessibility 5 2.378s
Fra:6 Mem:105.01M (Peak 107.16M) | Time:00:00.39 | Rendering 1 / 12 samples
Fra:6 Mem:105.01M (Peak 107.16M) | Time:00:02.25 | Rendering 12 / 12 samples
Saved: '/tmp/astra-world-v2-analytical/transit_accessibility/frame_0006.png'
Time: 00:02.33 (Saving: 00:00.05)

ANALYTICAL_FRAME transit_accessibility 6 2.359s
Fra:7 Mem:105.01M (Peak 107.16M) | Time:00:00.42 | Rendering 1 / 12 samples
Fra:7 Mem:105.01M (Peak 107.16M) | Time:00:02.24 | Rendering 12 / 12 samples
Saved: '/tmp/astra-world-v2-analytical/transit_accessibility/frame_0007.png'
Time: 00:02.32 (Saving: 00:00.05)

ANALYTICAL_FRAME transit_accessibility 7 2.350s
Fra:8 Mem:105.01M (Peak 107.16M) | Time:00:00.40 | Rendering 1 / 12 samples
Fra:8 Mem:105.01M (Peak 107.16M) | Time:00:02.24 | Rendering 12 / 12 samples
Saved: '/tmp/astra-world-v2-analytical/transit_accessibility/frame_0008.png'
Time: 00:02.33 (Saving: 00:00.05)

ANALYTICAL_FRAME transit_accessibility 8 2.353s
Fra:9 Mem:105.01M (Peak 107.16M) | Time:00:00.43 | Rendering 1 / 12 samples
Fra:9 Mem:105.01M (Peak 107.16M) | Time:00:02.27 | Rendering 12 / 12 samples
Saved: '/tmp/astra-world-v2-analytical/transit_accessibility/frame_0009.png'
Time: 00:02.35 (Saving: 00:00.05)

ANALYTICAL_FRAME transit_accessibility 9 2.383s
Fra:10 Mem:105.01M (Peak 107.16M) | Time:00:00.39 | Rendering 1 / 12 samples
Fra:10 Mem:105.01M (Peak 107.16M) | Time:00:02.22 | Rendering 12 / 12 samples
Saved: '/tmp/astra-world-v2-analytical/transit_accessibility/frame_0010.png'
Time: 00:02.31 (Saving: 00:00.05)

ANALYTICAL_FRAME transit_accessibility 10 2.329s
Fra:11 Mem:105.01M (Peak 107.16M) | Time:00:00.42 | Rendering 1 / 12 samples
Fra:11 Mem:105.01M (Peak 107.16M) | Time:00:02.26 | Rendering 12 / 12 samples
Saved: '/tmp/astra-world-v2-analytical/transit_accessibility/frame_0011.png'
Time: 00:02.34 (Saving: 00:00.05)

ANALYTICAL_FRAME transit_accessibility 11 2.367s
Fra:12 Mem:105.01M (Peak 107.16M) | Time:00:00.40 | Rendering 1 / 12 samples
Fra:12 Mem:105.01M (Peak 107.16M) | Time:00:02.22 | Rendering 12 / 12 samples
Saved: '/tmp/astra-world-v2-analytical/transit_accessibility/frame_0012.png'
Time: 00:02.31 (Saving: 00:00.05)

ANALYTICAL_FRAME transit_accessibility 12 2.335s
Fra:13 Mem:105.01M (Peak 107.16M) | Time:00:00.41 | Rendering 1 / 12 samples
Fra:13 Mem:105.01M (Peak 107.16M) | Time:00:02.27 | Rendering 12 / 12 samples
Saved: '/tmp/astra-world-v2-analytical/transit_accessibility/frame_0013.png'
Time: 00:02.35 (Saving: 00:00.05)

ANALYTICAL_FRAME transit_accessibility 13 2.379s
Fra:14 Mem:105.01M (Peak 107.16M) | Time:00:00.41 | Rendering 1 / 12 samples
Fra:14 Mem:105.01M (Peak 107.16M) | Time:00:02.22 | Rendering 12 / 12 samples
Saved: '/tmp/astra-world-v2-analytical/transit_accessibility/frame_0014.png'
Time: 00:02.31 (Saving: 00:00.04)

ANALYTICAL_FRAME transit_accessibility 14 2.330s
Fra:15 Mem:105.01M (Peak 107.16M) | Time:00:00.41 | Rendering 1 / 12 samples
Fra:15 Mem:105.01M (Peak 107.16M) | Time:00:02.26 | Rendering 12 / 12 samples
Saved: '/tmp/astra-world-v2-analytical/transit_accessibility/frame_0015.png'
Time: 00:02.35 (Saving: 00:00.05)

ANALYTICAL_FRAME transit_accessibility 15 2.372s
Fra:16 Mem:105.01M (Peak 107.16M) | Time:00:00.40 | Rendering 1 / 12 samples
Fra:16 Mem:105.01M (Peak 107.16M) | Time:00:02.22 | Rendering 12 / 12 samples
Saved: '/tmp/astra-world-v2-analytical/transit_accessibility/frame_0016.png'
Time: 00:02.30 (Saving: 00:00.05)

ANALYTICAL_FRAME transit_accessibility 16 2.322s
Fra:17 Mem:105.01M (Peak 107.16M) | Time:00:00.40 | Rendering 1 / 12 samples
Fra:17 Mem:105.01M (Peak 107.16M) | Time:00:02.27 | Rendering 12 / 12 samples
Saved: '/tmp/astra-world-v2-analytical/transit_accessibility/frame_0017.png'
Time: 00:02.36 (Saving: 00:00.06)

ANALYTICAL_FRAME transit_accessibility 17 2.385s
Fra:18 Mem:105.01M (Peak 107.16M) | Time:00:00.40 | Rendering 1 / 12 samples
Fra:18 Mem:105.01M (Peak 107.16M) | Time:00:02.21 | Rendering 12 / 12 samples
Saved: '/tmp/astra-world-v2-analytical/transit_accessibility/frame_0018.png'
Time: 00:02.29 (Saving: 00:00.05)

ANALYTICAL_FRAME transit_accessibility 18 2.318s
Fra:19 Mem:105.01M (Peak 107.16M) | Time:00:00.40 | Rendering 1 / 12 samples
Fra:19 Mem:105.01M (Peak 107.16M) | Time:00:02.28 | Rendering 12 / 12 samples
Saved: '/tmp/astra-world-v2-analytical/transit_accessibility/frame_0019.png'
Time: 00:02.37 (Saving: 00:00.05)

ANALYTICAL_FRAME transit_accessibility 19 2.393s
Fra:20 Mem:105.01M (Peak 107.16M) | Time:00:00.41 | Rendering 1 / 12 samples
Fra:20 Mem:105.01M (Peak 107.16M) | Time:00:02.23 | Rendering 12 / 12 samples
Saved: '/tmp/astra-world-v2-analytical/transit_accessibility/frame_0020.png'
Time: 00:02.32 (Saving: 00:00.05)

ANALYTICAL_FRAME transit_accessibility 20 2.351s
Fra:21 Mem:105.01M (Peak 107.16M) | Time:00:00.43 | Rendering 1 / 12 samples
Fra:21 Mem:105.01M (Peak 107.16M) | Time:00:02.37 | Rendering 12 / 12 samples
Saved: '/tmp/astra-world-v2-analytical/transit_accessibility/frame_0021.png'
Time: 00:02.46 (Saving: 00:00.05)

ANALYTICAL_FRAME transit_accessibility 21 2.484s
Fra:22 Mem:105.01M (Peak 107.16M) | Time:00:00.39 | Rendering 1 / 12 samples
Fra:22 Mem:105.01M (Peak 107.16M) | Time:00:02.33 | Rendering 12 / 12 samples
Saved: '/tmp/astra-world-v2-analytical/transit_accessibility/frame_0022.png'
Time: 00:02.43 (Saving: 00:00.06)

ANALYTICAL_FRAME transit_accessibility 22 2.456s
Fra:23 Mem:105.01M (Peak 107.16M) | Time:00:00.48 | Rendering 1 / 12 samples
Fra:23 Mem:105.01M (Peak 107.16M) | Time:00:02.44 | Rendering 12 / 12 samples
Saved: '/tmp/astra-world-v2-analytical/transit_accessibility/frame_0023.png'
Time: 00:02.54 (Saving: 00:00.06)

ANALYTICAL_FRAME transit_accessibility 23 2.583s
Fra:24 Mem:105.01M (Peak 107.16M) | Time:00:00.43 | Rendering 1 / 12 samples
Fra:24 Mem:105.01M (Peak 107.16M) | Time:00:02.42 | Rendering 12 / 12 samples
Saved: '/tmp/astra-world-v2-analytical/transit_accessibility/frame_0024.png'
Time: 00:02.53 (Saving: 00:00.07)

ANALYTICAL_FRAME transit_accessibility 24 2.559s
Fra:25 Mem:105.01M (Peak 107.16M) | Time:00:00.52 | Rendering 1 / 12 samples
Fra:25 Mem:105.01M (Peak 107.16M) | Time:00:02.48 | Rendering 12 / 12 samples
Saved: '/tmp/astra-world-v2-analytical/transit_accessibility/frame_0025.png'
Time: 00:02.60 (Saving: 00:00.07)

ANALYTICAL_FRAME transit_accessibility 25 2.631s
Fra:26 Mem:105.01M (Peak 107.16M) | Time:00:00.43 | Rendering 1 / 12 samples
Fra:26 Mem:105.01M (Peak 107.16M) | Time:00:02.31 | Rendering 12 / 12 samples
Saved: '/tmp/astra-world-v2-analytical/transit_accessibility/frame_0026.png'
Time: 00:02.41 (Saving: 00:00.05)

ANALYTICAL_FRAME transit_accessibility 26 2.439s
Fra:27 Mem:105.01M (Peak 107.16M) | Time:00:00.43 | Rendering 1 / 12 samples
Fra:27 Mem:105.01M (Peak 107.16M) | Time:00:02.36 | Rendering 12 / 12 samples
Saved: '/tmp/astra-world-v2-analytical/transit_accessibility/frame_0027.png'
Time: 00:02.47 (Saving: 00:00.07)

ANALYTICAL_FRAME transit_accessibility 27 2.498s
Fra:28 Mem:105.01M (Peak 107.16M) | Time:00:00.42 | Rendering 1 / 12 samples
Fra:28 Mem:105.01M (Peak 107.16M) | Time:00:02.24 | Rendering 12 / 12 samples
Saved: '/tmp/astra-world-v2-analytical/transit_accessibility/frame_0028.png'
Time: 00:02.32 (Saving: 00:00.05)

ANALYTICAL_FRAME transit_accessibility 28 2.345s
Fra:29 Mem:105.01M (Peak 107.16M) | Time:00:00.42 | Rendering 1 / 12 samples
Fra:29 Mem:105.01M (Peak 107.16M) | Time:00:02.29 | Rendering 12 / 12 samples
Saved: '/tmp/astra-world-v2-analytical/transit_accessibility/frame_0029.png'
Time: 00:02.38 (Saving: 00:00.05)

ANALYTICAL_FRAME transit_accessibility 29 2.405s
Fra:30 Mem:105.01M (Peak 107.16M) | Time:00:00.38 | Rendering 1 / 12 samples
Fra:30 Mem:105.01M (Peak 107.16M) | Time:00:02.22 | Rendering 12 / 12 samples
Saved: '/tmp/astra-world-v2-analytical/transit_accessibility/frame_0030.png'
Time: 00:02.30 (Saving: 00:00.05)

ANALYTICAL_FRAME transit_accessibility 30 2.325s
Fra:31 Mem:105.01M (Peak 107.16M) | Time:00:00.39 | Rendering 1 / 12 samples
Fra:31 Mem:105.01M (Peak 107.16M) | Time:00:02.31 | Rendering 12 / 12 samples
Saved: '/tmp/astra-world-v2-analytical/transit_accessibility/frame_0031.png'
Time: 00:02.41 (Saving: 00:00.06)

ANALYTICAL_FRAME transit_accessibility 31 2.433s
Fra:32 Mem:105.01M (Peak 107.16M) | Time:00:00.42 | Rendering 1 / 12 samples
Fra:32 Mem:105.01M (Peak 107.16M) | Time:00:02.25 | Rendering 12 / 12 samples
Saved: '/tmp/astra-world-v2-analytical/transit_accessibility/frame_0032.png'
Time: 00:02.34 (Saving: 00:00.05)

ANALYTICAL_FRAME transit_accessibility 32 2.361s
Fra:33 Mem:105.01M (Peak 107.16M) | Time:00:00.39 | Rendering 1 / 12 samples
Fra:33 Mem:105.01M (Peak 107.16M) | Time:00:02.25 | Rendering 12 / 12 samples
Saved: '/tmp/astra-world-v2-analytical/transit_accessibility/frame_0033.png'
Time: 00:02.34 (Saving: 00:00.05)

ANALYTICAL_FRAME transit_accessibility 33 2.360s
Fra:34 Mem:105.01M (Peak 107.16M) | Time:00:00.41 | Rendering 1 / 12 samples
Fra:34 Mem:105.01M (Peak 107.16M) | Time:00:02.26 | Rendering 12 / 12 samples
Saved: '/tmp/astra-world-v2-analytical/transit_accessibility/frame_0034.png'
Time: 00:02.35 (Saving: 00:00.05)

ANALYTICAL_FRAME transit_accessibility 34 2.371s
Fra:35 Mem:105.01M (Peak 107.16M) | Time:00:00.38 | Rendering 1 / 12 samples
Fra:35 Mem:105.01M (Peak 107.16M) | Time:00:02.23 | Rendering 12 / 12 samples
Saved: '/tmp/astra-world-v2-analytical/transit_accessibility/frame_0035.png'
Time: 00:02.33 (Saving: 00:00.05)

ANALYTICAL_FRAME transit_accessibility 35 2.348s
Fra:36 Mem:105.01M (Peak 107.16M) | Time:00:00.41 | Rendering 1 / 12 samples
Fra:36 Mem:105.01M (Peak 107.16M) | Time:00:02.25 | Rendering 12 / 12 samples
Saved: '/tmp/astra-world-v2-analytical/transit_accessibility/frame_0036.png'
Time: 00:02.34 (Saving: 00:00.05)

ANALYTICAL_FRAME transit_accessibility 36 2.372s
Fra:37 Mem:105.01M (Peak 107.16M) | Time:00:00.40 | Rendering 1 / 12 samples
Fra:37 Mem:105.01M (Peak 107.16M) | Time:00:02.24 | Rendering 12 / 12 samples
Saved: '/tmp/astra-world-v2-analytical/transit_accessibility/frame_0037.png'
Time: 00:02.33 (Saving: 00:00.05)

ANALYTICAL_FRAME transit_accessibility 37 2.352s
Fra:38 Mem:105.01M (Peak 107.16M) | Time:00:00.41 | Rendering 1 / 12 samples
Fra:38 Mem:105.01M (Peak 107.16M) | Time:00:02.26 | Rendering 12 / 12 samples
Saved: '/tmp/astra-world-v2-analytical/transit_accessibility/frame_0038.png'
Time: 00:02.35 (Saving: 00:00.05)

ANALYTICAL_FRAME transit_accessibility 38 2.371s
Fra:39 Mem:105.01M (Peak 107.16M) | Time:00:00.40 | Rendering 1 / 12 samples
Fra:39 Mem:105.01M (Peak 107.16M) | Time:00:02.24 | Rendering 12 / 12 samples
Saved: '/tmp/astra-world-v2-analytical/transit_accessibility/frame_0039.png'
Time: 00:02.33 (Saving: 00:00.05)

ANALYTICAL_FRAME transit_accessibility 39 2.359s
Fra:40 Mem:105.01M (Peak 107.16M) | Time:00:00.42 | Rendering 1 / 12 samples
Fra:40 Mem:105.01M (Peak 107.16M) | Time:00:02.29 | Rendering 12 / 12 samples
Saved: '/tmp/astra-world-v2-analytical/transit_accessibility/frame_0040.png'
Time: 00:02.39 (Saving: 00:00.06)

ANALYTICAL_FRAME transit_accessibility 40 2.417s
Fra:41 Mem:105.01M (Peak 107.16M) | Time:00:00.47 | Rendering 1 / 12 samples
Fra:41 Mem:105.01M (Peak 107.16M) | Time:00:02.38 | Rendering 12 / 12 samples
Saved: '/tmp/astra-world-v2-analytical/transit_accessibility/frame_0041.png'
Time: 00:02.47 (Saving: 00:00.05)

ANALYTICAL_FRAME transit_accessibility 41 2.492s
Fra:42 Mem:105.01M (Peak 107.16M) | Time:00:00.42 | Rendering 1 / 12 samples
Fra:42 Mem:105.01M (Peak 107.16M) | Time:00:02.28 | Rendering 12 / 12 samples
Saved: '/tmp/astra-world-v2-analytical/transit_accessibility/frame_0042.png'
Time: 00:02.37 (Saving: 00:00.05)

ANALYTICAL_FRAME transit_accessibility 42 2.394s
Fra:43 Mem:105.01M (Peak 107.16M) | Time:00:00.40 | Rendering 1 / 12 samples
Fra:43 Mem:105.01M (Peak 107.16M) | Time:00:02.23 | Rendering 12 / 12 samples
Saved: '/tmp/astra-world-v2-analytical/transit_accessibility/frame_0043.png'
Time: 00:02.34 (Saving: 00:00.07)

ANALYTICAL_FRAME transit_accessibility 43 2.370s
Fra:44 Mem:105.01M (Peak 107.16M) | Time:00:00.44 | Rendering 1 / 12 samples
Fra:44 Mem:105.01M (Peak 107.16M) | Time:00:02.42 | Rendering 12 / 12 samples
Saved: '/tmp/astra-world-v2-analytical/transit_accessibility/frame_0044.png'
Time: 00:02.51 (Saving: 00:00.05)

ANALYTICAL_FRAME transit_accessibility 44 2.533s
Fra:45 Mem:105.01M (Peak 107.16M) | Time:00:00.41 | Rendering 1 / 12 samples
Fra:45 Mem:105.01M (Peak 107.16M) | Time:00:02.29 | Rendering 12 / 12 samples
Saved: '/tmp/astra-world-v2-analytical/transit_accessibility/frame_0045.png'
Time: 00:02.37 (Saving: 00:00.05)

ANALYTICAL_FRAME transit_accessibility 45 2.395s
Fra:46 Mem:105.01M (Peak 107.16M) | Time:00:00.46 | Rendering 1 / 12 samples
Fra:46 Mem:105.01M (Peak 107.16M) | Time:00:02.35 | Rendering 12 / 12 samples
Saved: '/tmp/astra-world-v2-analytical/transit_accessibility/frame_0046.png'
Time: 00:02.44 (Saving: 00:00.05)

ANALYTICAL_FRAME transit_accessibility 46 2.465s
Fra:47 Mem:105.01M (Peak 107.16M) | Time:00:00.39 | Rendering 1 / 12 samples
Fra:47 Mem:105.01M (Peak 107.16M) | Time:00:02.26 | Rendering 12 / 12 samples
Saved: '/tmp/astra-world-v2-analytical/transit_accessibility/frame_0047.png'
Time: 00:02.35 (Saving: 00:00.05)

ANALYTICAL_FRAME transit_accessibility 47 2.378s
Fra:48 Mem:105.01M (Peak 107.16M) | Time:00:00.40 | Rendering 1 / 12 samples
Fra:48 Mem:105.01M (Peak 107.16M) | Time:00:02.30 | Rendering 12 / 12 samples
Saved: '/tmp/astra-world-v2-analytical/transit_accessibility/frame_0048.png'
Time: 00:02.39 (Saving: 00:00.05)

ANALYTICAL_FRAME transit_accessibility 48 2.410s
Fra:49 Mem:105.01M (Peak 107.16M) | Time:00:00.41 | Rendering 1 / 12 samples
Fra:49 Mem:105.01M (Peak 107.16M) | Time:00:02.25 | Rendering 12 / 12 samples
Saved: '/tmp/astra-world-v2-analytical/transit_accessibility/frame_0049.png'
Time: 00:02.34 (Saving: 00:00.05)

ANALYTICAL_FRAME transit_accessibility 49 2.361s
Fra:50 Mem:105.01M (Peak 107.16M) | Time:00:00.41 | Rendering 1 / 12 samples
Fra:50 Mem:105.01M (Peak 107.16M) | Time:00:02.28 | Rendering 12 / 12 samples
Saved: '/tmp/astra-world-v2-analytical/transit_accessibility/frame_0050.png'
Time: 00:02.37 (Saving: 00:00.06)

ANALYTICAL_FRAME transit_accessibility 50 2.393s
Fra:51 Mem:105.01M (Peak 107.16M) | Time:00:00.42 | Rendering 1 / 12 samples
Fra:51 Mem:105.01M (Peak 107.16M) | Time:00:02.25 | Rendering 12 / 12 samples
Saved: '/tmp/astra-world-v2-analytical/transit_accessibility/frame_0051.png'
Time: 00:02.35 (Saving: 00:00.06)

ANALYTICAL_FRAME transit_accessibility 51 2.383s
Fra:52 Mem:105.01M (Peak 107.16M) | Time:00:00.43 | Rendering 1 / 12 samples
Fra:52 Mem:105.01M (Peak 107.16M) | Time:00:02.29 | Rendering 12 / 12 samples
Saved: '/tmp/astra-world-v2-analytical/transit_accessibility/frame_0052.png'
Time: 00:02.38 (Saving: 00:00.06)

ANALYTICAL_FRAME transit_accessibility 52 2.411s
Fra:53 Mem:105.01M (Peak 107.16M) | Time:00:00.44 | Rendering 1 / 12 samples
Fra:53 Mem:105.01M (Peak 107.16M) | Time:00:02.26 | Rendering 12 / 12 samples
Saved: '/tmp/astra-world-v2-analytical/transit_accessibility/frame_0053.png'
Time: 00:02.35 (Saving: 00:00.05)

ANALYTICAL_FRAME transit_accessibility 53 2.372s
Fra:54 Mem:105.01M (Peak 107.16M) | Time:00:00.40 | Rendering 1 / 12 samples
Fra:54 Mem:105.01M (Peak 107.16M) | Time:00:02.26 | Rendering 12 / 12 samples
Saved: '/tmp/astra-world-v2-analytical/transit_accessibility/frame_0054.png'
Time: 00:02.36 (Saving: 00:00.06)

ANALYTICAL_FRAME transit_accessibility 54 2.384s
Fra:55 Mem:105.01M (Peak 107.16M) | Time:00:00.43 | Rendering 1 / 12 samples
Fra:55 Mem:105.01M (Peak 107.16M) | Time:00:02.37 | Rendering 12 / 12 samples
Saved: '/tmp/astra-world-v2-analytical/transit_accessibility/frame_0055.png'
Time: 00:02.46 (Saving: 00:00.05)

ANALYTICAL_FRAME transit_accessibility 55 2.487s
Fra:56 Mem:105.01M (Peak 107.16M) | Time:00:00.41 | Rendering 1 / 12 samples
Fra:56 Mem:105.01M (Peak 107.16M) | Time:00:02.32 | Rendering 12 / 12 samples
Saved: '/tmp/astra-world-v2-analytical/transit_accessibility/frame_0056.png'
Time: 00:02.41 (Saving: 00:00.05)

ANALYTICAL_FRAME transit_accessibility 56 2.438s
Fra:57 Mem:105.01M (Peak 107.16M) | Time:00:00.43 | Rendering 1 / 12 samples
Fra:57 Mem:105.01M (Peak 107.16M) | Time:00:02.27 | Rendering 12 / 12 samples
Saved: '/tmp/astra-world-v2-analytical/transit_accessibility/frame_0057.png'
Time: 00:02.36 (Saving: 00:00.05)

ANALYTICAL_FRAME transit_accessibility 57 2.384s
Fra:58 Mem:105.01M (Peak 107.16M) | Time:00:00.43 | Rendering 1 / 12 samples
Fra:58 Mem:105.01M (Peak 107.16M) | Time:00:02.36 | Rendering 12 / 12 samples
Saved: '/tmp/astra-world-v2-analytical/transit_accessibility/frame_0058.png'
Time: 00:02.46 (Saving: 00:00.06)

ANALYTICAL_FRAME transit_accessibility 58 2.488s
Fra:59 Mem:105.01M (Peak 107.16M) | Time:00:00.48 | Rendering 1 / 12 samples
Fra:59 Mem:105.01M (Peak 107.16M) | Time:00:02.37 | Rendering 12 / 12 samples
Saved: '/tmp/astra-world-v2-analytical/transit_accessibility/frame_0059.png'
Time: 00:02.47 (Saving: 00:00.06)

ANALYTICAL_FRAME transit_accessibility 59 2.496s
Fra:60 Mem:105.01M (Peak 107.16M) | Time:00:00.44 | Rendering 1 / 12 samples
Fra:60 Mem:105.01M (Peak 107.16M) | Time:00:02.32 | Rendering 12 / 12 samples
Saved: '/tmp/astra-world-v2-analytical/transit_accessibility/frame_0060.png'
Time: 00:02.42 (Saving: 00:00.07)

ANALYTICAL_FRAME transit_accessibility 60 2.445s
Fra:61 Mem:105.01M (Peak 107.16M) | Time:00:00.46 | Rendering 1 / 12 samples
Fra:61 Mem:105.01M (Peak 107.16M) | Time:00:02.33 | Rendering 12 / 12 samples
Saved: '/tmp/astra-world-v2-analytical/transit_accessibility/frame_0061.png'
Time: 00:02.42 (Saving: 00:00.06)

ANALYTICAL_FRAME transit_accessibility 61 2.451s
Fra:62 Mem:105.01M (Peak 107.16M) | Time:00:00.42 | Rendering 1 / 12 samples
Fra:62 Mem:105.01M (Peak 107.16M) | Time:00:02.33 | Rendering 12 / 12 samples
Saved: '/tmp/astra-world-v2-analytical/transit_accessibility/frame_0062.png'
Time: 00:02.44 (Saving: 00:00.06)

ANALYTICAL_FRAME transit_accessibility 62 2.470s
Fra:63 Mem:105.01M (Peak 107.16M) | Time:00:00.50 | Rendering 1 / 12 samples
Fra:63 Mem:105.01M (Peak 107.16M) | Time:00:02.45 | Rendering 12 / 12 samples
Saved: '/tmp/astra-world-v2-analytical/transit_accessibility/frame_0063.png'
Time: 00:02.54 (Saving: 00:00.06)

ANALYTICAL_FRAME transit_accessibility 63 2.571s
Fra:64 Mem:105.01M (Peak 107.16M) | Time:00:00.44 | Rendering 1 / 12 samples
Fra:64 Mem:105.01M (Peak 107.16M) | Time:00:02.33 | Rendering 12 / 12 samples
Saved: '/tmp/astra-world-v2-analytical/transit_accessibility/frame_0064.png'
Time: 00:02.43 (Saving: 00:00.05)

ANALYTICAL_FRAME transit_accessibility 64 2.457s
Fra:65 Mem:105.01M (Peak 107.16M) | Time:00:00.46 | Rendering 1 / 12 samples
Fra:65 Mem:105.01M (Peak 107.16M) | Time:00:02.35 | Rendering 12 / 12 samples
Saved: '/tmp/astra-world-v2-analytical/transit_accessibility/frame_0065.png'
Time: 00:02.44 (Saving: 00:00.05)

ANALYTICAL_FRAME transit_accessibility 65 2.467s
Fra:66 Mem:105.01M (Peak 107.16M) | Time:00:00.42 | Rendering 1 / 12 samples
Fra:66 Mem:105.01M (Peak 107.16M) | Time:00:02.31 | Rendering 12 / 12 samples
Saved: '/tmp/astra-world-v2-analytical/transit_accessibility/frame_0066.png'
Time: 00:02.40 (Saving: 00:00.06)

ANALYTICAL_FRAME transit_accessibility 66 2.423s
Fra:67 Mem:105.01M (Peak 107.16M) | Time:00:00.45 | Rendering 1 / 12 samples
Fra:67 Mem:105.01M (Peak 107.16M) | Time:00:02.34 | Rendering 12 / 12 samples
Saved: '/tmp/astra-world-v2-analytical/transit_accessibility/frame_0067.png'
Time: 00:02.44 (Saving: 00:00.06)

ANALYTICAL_FRAME transit_accessibility 67 2.466s
Fra:68 Mem:105.01M (Peak 107.16M) | Time:00:00.45 | Rendering 1 / 12 samples
Fra:68 Mem:105.01M (Peak 107.16M) | Time:00:02.31 | Rendering 12 / 12 samples
Saved: '/tmp/astra-world-v2-analytical/transit_accessibility/frame_0068.png'
Time: 00:02.40 (Saving: 00:00.06)

ANALYTICAL_FRAME transit_accessibility 68 2.432s
Fra:69 Mem:105.01M (Peak 107.16M) | Time:00:00.46 | Rendering 1 / 12 samples
Fra:69 Mem:105.01M (Peak 107.16M) | Time:00:02.34 | Rendering 12 / 12 samples
Saved: '/tmp/astra-world-v2-analytical/transit_accessibility/frame_0069.png'
Time: 00:02.43 (Saving: 00:00.06)

ANALYTICAL_FRAME transit_accessibility 69 2.456s
Fra:70 Mem:105.01M (Peak 107.16M) | Time:00:00.41 | Rendering 1 / 12 samples
Fra:70 Mem:105.01M (Peak 107.16M) | Time:00:02.28 | Rendering 12 / 12 samples
Saved: '/tmp/astra-world-v2-analytical/transit_accessibility/frame_0070.png'
Time: 00:02.38 (Saving: 00:00.06)

ANALYTICAL_FRAME transit_accessibility 70 2.405s
Fra:71 Mem:105.01M (Peak 107.16M) | Time:00:00.45 | Rendering 1 / 12 samples
Fra:71 Mem:105.01M (Peak 107.16M) | Time:00:02.31 | Rendering 12 / 12 samples
Saved: '/tmp/astra-world-v2-analytical/transit_accessibility/frame_0071.png'
Time: 00:02.40 (Saving: 00:00.06)

ANALYTICAL_FRAME transit_accessibility 71 2.433s
Fra:72 Mem:105.01M (Peak 107.16M) | Time:00:00.42 | Rendering 1 / 12 samples
Fra:72 Mem:105.01M (Peak 107.16M) | Time:00:02.25 | Rendering 12 / 12 samples
Saved: '/tmp/astra-world-v2-analytical/transit_accessibility/frame_0072.png'
Time: 00:02.34 (Saving: 00:00.05)

ANALYTICAL_FRAME transit_accessibility 72 2.369s
Fra:73 Mem:105.01M (Peak 107.16M) | Time:00:00.44 | Rendering 1 / 12 samples
Fra:73 Mem:105.01M (Peak 107.16M) | Time:00:02.30 | Rendering 12 / 12 samples
Saved: '/tmp/astra-world-v2-analytical/transit_accessibility/frame_0073.png'
Time: 00:02.39 (Saving: 00:00.05)

ANALYTICAL_FRAME transit_accessibility 73 2.419s
Fra:74 Mem:105.01M (Peak 107.16M) | Time:00:00.42 | Rendering 1 / 12 samples
Fra:74 Mem:105.01M (Peak 107.16M) | Time:00:02.25 | Rendering 12 / 12 samples
Saved: '/tmp/astra-world-v2-analytical/transit_accessibility/frame_0074.png'
Time: 00:02.34 (Saving: 00:00.06)

ANALYTICAL_FRAME transit_accessibility 74 2.363s
Fra:75 Mem:105.01M (Peak 107.16M) | Time:00:00.44 | Rendering 1 / 12 samples
Fra:75 Mem:105.01M (Peak 107.16M) | Time:00:02.30 | Rendering 12 / 12 samples
Saved: '/tmp/astra-world-v2-analytical/transit_accessibility/frame_0075.png'
Time: 00:02.39 (Saving: 00:00.05)

ANALYTICAL_FRAME transit_accessibility 75 2.413s
Fra:76 Mem:105.01M (Peak 107.16M) | Time:00:00.41 | Rendering 1 / 12 samples
Fra:76 Mem:105.01M (Peak 107.16M) | Time:00:02.25 | Rendering 12 / 12 samples
Saved: '/tmp/astra-world-v2-analytical/transit_accessibility/frame_0076.png'
Time: 00:02.35 (Saving: 00:00.06)

ANALYTICAL_FRAME transit_accessibility 76 2.367s
Fra:77 Mem:105.01M (Peak 107.16M) | Time:00:00.44 | Rendering 1 / 12 samples
Fra:77 Mem:105.01M (Peak 107.16M) | Time:00:02.33 | Rendering 12 / 12 samples
Saved: '/tmp/astra-world-v2-analytical/transit_accessibility/frame_0077.png'
Time: 00:02.44 (Saving: 00:00.07)

ANALYTICAL_FRAME transit_accessibility 77 2.462s
Fra:78 Mem:105.01M (Peak 107.16M) | Time:00:00.42 | Rendering 1 / 12 samples
Fra:78 Mem:105.01M (Peak 107.16M) | Time:00:02.30 | Rendering 12 / 12 samples
Saved: '/tmp/astra-world-v2-analytical/transit_accessibility/frame_0078.png'
Time: 00:02.39 (Saving: 00:00.06)

ANALYTICAL_FRAME transit_accessibility 78 2.421s
Fra:79 Mem:105.01M (Peak 107.16M) | Time:00:00.44 | Rendering 1 / 12 samples
Fra:79 Mem:105.01M (Peak 107.16M) | Time:00:02.35 | Rendering 12 / 12 samples
Saved: '/tmp/astra-world-v2-analytical/transit_accessibility/frame_0079.png'
Time: 00:02.45 (Saving: 00:00.06)

ANALYTICAL_FRAME transit_accessibility 79 2.481s
Fra:80 Mem:105.01M (Peak 107.16M) | Time:00:00.44 | Rendering 1 / 12 samples
Fra:80 Mem:105.01M (Peak 107.16M) | Time:00:02.27 | Rendering 12 / 12 samples
Saved: '/tmp/astra-world-v2-analytical/transit_accessibility/frame_0080.png'
Time: 00:02.37 (Saving: 00:00.06)

ANALYTICAL_FRAME transit_accessibility 80 2.392s
Fra:81 Mem:105.01M (Peak 107.16M) | Time:00:00.41 | Rendering 1 / 12 samples
Fra:81 Mem:105.01M (Peak 107.16M) | Time:00:02.29 | Rendering 12 / 12 samples
Saved: '/tmp/astra-world-v2-analytical/transit_accessibility/frame_0081.png'
Time: 00:02.38 (Saving: 00:00.05)

ANALYTICAL_FRAME transit_accessibility 81 2.407s
Fra:82 Mem:105.01M (Peak 107.16M) | Time:00:00.43 | Rendering 1 / 12 samples
Fra:82 Mem:105.01M (Peak 107.16M) | Time:00:02.27 | Rendering 12 / 12 samples
Saved: '/tmp/astra-world-v2-analytical/transit_accessibility/frame_0082.png'
Time: 00:02.36 (Saving: 00:00.06)

ANALYTICAL_FRAME transit_accessibility 82 2.387s
Fra:83 Mem:105.01M (Peak 107.16M) | Time:00:00.41 | Rendering 1 / 12 samples
Fra:83 Mem:105.01M (Peak 107.16M) | Time:00:02.28 | Rendering 12 / 12 samples
Saved: '/tmp/astra-world-v2-analytical/transit_accessibility/frame_0083.png'
Time: 00:02.37 (Saving: 00:00.05)

ANALYTICAL_FRAME transit_accessibility 83 2.392s
Fra:84 Mem:105.01M (Peak 107.16M) | Time:00:00.41 | Rendering 1 / 12 samples
Fra:84 Mem:105.01M (Peak 107.16M) | Time:00:02.26 | Rendering 12 / 12 samples
Saved: '/tmp/astra-world-v2-analytical/transit_accessibility/frame_0084.png'
Time: 00:02.36 (Saving: 00:00.06)

ANALYTICAL_FRAME transit_accessibility 84 2.383s
Fra:85 Mem:105.01M (Peak 107.16M) | Time:00:00.42 | Rendering 1 / 12 samples
Fra:85 Mem:105.01M (Peak 107.16M) | Time:00:02.28 | Rendering 12 / 12 samples
Saved: '/tmp/astra-world-v2-analytical/transit_accessibility/frame_0085.png'
Time: 00:02.36 (Saving: 00:00.06)

ANALYTICAL_FRAME transit_accessibility 85 2.387s
Fra:86 Mem:105.01M (Peak 107.16M) | Time:00:00.41 | Rendering 1 / 12 samples
Fra:86 Mem:105.01M (Peak 107.16M) | Time:00:02.27 | Rendering 12 / 12 samples
Saved: '/tmp/astra-world-v2-analytical/transit_accessibility/frame_0086.png'
Time: 00:02.36 (Saving: 00:00.05)

ANALYTICAL_FRAME transit_accessibility 86 2.383s
Fra:87 Mem:105.01M (Peak 107.16M) | Time:00:00.41 | Rendering 1 / 12 samples
Fra:87 Mem:105.01M (Peak 107.16M) | Time:00:02.33 | Rendering 12 / 12 samples
Saved: '/tmp/astra-world-v2-analytical/transit_accessibility/frame_0087.png'
Time: 00:02.44 (Saving: 00:00.06)

ANALYTICAL_FRAME transit_accessibility 87 2.466s
Fra:88 Mem:105.01M (Peak 107.16M) | Time:00:00.50 | Rendering 1 / 12 samples
Fra:88 Mem:105.01M (Peak 107.16M) | Time:00:02.37 | Rendering 12 / 12 samples
Saved: '/tmp/astra-world-v2-analytical/transit_accessibility/frame_0088.png'
Time: 00:02.47 (Saving: 00:00.06)

ANALYTICAL_FRAME transit_accessibility 88 2.500s
Fra:89 Mem:105.01M (Peak 107.16M) | Time:00:00.43 | Rendering 1 / 12 samples
Fra:89 Mem:105.01M (Peak 107.16M) | Time:00:02.33 | Rendering 12 / 12 samples
Saved: '/tmp/astra-world-v2-analytical/transit_accessibility/frame_0089.png'
Time: 00:02.44 (Saving: 00:00.06)

ANALYTICAL_FRAME transit_accessibility 89 2.465s
Fra:90 Mem:105.01M (Peak 107.16M) | Time:00:00.45 | Rendering 1 / 12 samples
Fra:90 Mem:105.01M (Peak 107.16M) | Time:00:02.31 | Rendering 12 / 12 samples
Saved: '/tmp/astra-world-v2-analytical/transit_accessibility/frame_0090.png'
Time: 00:02.40 (Saving: 00:00.06)

ANALYTICAL_FRAME transit_accessibility 90 2.424s
Fra:91 Mem:105.01M (Peak 107.16M) | Time:00:00.40 | Rendering 1 / 12 samples
Fra:91 Mem:105.01M (Peak 107.16M) | Time:00:02.27 | Rendering 12 / 12 samples
Saved: '/tmp/astra-world-v2-analytical/transit_accessibility/frame_0091.png'
Time: 00:02.36 (Saving: 00:00.06)

ANALYTICAL_FRAME transit_accessibility 91 2.393s
Fra:92 Mem:105.01M (Peak 107.16M) | Time:00:00.42 | Rendering 1 / 12 samples
Fra:92 Mem:105.01M (Peak 107.16M) | Time:00:02.25 | Rendering 12 / 12 samples
Saved: '/tmp/astra-world-v2-analytical/transit_accessibility/frame_0092.png'
Time: 00:02.34 (Saving: 00:00.06)

ANALYTICAL_FRAME transit_accessibility 92 2.368s
Fra:93 Mem:105.01M (Peak 107.16M) | Time:00:00.40 | Rendering 1 / 12 samples
Fra:93 Mem:105.01M (Peak 107.16M) | Time:00:02.26 | Rendering 12 / 12 samples
Saved: '/tmp/astra-world-v2-analytical/transit_accessibility/frame_0093.png'
Time: 00:02.36 (Saving: 00:00.06)

ANALYTICAL_FRAME transit_accessibility 93 2.380s
Fra:94 Mem:105.01M (Peak 107.16M) | Time:00:00.42 | Rendering 1 / 12 samples
Fra:94 Mem:105.01M (Peak 107.16M) | Time:00:02.27 | Rendering 12 / 12 samples
Saved: '/tmp/astra-world-v2-analytical/transit_accessibility/frame_0094.png'
Time: 00:02.36 (Saving: 00:00.06)

ANALYTICAL_FRAME transit_accessibility 94 2.388s
Fra:95 Mem:105.01M (Peak 107.16M) | Time:00:00.40 | Rendering 1 / 12 samples
Fra:95 Mem:105.01M (Peak 107.16M) | Time:00:02.28 | Rendering 12 / 12 samples
Saved: '/tmp/astra-world-v2-analytical/transit_accessibility/frame_0095.png'
Time: 00:02.37 (Saving: 00:00.05)

ANALYTICAL_FRAME transit_accessibility 95 2.399s
Fra:96 Mem:105.01M (Peak 107.16M) | Time:00:00.59 | Rendering 1 / 12 samples
Fra:96 Mem:105.01M (Peak 107.16M) | Time:00:02.60 | Rendering 12 / 12 samples
Saved: '/tmp/astra-world-v2-analytical/transit_accessibility/frame_0096.png'
Time: 00:02.70 (Saving: 00:00.07)

ANALYTICAL_FRAME transit_accessibility 96 2.737s
Fra:97 Mem:105.03M (Peak 107.18M) | Time:00:00.54 | Rendering 1 / 12 samples
Fra:97 Mem:105.03M (Peak 107.18M) | Time:00:02.44 | Rendering 12 / 12 samples
Saved: '/tmp/astra-world-v2-analytical/transit_accessibility/frame_0097.png'
Time: 00:02.56 (Saving: 00:00.08)

ANALYTICAL_FRAME transit_accessibility 97 2.599s
Fra:98 Mem:105.03M (Peak 107.18M) | Time:00:00.47 | Rendering 1 / 12 samples
Fra:98 Mem:105.03M (Peak 107.18M) | Time:00:02.55 | Rendering 12 / 12 samples
Saved: '/tmp/astra-world-v2-analytical/transit_accessibility/frame_0098.png'
Time: 00:02.66 (Saving: 00:00.06)

ANALYTICAL_FRAME transit_accessibility 98 2.697s
Fra:99 Mem:105.03M (Peak 107.18M) | Time:00:00.55 | Rendering 1 / 12 samples
Fra:99 Mem:105.03M (Peak 107.18M) | Time:00:02.56 | Rendering 12 / 12 samples
Saved: '/tmp/astra-world-v2-analytical/transit_accessibility/frame_0099.png'
Time: 00:02.68 (Saving: 00:00.07)

ANALYTICAL_FRAME transit_accessibility 99 2.710s
Fra:100 Mem:105.03M (Peak 107.18M) | Time:00:00.65 | Rendering 1 / 12 samples
Fra:100 Mem:105.03M (Peak 107.18M) | Time:00:02.91 | Rendering 12 / 12 samples
Saved: '/tmp/astra-world-v2-analytical/transit_accessibility/frame_0100.png'
Time: 00:03.05 (Saving: 00:00.08)

ANALYTICAL_FRAME transit_accessibility 100 3.085s
Fra:101 Mem:105.03M (Peak 107.18M) | Time:00:00.57 | Rendering 1 / 12 samples
Fra:101 Mem:105.03M (Peak 107.18M) | Time:00:02.61 | Rendering 12 / 12 samples
Saved: '/tmp/astra-world-v2-analytical/transit_accessibility/frame_0101.png'
Time: 00:02.72 (Saving: 00:00.07)

ANALYTICAL_FRAME transit_accessibility 101 2.753s
Fra:102 Mem:105.03M (Peak 107.18M) | Time:00:00.49 | Rendering 1 / 12 samples
Fra:102 Mem:105.03M (Peak 107.18M) | Time:00:02.47 | Rendering 12 / 12 samples
Saved: '/tmp/astra-world-v2-analytical/transit_accessibility/frame_0102.png'
Time: 00:02.57 (Saving: 00:00.05)

ANALYTICAL_FRAME transit_accessibility 102 2.594s
Fra:103 Mem:105.03M (Peak 107.18M) | Time:00:00.46 | Rendering 1 / 12 samples
Fra:103 Mem:105.03M (Peak 107.18M) | Time:00:02.36 | Rendering 12 / 12 samples
Saved: '/tmp/astra-world-v2-analytical/transit_accessibility/frame_0103.png'
Time: 00:02.47 (Saving: 00:00.06)

ANALYTICAL_FRAME transit_accessibility 103 2.492s
Fra:104 Mem:105.03M (Peak 107.18M) | Time:00:00.41 | Rendering 1 / 12 samples
Fra:104 Mem:105.03M (Peak 107.18M) | Time:00:02.25 | Rendering 12 / 12 samples
Saved: '/tmp/astra-world-v2-analytical/transit_accessibility/frame_0104.png'
Time: 00:02.35 (Saving: 00:00.06)

ANALYTICAL_FRAME transit_accessibility 104 2.375s
Fra:105 Mem:105.03M (Peak 107.18M) | Time:00:00.44 | Rendering 1 / 12 samples
Fra:105 Mem:105.03M (Peak 107.18M) | Time:00:02.39 | Rendering 12 / 12 samples
Saved: '/tmp/astra-world-v2-analytical/transit_accessibility/frame_0105.png'
Time: 00:02.48 (Saving: 00:00.05)

ANALYTICAL_FRAME transit_accessibility 105 2.505s
Fra:106 Mem:105.03M (Peak 107.18M) | Time:00:00.42 | Rendering 1 / 12 samples
Fra:106 Mem:105.03M (Peak 107.18M) | Time:00:02.39 | Rendering 12 / 12 samples
Saved: '/tmp/astra-world-v2-analytical/transit_accessibility/frame_0106.png'
Time: 00:02.50 (Saving: 00:00.06)

ANALYTICAL_FRAME transit_accessibility 106 2.525s
Fra:107 Mem:105.03M (Peak 107.18M) | Time:00:00.45 | Rendering 1 / 12 samples
Fra:107 Mem:105.03M (Peak 107.18M) | Time:00:02.44 | Rendering 12 / 12 samples
Saved: '/tmp/astra-world-v2-analytical/transit_accessibility/frame_0107.png'
Time: 00:02.52 (Saving: 00:00.05)

ANALYTICAL_FRAME transit_accessibility 107 2.545s
Fra:108 Mem:105.03M (Peak 107.18M) | Time:00:00.42 | Rendering 1 / 12 samples
Fra:108 Mem:105.03M (Peak 107.18M) | Time:00:02.29 | Rendering 12 / 12 samples
Saved: '/tmp/astra-world-v2-analytical/transit_accessibility/frame_0108.png'
Time: 00:02.38 (Saving: 00:00.05)

ANALYTICAL_FRAME transit_accessibility 108 2.413s
Fra:109 Mem:105.03M (Peak 107.18M) | Time:00:00.43 | Rendering 1 / 12 samples
Fra:109 Mem:105.03M (Peak 107.18M) | Time:00:02.33 | Rendering 12 / 12 samples
Saved: '/tmp/astra-world-v2-analytical/transit_accessibility/frame_0109.png'
Time: 00:02.42 (Saving: 00:00.05)

ANALYTICAL_FRAME transit_accessibility 109 2.449s
Fra:110 Mem:105.03M (Peak 107.18M) | Time:00:00.42 | Rendering 1 / 12 samples
Fra:110 Mem:105.03M (Peak 107.18M) | Time:00:02.34 | Rendering 12 / 12 samples
Saved: '/tmp/astra-world-v2-analytical/transit_accessibility/frame_0110.png'
Time: 00:02.44 (Saving: 00:00.06)

ANALYTICAL_FRAME transit_accessibility 110 2.464s
Fra:111 Mem:105.03M (Peak 107.18M) | Time:00:00.45 | Rendering 1 / 12 samples
Fra:111 Mem:105.03M (Peak 107.18M) | Time:00:02.39 | Rendering 12 / 12 samples
Saved: '/tmp/astra-world-v2-analytical/transit_accessibility/frame_0111.png'
Time: 00:02.49 (Saving: 00:00.05)

ANALYTICAL_FRAME transit_accessibility 111 2.522s
Fra:112 Mem:105.03M (Peak 107.18M) | Time:00:00.42 | Rendering 1 / 12 samples
Fra:112 Mem:105.03M (Peak 107.18M) | Time:00:02.42 | Rendering 12 / 12 samples
Saved: '/tmp/astra-world-v2-analytical/transit_accessibility/frame_0112.png'
Time: 00:02.55 (Saving: 00:00.07)

ANALYTICAL_FRAME transit_accessibility 112 2.583s
Fra:113 Mem:105.03M (Peak 107.18M) | Time:00:00.57 | Rendering 1 / 12 samples
Fra:113 Mem:105.03M (Peak 107.18M) | Time:00:02.59 | Rendering 12 / 12 samples
Saved: '/tmp/astra-world-v2-analytical/transit_accessibility/frame_0113.png'
Time: 00:02.69 (Saving: 00:00.06)

ANALYTICAL_FRAME transit_accessibility 113 2.724s
Fra:114 Mem:105.03M (Peak 107.18M) | Time:00:00.49 | Rendering 1 / 12 samples
Fra:114 Mem:105.03M (Peak 107.18M) | Time:00:02.52 | Rendering 12 / 12 samples
Saved: '/tmp/astra-world-v2-analytical/transit_accessibility/frame_0114.png'
Time: 00:02.65 (Saving: 00:00.08)

ANALYTICAL_FRAME transit_accessibility 114 2.692s
Fra:115 Mem:105.03M (Peak 107.18M) | Time:00:00.55 | Rendering 1 / 12 samples
Fra:115 Mem:105.03M (Peak 107.18M) | Time:00:02.58 | Rendering 12 / 12 samples
Saved: '/tmp/astra-world-v2-analytical/transit_accessibility/frame_0115.png'
Time: 00:02.69 (Saving: 00:00.07)

ANALYTICAL_FRAME transit_accessibility 115 2.736s
Fra:116 Mem:105.03M (Peak 107.18M) | Time:00:00.49 | Rendering 1 / 12 samples
Fra:116 Mem:105.03M (Peak 107.18M) | Time:00:02.55 | Rendering 12 / 12 samples
Saved: '/tmp/astra-world-v2-analytical/transit_accessibility/frame_0116.png'
Time: 00:02.67 (Saving: 00:00.06)

ANALYTICAL_FRAME transit_accessibility 116 2.697s
Fra:117 Mem:105.03M (Peak 107.18M) | Time:00:00.52 | Rendering 1 / 12 samples
Fra:117 Mem:105.03M (Peak 107.18M) | Time:00:02.63 | Rendering 12 / 12 samples
Saved: '/tmp/astra-world-v2-analytical/transit_accessibility/frame_0117.png'
Time: 00:02.74 (Saving: 00:00.06)

ANALYTICAL_FRAME transit_accessibility 117 2.771s
Fra:118 Mem:105.03M (Peak 107.18M) | Time:00:00.42 | Rendering 1 / 12 samples
Fra:118 Mem:105.03M (Peak 107.18M) | Time:00:02.29 | Rendering 12 / 12 samples
Saved: '/tmp/astra-world-v2-analytical/transit_accessibility/frame_0118.png'
Time: 00:02.39 (Saving: 00:00.06)

ANALYTICAL_FRAME transit_accessibility 118 2.419s
Fra:119 Mem:105.03M (Peak 107.18M) | Time:00:00.43 | Rendering 1 / 12 samples
Fra:119 Mem:105.03M (Peak 107.18M) | Time:00:02.46 | Rendering 12 / 12 samples
Saved: '/tmp/astra-world-v2-analytical/transit_accessibility/frame_0119.png'
Time: 00:02.57 (Saving: 00:00.07)

ANALYTICAL_FRAME transit_accessibility 119 2.588s
Fra:120 Mem:105.03M (Peak 107.18M) | Time:00:00.48 | Rendering 1 / 12 samples
Fra:120 Mem:105.03M (Peak 107.18M) | Time:00:02.38 | Rendering 12 / 12 samples
Saved: '/tmp/astra-world-v2-analytical/transit_accessibility/frame_0120.png'
Time: 00:02.49 (Saving: 00:00.07)

ANALYTICAL_FRAME transit_accessibility 120 2.510s
Fra:121 Mem:105.03M (Peak 107.18M) | Time:00:00.45 | Rendering 1 / 12 samples
Fra:121 Mem:105.03M (Peak 107.18M) | Time:00:02.35 | Rendering 12 / 12 samples
Saved: '/tmp/astra-world-v2-analytical/transit_accessibility/frame_0121.png'
Time: 00:02.47 (Saving: 00:00.06)

ANALYTICAL_FRAME transit_accessibility 121 2.492s
Fra:122 Mem:105.03M (Peak 107.18M) | Time:00:00.49 | Rendering 1 / 12 samples
Fra:122 Mem:105.03M (Peak 107.18M) | Time:00:02.47 | Rendering 12 / 12 samples
Saved: '/tmp/astra-world-v2-analytical/transit_accessibility/frame_0122.png'
Time: 00:02.57 (Saving: 00:00.06)

ANALYTICAL_FRAME transit_accessibility 122 2.593s
Fra:123 Mem:105.03M (Peak 107.18M) | Time:00:00.50 | Rendering 1 / 12 samples
Fra:123 Mem:105.03M (Peak 107.18M) | Time:00:02.44 | Rendering 12 / 12 samples
Saved: '/tmp/astra-world-v2-analytical/transit_accessibility/frame_0123.png'
Time: 00:02.54 (Saving: 00:00.06)

ANALYTICAL_FRAME transit_accessibility 123 2.563s
Fra:124 Mem:105.03M (Peak 107.18M) | Time:00:00.49 | Rendering 1 / 12 samples
Fra:124 Mem:105.03M (Peak 107.18M) | Time:00:02.51 | Rendering 12 / 12 samples
Saved: '/tmp/astra-world-v2-analytical/transit_accessibility/frame_0124.png'
Time: 00:02.63 (Saving: 00:00.07)

ANALYTICAL_FRAME transit_accessibility 124 2.666s
Fra:125 Mem:105.03M (Peak 107.18M) | Time:00:00.50 | Rendering 1 / 12 samples
Fra:125 Mem:105.03M (Peak 107.18M) | Time:00:02.50 | Rendering 12 / 12 samples
Saved: '/tmp/astra-world-v2-analytical/transit_accessibility/frame_0125.png'
Time: 00:02.61 (Saving: 00:00.07)

ANALYTICAL_FRAME transit_accessibility 125 2.648s
Fra:126 Mem:105.03M (Peak 107.18M) | Time:00:00.50 | Rendering 1 / 12 samples
Fra:126 Mem:105.03M (Peak 107.18M) | Time:00:02.55 | Rendering 12 / 12 samples
Saved: '/tmp/astra-world-v2-analytical/transit_accessibility/frame_0126.png'
Time: 00:02.65 (Saving: 00:00.05)

ANALYTICAL_FRAME transit_accessibility 126 2.677s
Fra:127 Mem:105.03M (Peak 107.18M) | Time:00:00.44 | Rendering 1 / 12 samples
Fra:127 Mem:105.03M (Peak 107.18M) | Time:00:02.42 | Rendering 12 / 12 samples
Saved: '/tmp/astra-world-v2-analytical/transit_accessibility/frame_0127.png'
Time: 00:02.52 (Saving: 00:00.06)

ANALYTICAL_FRAME transit_accessibility 127 2.554s
Fra:128 Mem:105.03M (Peak 107.18M) | Time:00:00.45 | Rendering 1 / 12 samples
Fra:128 Mem:105.03M (Peak 107.18M) | Time:00:02.32 | Rendering 12 / 12 samples
Saved: '/tmp/astra-world-v2-analytical/transit_accessibility/frame_0128.png'
Time: 00:02.41 (Saving: 00:00.05)

ANALYTICAL_FRAME transit_accessibility 128 2.441s
Fra:129 Mem:105.03M (Peak 107.18M) | Time:00:00.40 | Rendering 1 / 12 samples
Fra:129 Mem:105.03M (Peak 107.18M) | Time:00:02.28 | Rendering 12 / 12 samples
Saved: '/tmp/astra-world-v2-analytical/transit_accessibility/frame_0129.png'
Time: 00:02.38 (Saving: 00:00.07)

ANALYTICAL_FRAME transit_accessibility 129 2.418s
Fra:130 Mem:105.03M (Peak 107.18M) | Time:00:00.48 | Rendering 1 / 12 samples
Fra:130 Mem:105.03M (Peak 107.18M) | Time:00:02.38 | Rendering 12 / 12 samples
Saved: '/tmp/astra-world-v2-analytical/transit_accessibility/frame_0130.png'
Time: 00:02.47 (Saving: 00:00.05)

ANALYTICAL_FRAME transit_accessibility 130 2.493s
Fra:131 Mem:105.03M (Peak 107.18M) | Time:00:00.41 | Rendering 1 / 12 samples
Fra:131 Mem:105.03M (Peak 107.18M) | Time:00:02.25 | Rendering 12 / 12 samples
Saved: '/tmp/astra-world-v2-analytical/transit_accessibility/frame_0131.png'
Time: 00:02.36 (Saving: 00:00.06)

ANALYTICAL_FRAME transit_accessibility 131 2.395s
Fra:132 Mem:105.03M (Peak 107.18M) | Time:00:00.46 | Rendering 1 / 12 samples
Fra:132 Mem:105.03M (Peak 107.18M) | Time:00:02.48 | Rendering 12 / 12 samples
Saved: '/tmp/astra-world-v2-analytical/transit_accessibility/frame_0132.png'
Time: 00:02.58 (Saving: 00:00.06)

ANALYTICAL_FRAME transit_accessibility 132 2.619s
Fra:133 Mem:105.03M (Peak 107.18M) | Time:00:00.45 | Rendering 1 / 12 samples
Fra:133 Mem:105.03M (Peak 107.18M) | Time:00:02.34 | Rendering 12 / 12 samples
Saved: '/tmp/astra-world-v2-analytical/transit_accessibility/frame_0133.png'
Time: 00:02.44 (Saving: 00:00.06)

ANALYTICAL_FRAME transit_accessibility 133 2.468s
Fra:134 Mem:105.03M (Peak 107.18M) | Time:00:00.43 | Rendering 1 / 12 samples
Fra:134 Mem:105.03M (Peak 107.18M) | Time:00:02.37 | Rendering 12 / 12 samples
Saved: '/tmp/astra-world-v2-analytical/transit_accessibility/frame_0134.png'
Time: 00:02.49 (Saving: 00:00.06)

ANALYTICAL_FRAME transit_accessibility 134 2.524s
Fra:135 Mem:105.03M (Peak 107.18M) | Time:00:00.45 | Rendering 1 / 12 samples
Fra:135 Mem:105.03M (Peak 107.18M) | Time:00:02.48 | Rendering 12 / 12 samples
Saved: '/tmp/astra-world-v2-analytical/transit_accessibility/frame_0135.png'
Time: 00:02.59 (Saving: 00:00.07)

ANALYTICAL_FRAME transit_accessibility 135 2.628s
Fra:136 Mem:105.03M (Peak 107.18M) | Time:00:00.63 | Rendering 1 / 12 samples
Fra:136 Mem:105.03M (Peak 107.18M) | Time:00:02.73 | Rendering 12 / 12 samples
Saved: '/tmp/astra-world-v2-analytical/transit_accessibility/frame_0136.png'
Time: 00:02.84 (Saving: 00:00.08)

ANALYTICAL_FRAME transit_accessibility 136 2.881s
Fra:137 Mem:105.03M (Peak 107.18M) | Time:00:00.57 | Rendering 1 / 12 samples
Fra:137 Mem:105.03M (Peak 107.18M) | Time:00:02.79 | Rendering 12 / 12 samples
Saved: '/tmp/astra-world-v2-analytical/transit_accessibility/frame_0137.png'
Time: 00:02.93 (Saving: 00:00.07)

ANALYTICAL_FRAME transit_accessibility 137 2.962s
Fra:138 Mem:105.03M (Peak 107.18M) | Time:00:00.45 | Rendering 1 / 12 samples
Fra:138 Mem:105.03M (Peak 107.18M) | Time:00:02.60 | Rendering 12 / 12 samples
Saved: '/tmp/astra-world-v2-analytical/transit_accessibility/frame_0138.png'
Time: 00:02.71 (Saving: 00:00.07)

ANALYTICAL_FRAME transit_accessibility 138 2.747s
Fra:139 Mem:105.03M (Peak 107.18M) | Time:00:00.64 | Rendering 1 / 12 samples
Fra:139 Mem:105.03M (Peak 107.18M) | Time:00:02.76 | Rendering 12 / 12 samples
Saved: '/tmp/astra-world-v2-analytical/transit_accessibility/frame_0139.png'
Time: 00:02.86 (Saving: 00:00.06)

ANALYTICAL_FRAME transit_accessibility 139 2.892s
Fra:140 Mem:105.03M (Peak 107.18M) | Time:00:00.44 | Rendering 1 / 12 samples
Fra:140 Mem:105.03M (Peak 107.18M) | Time:00:02.27 | Rendering 12 / 12 samples
Saved: '/tmp/astra-world-v2-analytical/transit_accessibility/frame_0140.png'
Time: 00:02.37 (Saving: 00:00.05)

ANALYTICAL_FRAME transit_accessibility 140 2.394s
Fra:141 Mem:105.03M (Peak 107.18M) | Time:00:00.41 | Rendering 1 / 12 samples
Fra:141 Mem:105.03M (Peak 107.18M) | Time:00:02.28 | Rendering 12 / 12 samples
Saved: '/tmp/astra-world-v2-analytical/transit_accessibility/frame_0141.png'
Time: 00:02.38 (Saving: 00:00.06)

ANALYTICAL_FRAME transit_accessibility 141 2.408s
Fra:142 Mem:105.03M (Peak 107.18M) | Time:00:00.45 | Rendering 1 / 12 samples
Fra:142 Mem:105.03M (Peak 107.18M) | Time:00:02.29 | Rendering 12 / 12 samples
Saved: '/tmp/astra-world-v2-analytical/transit_accessibility/frame_0142.png'
Time: 00:02.40 (Saving: 00:00.06)

ANALYTICAL_FRAME transit_accessibility 142 2.425s
Fra:143 Mem:105.03M (Peak 107.18M) | Time:00:00.41 | Rendering 1 / 12 samples
Fra:143 Mem:105.03M (Peak 107.18M) | Time:00:02.25 | Rendering 12 / 12 samples
Saved: '/tmp/astra-world-v2-analytical/transit_accessibility/frame_0143.png'
Time: 00:02.35 (Saving: 00:00.05)

ANALYTICAL_FRAME transit_accessibility 143 2.371s
Fra:144 Mem:105.03M (Peak 107.18M) | Time:00:00.43 | Rendering 1 / 12 samples
Fra:144 Mem:105.03M (Peak 107.18M) | Time:00:02.28 | Rendering 12 / 12 samples
Saved: '/tmp/astra-world-v2-analytical/transit_accessibility/frame_0144.png'
Time: 00:02.37 (Saving: 00:00.06)

ANALYTICAL_FRAME transit_accessibility 144 2.399s
Fra:145 Mem:105.03M (Peak 107.18M) | Time:00:00.42 | Rendering 1 / 12 samples
Fra:145 Mem:105.03M (Peak 107.18M) | Time:00:02.26 | Rendering 12 / 12 samples
Saved: '/tmp/astra-world-v2-analytical/transit_accessibility/frame_0145.png'
Time: 00:02.36 (Saving: 00:00.06)

ANALYTICAL_FRAME transit_accessibility 145 2.386s
Fra:146 Mem:105.03M (Peak 107.18M) | Time:00:00.44 | Rendering 1 / 12 samples
Fra:146 Mem:105.03M (Peak 107.18M) | Time:00:02.29 | Rendering 12 / 12 samples
Saved: '/tmp/astra-world-v2-analytical/transit_accessibility/frame_0146.png'
Time: 00:02.39 (Saving: 00:00.06)

ANALYTICAL_FRAME transit_accessibility 146 2.411s
Fra:147 Mem:105.03M (Peak 107.18M) | Time:00:00.42 | Rendering 1 / 12 samples
Fra:147 Mem:105.03M (Peak 107.18M) | Time:00:02.27 | Rendering 12 / 12 samples
Saved: '/tmp/astra-world-v2-analytical/transit_accessibility/frame_0147.png'
Time: 00:02.37 (Saving: 00:00.06)

ANALYTICAL_FRAME transit_accessibility 147 2.391s
Fra:148 Mem:105.03M (Peak 107.18M) | Time:00:00.43 | Rendering 1 / 12 samples
Fra:148 Mem:105.03M (Peak 107.18M) | Time:00:02.30 | Rendering 12 / 12 samples
Saved: '/tmp/astra-world-v2-analytical/transit_accessibility/frame_0148.png'
Time: 00:02.40 (Saving: 00:00.06)

ANALYTICAL_FRAME transit_accessibility 148 2.424s
Fra:149 Mem:105.03M (Peak 107.18M) | Time:00:00.43 | Rendering 1 / 12 samples
Fra:149 Mem:105.03M (Peak 107.18M) | Time:00:02.27 | Rendering 12 / 12 samples
Saved: '/tmp/astra-world-v2-analytical/transit_accessibility/frame_0149.png'
Time: 00:02.36 (Saving: 00:00.06)

ANALYTICAL_FRAME transit_accessibility 149 2.387s
Fra:150 Mem:105.03M (Peak 107.18M) | Time:00:00.42 | Rendering 1 / 12 samples
Fra:150 Mem:105.03M (Peak 107.18M) | Time:00:02.30 | Rendering 12 / 12 samples
Saved: '/tmp/astra-world-v2-analytical/transit_accessibility/frame_0150.png'
Time: 00:02.40 (Saving: 00:00.07)

ANALYTICAL_FRAME transit_accessibility 150 2.430s
Fra:151 Mem:105.03M (Peak 107.18M) | Time:00:00.42 | Rendering 1 / 12 samples
Fra:151 Mem:105.03M (Peak 107.18M) | Time:00:02.25 | Rendering 12 / 12 samples
Saved: '/tmp/astra-world-v2-analytical/transit_accessibility/frame_0151.png'
Time: 00:02.35 (Saving: 00:00.06)

ANALYTICAL_FRAME transit_accessibility 151 2.373s
Fra:152 Mem:105.03M (Peak 107.18M) | Time:00:00.42 | Rendering 1 / 12 samples
Fra:152 Mem:105.03M (Peak 107.18M) | Time:00:02.29 | Rendering 12 / 12 samples
Saved: '/tmp/astra-world-v2-analytical/transit_accessibility/frame_0152.png'
Time: 00:02.39 (Saving: 00:00.06)

ANALYTICAL_FRAME transit_accessibility 152 2.419s
Fra:153 Mem:105.03M (Peak 107.18M) | Time:00:00.41 | Rendering 1 / 12 samples
Fra:153 Mem:105.03M (Peak 107.18M) | Time:00:02.34 | Rendering 12 / 12 samples
Saved: '/tmp/astra-world-v2-analytical/transit_accessibility/frame_0153.png'
Time: 00:02.44 (Saving: 00:00.05)

ANALYTICAL_FRAME transit_accessibility 153 2.463s
Fra:154 Mem:105.03M (Peak 107.18M) | Time:00:00.43 | Rendering 1 / 12 samples
Fra:154 Mem:105.03M (Peak 107.18M) | Time:00:02.33 | Rendering 12 / 12 samples
Saved: '/tmp/astra-world-v2-analytical/transit_accessibility/frame_0154.png'
Time: 00:02.44 (Saving: 00:00.06)

ANALYTICAL_FRAME transit_accessibility 154 2.466s
Fra:155 Mem:105.03M (Peak 107.18M) | Time:00:00.43 | Rendering 1 / 12 samples
Fra:155 Mem:105.03M (Peak 107.18M) | Time:00:02.29 | Rendering 12 / 12 samples
Saved: '/tmp/astra-world-v2-analytical/transit_accessibility/frame_0155.png'
Time: 00:02.39 (Saving: 00:00.06)

ANALYTICAL_FRAME transit_accessibility 155 2.412s
Fra:156 Mem:105.03M (Peak 107.18M) | Time:00:00.43 | Rendering 1 / 12 samples
Fra:156 Mem:105.03M (Peak 107.18M) | Time:00:02.46 | Rendering 12 / 12 samples
Saved: '/tmp/astra-world-v2-analytical/transit_accessibility/frame_0156.png'
Time: 00:02.57 (Saving: 00:00.06)

ANALYTICAL_FRAME transit_accessibility 156 2.589s
Fra:157 Mem:105.03M (Peak 107.18M) | Time:00:00.42 | Rendering 1 / 12 samples
Fra:157 Mem:105.03M (Peak 107.18M) | Time:00:02.39 | Rendering 12 / 12 samples
Saved: '/tmp/astra-world-v2-analytical/transit_accessibility/frame_0157.png'
Time: 00:02.54 (Saving: 00:00.10)

ANALYTICAL_FRAME transit_accessibility 157 2.584s
Fra:158 Mem:105.03M (Peak 107.18M) | Time:00:00.55 | Rendering 1 / 12 samples
Fra:158 Mem:105.03M (Peak 107.18M) | Time:00:02.62 | Rendering 12 / 12 samples
Saved: '/tmp/astra-world-v2-analytical/transit_accessibility/frame_0158.png'
Time: 00:02.72 (Saving: 00:00.06)

ANALYTICAL_FRAME transit_accessibility 158 2.766s
Fra:159 Mem:105.03M (Peak 107.18M) | Time:00:00.46 | Rendering 1 / 12 samples
Fra:159 Mem:105.03M (Peak 107.18M) | Time:00:02.41 | Rendering 12 / 12 samples
Saved: '/tmp/astra-world-v2-analytical/transit_accessibility/frame_0159.png'
Time: 00:02.53 (Saving: 00:00.07)

ANALYTICAL_FRAME transit_accessibility 159 2.553s
Fra:160 Mem:105.03M (Peak 107.18M) | Time:00:00.48 | Rendering 1 / 12 samples
Fra:160 Mem:105.03M (Peak 107.18M) | Time:00:02.40 | Rendering 12 / 12 samples
Saved: '/tmp/astra-world-v2-analytical/transit_accessibility/frame_0160.png'
Time: 00:02.51 (Saving: 00:00.06)

ANALYTICAL_FRAME transit_accessibility 160 2.534s
Fra:161 Mem:105.03M (Peak 107.18M) | Time:00:00.41 | Rendering 1 / 12 samples
Fra:161 Mem:105.03M (Peak 107.18M) | Time:00:02.30 | Rendering 12 / 12 samples
Saved: '/tmp/astra-world-v2-analytical/transit_accessibility/frame_0161.png'
Time: 00:02.41 (Saving: 00:00.07)

ANALYTICAL_FRAME transit_accessibility 161 2.438s
Fra:162 Mem:105.03M (Peak 107.18M) | Time:00:00.45 | Rendering 1 / 12 samples
Fra:162 Mem:105.03M (Peak 107.18M) | Time:00:02.37 | Rendering 12 / 12 samples
Saved: '/tmp/astra-world-v2-analytical/transit_accessibility/frame_0162.png'
Time: 00:02.48 (Saving: 00:00.06)

ANALYTICAL_FRAME transit_accessibility 162 2.512s
Fra:163 Mem:105.03M (Peak 107.18M) | Time:00:00.45 | Rendering 1 / 12 samples
Fra:163 Mem:105.03M (Peak 107.18M) | Time:00:02.33 | Rendering 12 / 12 samples
Saved: '/tmp/astra-world-v2-analytical/transit_accessibility/frame_0163.png'
Time: 00:02.43 (Saving: 00:00.06)

ANALYTICAL_FRAME transit_accessibility 163 2.455s
Fra:164 Mem:105.03M (Peak 107.18M) | Time:00:00.42 | Rendering 1 / 12 samples
Fra:164 Mem:105.03M (Peak 107.18M) | Time:00:02.39 | Rendering 12 / 12 samples
Saved: '/tmp/astra-world-v2-analytical/transit_accessibility/frame_0164.png'
Time: 00:02.49 (Saving: 00:00.06)

ANALYTICAL_FRAME transit_accessibility 164 2.522s
Fra:165 Mem:105.03M (Peak 107.18M) | Time:00:00.45 | Rendering 1 / 12 samples
Fra:165 Mem:105.03M (Peak 107.18M) | Time:00:02.35 | Rendering 12 / 12 samples
Saved: '/tmp/astra-world-v2-analytical/transit_accessibility/frame_0165.png'
Time: 00:02.45 (Saving: 00:00.06)

ANALYTICAL_FRAME transit_accessibility 165 2.477s
Fra:166 Mem:105.03M (Peak 107.18M) | Time:00:00.44 | Rendering 1 / 12 samples
Fra:166 Mem:105.03M (Peak 107.18M) | Time:00:02.43 | Rendering 12 / 12 samples
Saved: '/tmp/astra-world-v2-analytical/transit_accessibility/frame_0166.png'
Time: 00:02.53 (Saving: 00:00.06)

ANALYTICAL_FRAME transit_accessibility 166 2.552s
Fra:167 Mem:105.03M (Peak 107.18M) | Time:00:00.42 | Rendering 1 / 12 samples
Fra:167 Mem:105.03M (Peak 107.18M) | Time:00:02.30 | Rendering 12 / 12 samples
Saved: '/tmp/astra-world-v2-analytical/transit_accessibility/frame_0167.png'
Time: 00:02.39 (Saving: 00:00.06)

ANALYTICAL_FRAME transit_accessibility 167 2.418s
Fra:168 Mem:105.03M (Peak 107.18M) | Time:00:00.42 | Rendering 1 / 12 samples
Fra:168 Mem:105.03M (Peak 107.18M) | Time:00:02.29 | Rendering 12 / 12 samples
Saved: '/tmp/astra-world-v2-analytical/transit_accessibility/frame_0168.png'
Time: 00:02.38 (Saving: 00:00.06)

ANALYTICAL_FRAME transit_accessibility 168 2.414s
Fra:169 Mem:105.03M (Peak 107.18M) | Time:00:00.43 | Rendering 1 / 12 samples
Fra:169 Mem:105.03M (Peak 107.18M) | Time:00:02.26 | Rendering 12 / 12 samples
Saved: '/tmp/astra-world-v2-analytical/transit_accessibility/frame_0169.png'
Time: 00:02.36 (Saving: 00:00.06)

ANALYTICAL_FRAME transit_accessibility 169 2.387s
Fra:170 Mem:105.03M (Peak 107.18M) | Time:00:00.41 | Rendering 1 / 12 samples
Fra:170 Mem:105.03M (Peak 107.18M) | Time:00:02.27 | Rendering 12 / 12 samples
Saved: '/tmp/astra-world-v2-analytical/transit_accessibility/frame_0170.png'
Time: 00:02.38 (Saving: 00:00.06)

ANALYTICAL_FRAME transit_accessibility 170 2.407s
Fra:171 Mem:105.03M (Peak 107.18M) | Time:00:00.41 | Rendering 1 / 12 samples
Fra:171 Mem:105.03M (Peak 107.18M) | Time:00:02.23 | Rendering 12 / 12 samples
Saved: '/tmp/astra-world-v2-analytical/transit_accessibility/frame_0171.png'
Time: 00:02.34 (Saving: 00:00.06)

ANALYTICAL_FRAME transit_accessibility 171 2.359s
Fra:172 Mem:105.03M (Peak 107.18M) | Time:00:00.44 | Rendering 1 / 12 samples
Fra:172 Mem:105.03M (Peak 107.18M) | Time:00:02.31 | Rendering 12 / 12 samples
Saved: '/tmp/astra-world-v2-analytical/transit_accessibility/frame_0172.png'
Time: 00:02.41 (Saving: 00:00.06)

ANALYTICAL_FRAME transit_accessibility 172 2.438s
Fra:173 Mem:105.03M (Peak 107.18M) | Time:00:00.40 | Rendering 1 / 12 samples
Fra:173 Mem:105.03M (Peak 107.18M) | Time:00:02.24 | Rendering 12 / 12 samples
Saved: '/tmp/astra-world-v2-analytical/transit_accessibility/frame_0173.png'
Time: 00:02.35 (Saving: 00:00.06)

ANALYTICAL_FRAME transit_accessibility 173 2.369s
Fra:174 Mem:105.03M (Peak 107.18M) | Time:00:00.42 | Rendering 1 / 12 samples
Fra:174 Mem:105.03M (Peak 107.18M) | Time:00:02.29 | Rendering 12 / 12 samples
Saved: '/tmp/astra-world-v2-analytical/transit_accessibility/frame_0174.png'
Time: 00:02.39 (Saving: 00:00.06)

ANALYTICAL_FRAME transit_accessibility 174 2.419s
Fra:175 Mem:105.03M (Peak 107.18M) | Time:00:00.41 | Rendering 1 / 12 samples
Fra:175 Mem:105.03M (Peak 107.18M) | Time:00:02.24 | Rendering 12 / 12 samples
Saved: '/tmp/astra-world-v2-analytical/transit_accessibility/frame_0175.png'
Time: 00:02.34 (Saving: 00:00.06)

ANALYTICAL_FRAME transit_accessibility 175 2.362s
Fra:176 Mem:105.03M (Peak 107.18M) | Time:00:00.42 | Rendering 1 / 12 samples
Fra:176 Mem:105.03M (Peak 107.18M) | Time:00:02.27 | Rendering 12 / 12 samples
Saved: '/tmp/astra-world-v2-analytical/transit_accessibility/frame_0176.png'
Time: 00:02.37 (Saving: 00:00.06)

ANALYTICAL_FRAME transit_accessibility 176 2.397s
Fra:177 Mem:105.03M (Peak 107.18M) | Time:00:00.41 | Rendering 1 / 12 samples
Fra:177 Mem:105.03M (Peak 107.18M) | Time:00:02.24 | Rendering 12 / 12 samples
Saved: '/tmp/astra-world-v2-analytical/transit_accessibility/frame_0177.png'
Time: 00:02.39 (Saving: 00:00.11)

ANALYTICAL_FRAME transit_accessibility 177 2.414s
Fra:178 Mem:105.03M (Peak 107.18M) | Time:00:00.39 | Rendering 1 / 12 samples
Fra:178 Mem:105.03M (Peak 107.18M) | Time:00:02.25 | Rendering 12 / 12 samples
Saved: '/tmp/astra-world-v2-analytical/transit_accessibility/frame_0178.png'
Time: 00:02.35 (Saving: 00:00.06)

ANALYTICAL_FRAME transit_accessibility 178 2.375s
Fra:179 Mem:105.03M (Peak 107.18M) | Time:00:00.41 | Rendering 1 / 12 samples
Fra:179 Mem:105.03M (Peak 107.18M) | Time:00:02.26 | Rendering 12 / 12 samples
Saved: '/tmp/astra-world-v2-analytical/transit_accessibility/frame_0179.png'
Time: 00:02.35 (Saving: 00:00.05)

ANALYTICAL_FRAME transit_accessibility 179 2.372s
Fra:180 Mem:105.03M (Peak 107.18M) | Time:00:00.42 | Rendering 1 / 12 samples
Fra:180 Mem:105.03M (Peak 107.18M) | Time:00:02.27 | Rendering 12 / 12 samples
Saved: '/tmp/astra-world-v2-analytical/transit_accessibility/frame_0180.png'
Time: 00:02.37 (Saving: 00:00.07)

ANALYTICAL_FRAME transit_accessibility 180 2.394s
Fra:181 Mem:105.03M (Peak 107.18M) | Time:00:00.41 | Rendering 1 / 12 samples
Fra:181 Mem:105.03M (Peak 107.18M) | Time:00:02.26 | Rendering 12 / 12 samples
Saved: '/tmp/astra-world-v2-analytical/transit_accessibility/frame_0181.png'
Time: 00:02.37 (Saving: 00:00.06)

ANALYTICAL_FRAME transit_accessibility 181 2.392s
Fra:182 Mem:105.03M (Peak 107.18M) | Time:00:00.39 | Rendering 1 / 12 samples
Fra:182 Mem:105.03M (Peak 107.18M) | Time:00:02.30 | Rendering 12 / 12 samples
Saved: '/tmp/astra-world-v2-analytical/transit_accessibility/frame_0182.png'
Time: 00:02.39 (Saving: 00:00.05)

ANALYTICAL_FRAME transit_accessibility 182 2.421s
Fra:183 Mem:105.03M (Peak 107.18M) | Time:00:00.42 | Rendering 1 / 12 samples
Fra:183 Mem:105.03M (Peak 107.18M) | Time:00:02.31 | Rendering 12 / 12 samples
Saved: '/tmp/astra-world-v2-analytical/transit_accessibility/frame_0183.png'
Time: 00:02.42 (Saving: 00:00.05)

ANALYTICAL_FRAME transit_accessibility 183 2.451s
Fra:184 Mem:105.03M (Peak 107.18M) | Time:00:00.44 | Rendering 1 / 12 samples
Fra:184 Mem:105.03M (Peak 107.18M) | Time:00:02.52 | Rendering 12 / 12 samples
Saved: '/tmp/astra-world-v2-analytical/transit_accessibility/frame_0184.png'
Time: 00:02.63 (Saving: 00:00.06)

ANALYTICAL_FRAME transit_accessibility 184 2.666s
Fra:185 Mem:105.03M (Peak 107.18M) | Time:00:00.53 | Rendering 1 / 12 samples
Fra:185 Mem:105.03M (Peak 107.18M) | Time:00:02.57 | Rendering 12 / 12 samples
Saved: '/tmp/astra-world-v2-analytical/transit_accessibility/frame_0185.png'
Time: 00:02.71 (Saving: 00:00.06)

ANALYTICAL_FRAME transit_accessibility 185 2.739s
Fra:186 Mem:105.03M (Peak 107.18M) | Time:00:00.49 | Rendering 1 / 12 samples
Fra:186 Mem:105.03M (Peak 107.18M) | Time:00:02.49 | Rendering 12 / 12 samples
Saved: '/tmp/astra-world-v2-analytical/transit_accessibility/frame_0186.png'
Time: 00:02.59 (Saving: 00:00.07)

ANALYTICAL_FRAME transit_accessibility 186 2.623s
Fra:187 Mem:105.03M (Peak 107.18M) | Time:00:00.46 | Rendering 1 / 12 samples
Fra:187 Mem:105.03M (Peak 107.18M) | Time:00:02.60 | Rendering 12 / 12 samples
Saved: '/tmp/astra-world-v2-analytical/transit_accessibility/frame_0187.png'
Time: 00:02.69 (Saving: 00:00.05)

ANALYTICAL_FRAME transit_accessibility 187 2.714s
Fra:188 Mem:105.03M (Peak 107.18M) | Time:00:00.44 | Rendering 1 / 12 samples
Fra:188 Mem:105.03M (Peak 107.18M) | Time:00:02.49 | Rendering 12 / 12 samples
Saved: '/tmp/astra-world-v2-analytical/transit_accessibility/frame_0188.png'
Time: 00:02.59 (Saving: 00:00.06)

ANALYTICAL_FRAME transit_accessibility 188 2.622s
Fra:189 Mem:105.03M (Peak 107.18M) | Time:00:00.45 | Rendering 1 / 12 samples
Fra:189 Mem:105.03M (Peak 107.18M) | Time:00:02.44 | Rendering 12 / 12 samples
Saved: '/tmp/astra-world-v2-analytical/transit_accessibility/frame_0189.png'
Time: 00:02.53 (Saving: 00:00.05)

ANALYTICAL_FRAME transit_accessibility 189 2.562s
Fra:190 Mem:105.03M (Peak 107.18M) | Time:00:00.40 | Rendering 1 / 12 samples
Fra:190 Mem:105.03M (Peak 107.18M) | Time:00:02.35 | Rendering 12 / 12 samples
Saved: '/tmp/astra-world-v2-analytical/transit_accessibility/frame_0190.png'
Time: 00:02.47 (Saving: 00:00.06)

ANALYTICAL_FRAME transit_accessibility 190 2.504s
Fra:191 Mem:105.03M (Peak 107.18M) | Time:00:00.41 | Rendering 1 / 12 samples
Fra:191 Mem:105.03M (Peak 107.18M) | Time:00:02.47 | Rendering 12 / 12 samples
Saved: '/tmp/astra-world-v2-analytical/transit_accessibility/frame_0191.png'
Time: 00:02.58 (Saving: 00:00.06)

ANALYTICAL_FRAME transit_accessibility 191 2.607s
Fra:192 Mem:105.03M (Peak 107.18M) | Time:00:00.46 | Rendering 1 / 12 samples
Fra:192 Mem:105.03M (Peak 107.18M) | Time:00:02.53 | Rendering 12 / 12 samples
Saved: '/tmp/astra-world-v2-analytical/transit_accessibility/frame_0192.png'
Time: 00:02.62 (Saving: 00:00.05)

ANALYTICAL_FRAME transit_accessibility 192 2.648s
Fra:193 Mem:105.03M (Peak 107.18M) | Time:00:00.41 | Rendering 1 / 12 samples
Fra:193 Mem:105.03M (Peak 107.18M) | Time:00:02.24 | Rendering 12 / 12 samples
Saved: '/tmp/astra-world-v2-analytical/transit_accessibility/frame_0193.png'
Time: 00:02.33 (Saving: 00:00.05)

ANALYTICAL_FRAME transit_accessibility 193 2.361s
Fra:194 Mem:105.03M (Peak 107.18M) | Time:00:00.39 | Rendering 1 / 12 samples
Fra:194 Mem:105.03M (Peak 107.18M) | Time:00:02.25 | Rendering 12 / 12 samples
Saved: '/tmp/astra-world-v2-analytical/transit_accessibility/frame_0194.png'
Time: 00:02.34 (Saving: 00:00.05)

ANALYTICAL_FRAME transit_accessibility 194 2.368s
Fra:195 Mem:105.03M (Peak 107.18M) | Time:00:00.40 | Rendering 1 / 12 samples
Fra:195 Mem:105.03M (Peak 107.18M) | Time:00:02.25 | Rendering 12 / 12 samples
Saved: '/tmp/astra-world-v2-analytical/transit_accessibility/frame_0195.png'
Time: 00:02.34 (Saving: 00:00.05)

ANALYTICAL_FRAME transit_accessibility 195 2.367s
Fra:196 Mem:105.03M (Peak 107.18M) | Time:00:00.40 | Rendering 1 / 12 samples
Fra:196 Mem:105.03M (Peak 107.18M) | Time:00:02.26 | Rendering 12 / 12 samples
Saved: '/tmp/astra-world-v2-analytical/transit_accessibility/frame_0196.png'
Time: 00:02.36 (Saving: 00:00.06)

ANALYTICAL_FRAME transit_accessibility 196 2.389s
Fra:197 Mem:105.03M (Peak 107.18M) | Time:00:00.41 | Rendering 1 / 12 samples
Fra:197 Mem:105.03M (Peak 107.18M) | Time:00:02.25 | Rendering 12 / 12 samples
Saved: '/tmp/astra-world-v2-analytical/transit_accessibility/frame_0197.png'
Time: 00:02.33 (Saving: 00:00.05)

ANALYTICAL_FRAME transit_accessibility 197 2.355s
Fra:198 Mem:105.03M (Peak 107.18M) | Time:00:00.40 | Rendering 1 / 12 samples
Fra:198 Mem:105.03M (Peak 107.18M) | Time:00:02.29 | Rendering 12 / 12 samples
Saved: '/tmp/astra-world-v2-analytical/transit_accessibility/frame_0198.png'
Time: 00:02.40 (Saving: 00:00.06)

ANALYTICAL_FRAME transit_accessibility 198 2.435s
Fra:199 Mem:105.03M (Peak 107.18M) | Time:00:00.42 | Rendering 1 / 12 samples
Fra:199 Mem:105.03M (Peak 107.18M) | Time:00:02.26 | Rendering 12 / 12 samples
Saved: '/tmp/astra-world-v2-analytical/transit_accessibility/frame_0199.png'
Time: 00:02.35 (Saving: 00:00.05)

ANALYTICAL_FRAME transit_accessibility 199 2.380s
Fra:200 Mem:105.03M (Peak 107.18M) | Time:00:00.41 | Rendering 1 / 12 samples
Fra:200 Mem:105.03M (Peak 107.18M) | Time:00:02.27 | Rendering 12 / 12 samples
Saved: '/tmp/astra-world-v2-analytical/transit_accessibility/frame_0200.png'
Time: 00:02.36 (Saving: 00:00.05)

ANALYTICAL_FRAME transit_accessibility 200 2.395s
Fra:201 Mem:105.03M (Peak 107.18M) | Time:00:00.41 | Rendering 1 / 12 samples
Fra:201 Mem:105.03M (Peak 107.18M) | Time:00:02.25 | Rendering 12 / 12 samples
Saved: '/tmp/astra-world-v2-analytical/transit_accessibility/frame_0201.png'
Time: 00:02.35 (Saving: 00:00.05)

ANALYTICAL_FRAME transit_accessibility 201 2.374s
Fra:202 Mem:105.03M (Peak 107.18M) | Time:00:00.40 | Rendering 1 / 12 samples
Fra:202 Mem:105.03M (Peak 107.18M) | Time:00:02.23 | Rendering 12 / 12 samples
Saved: '/tmp/astra-world-v2-analytical/transit_accessibility/frame_0202.png'
Time: 00:02.32 (Saving: 00:00.05)

ANALYTICAL_FRAME transit_accessibility 202 2.347s
Fra:203 Mem:105.03M (Peak 107.18M) | Time:00:00.43 | Rendering 1 / 12 samples
Fra:203 Mem:105.03M (Peak 107.18M) | Time:00:02.31 | Rendering 12 / 12 samples
Saved: '/tmp/astra-world-v2-analytical/transit_accessibility/frame_0203.png'
Time: 00:02.41 (Saving: 00:00.06)

ANALYTICAL_FRAME transit_accessibility 203 2.435s
Fra:204 Mem:105.03M (Peak 107.18M) | Time:00:00.42 | Rendering 1 / 12 samples
Fra:204 Mem:105.03M (Peak 107.18M) | Time:00:02.27 | Rendering 12 / 12 samples
Saved: '/tmp/astra-world-v2-analytical/transit_accessibility/frame_0204.png'
Time: 00:02.36 (Saving: 00:00.05)

ANALYTICAL_FRAME transit_accessibility 204 2.383s
Fra:205 Mem:105.03M (Peak 107.18M) | Time:00:00.41 | Rendering 1 / 12 samples
Fra:205 Mem:105.03M (Peak 107.18M) | Time:00:02.25 | Rendering 12 / 12 samples
Saved: '/tmp/astra-world-v2-analytical/transit_accessibility/frame_0205.png'
Time: 00:02.34 (Saving: 00:00.05)

ANALYTICAL_FRAME transit_accessibility 205 2.364s
Fra:206 Mem:105.03M (Peak 107.18M) | Time:00:00.40 | Rendering 1 / 12 samples
Fra:206 Mem:105.03M (Peak 107.18M) | Time:00:02.26 | Rendering 12 / 12 samples
Saved: '/tmp/astra-world-v2-analytical/transit_accessibility/frame_0206.png'
Time: 00:02.35 (Saving: 00:00.05)

ANALYTICAL_FRAME transit_accessibility 206 2.376s
Fra:207 Mem:105.03M (Peak 107.18M) | Time:00:00.42 | Rendering 1 / 12 samples
Fra:207 Mem:105.03M (Peak 107.18M) | Time:00:02.28 | Rendering 12 / 12 samples
Saved: '/tmp/astra-world-v2-analytical/transit_accessibility/frame_0207.png'
Time: 00:02.37 (Saving: 00:00.05)

ANALYTICAL_FRAME transit_accessibility 207 2.398s
Fra:208 Mem:105.03M (Peak 107.18M) | Time:00:00.40 | Rendering 1 / 12 samples
Fra:208 Mem:105.03M (Peak 107.18M) | Time:00:02.25 | Rendering 12 / 12 samples
Saved: '/tmp/astra-world-v2-analytical/transit_accessibility/frame_0208.png'
Time: 00:02.36 (Saving: 00:00.05)

ANALYTICAL_FRAME transit_accessibility 208 2.379s
Fra:209 Mem:105.03M (Peak 107.18M) | Time:00:00.44 | Rendering 1 / 12 samples
Fra:209 Mem:105.03M (Peak 107.18M) | Time:00:02.55 | Rendering 12 / 12 samples
Saved: '/tmp/astra-world-v2-analytical/transit_accessibility/frame_0209.png'
Time: 00:02.67 (Saving: 00:00.06)

ANALYTICAL_FRAME transit_accessibility 209 2.698s
Fra:210 Mem:105.03M (Peak 107.18M) | Time:00:00.45 | Rendering 1 / 12 samples
Fra:210 Mem:105.03M (Peak 107.18M) | Time:00:02.29 | Rendering 12 / 12 samples
Saved: '/tmp/astra-world-v2-analytical/transit_accessibility/frame_0210.png'
Time: 00:02.39 (Saving: 00:00.06)

ANALYTICAL_FRAME transit_accessibility 210 2.424s
Fra:211 Mem:105.03M (Peak 107.18M) | Time:00:00.43 | Rendering 1 / 12 samples
Fra:211 Mem:105.03M (Peak 107.18M) | Time:00:02.48 | Rendering 12 / 12 samples
Saved: '/tmp/astra-world-v2-analytical/transit_accessibility/frame_0211.png'
Time: 00:02.59 (Saving: 00:00.05)

ANALYTICAL_FRAME transit_accessibility 211 2.621s
Fra:212 Mem:105.03M (Peak 107.18M) | Time:00:00.55 | Rendering 1 / 12 samples
Fra:212 Mem:105.03M (Peak 107.18M) | Time:00:02.65 | Rendering 12 / 12 samples
Saved: '/tmp/astra-world-v2-analytical/transit_accessibility/frame_0212.png'
Time: 00:02.76 (Saving: 00:00.06)

ANALYTICAL_FRAME transit_accessibility 212 2.791s
Fra:213 Mem:105.03M (Peak 107.18M) | Time:00:00.55 | Rendering 1 / 12 samples
Fra:213 Mem:105.03M (Peak 107.18M) | Time:00:02.49 | Rendering 12 / 12 samples
Saved: '/tmp/astra-world-v2-analytical/transit_accessibility/frame_0213.png'
Time: 00:02.59 (Saving: 00:00.05)

ANALYTICAL_FRAME transit_accessibility 213 2.620s
Fra:214 Mem:105.03M (Peak 107.18M) | Time:00:00.45 | Rendering 1 / 12 samples
Fra:214 Mem:105.03M (Peak 107.18M) | Time:00:02.40 | Rendering 12 / 12 samples
Saved: '/tmp/astra-world-v2-analytical/transit_accessibility/frame_0214.png'
Time: 00:02.49 (Saving: 00:00.05)

ANALYTICAL_FRAME transit_accessibility 214 2.520s
Fra:215 Mem:105.03M (Peak 107.18M) | Time:00:00.48 | Rendering 1 / 12 samples
Fra:215 Mem:105.03M (Peak 107.18M) | Time:00:02.42 | Rendering 12 / 12 samples
Saved: '/tmp/astra-world-v2-analytical/transit_accessibility/frame_0215.png'
Time: 00:02.53 (Saving: 00:00.07)

ANALYTICAL_FRAME transit_accessibility 215 2.559s
Fra:216 Mem:105.03M (Peak 107.18M) | Time:00:00.40 | Rendering 1 / 12 samples
Fra:216 Mem:105.03M (Peak 107.18M) | Time:00:02.25 | Rendering 12 / 12 samples
Saved: '/tmp/astra-world-v2-analytical/transit_accessibility/frame_0216.png'
Time: 00:02.37 (Saving: 00:00.06)

ANALYTICAL_FRAME transit_accessibility 216 2.403s
Fra:217 Mem:105.03M (Peak 107.18M) | Time:00:00.42 | Rendering 1 / 12 samples
Fra:217 Mem:105.03M (Peak 107.18M) | Time:00:02.49 | Rendering 12 / 12 samples
Saved: '/tmp/astra-world-v2-analytical/transit_accessibility/frame_0217.png'
Time: 00:02.62 (Saving: 00:00.07)

ANALYTICAL_FRAME transit_accessibility 217 2.658s
Fra:218 Mem:105.03M (Peak 107.18M) | Time:00:00.48 | Rendering 1 / 12 samples
Fra:218 Mem:105.03M (Peak 107.18M) | Time:00:02.36 | Rendering 12 / 12 samples
Saved: '/tmp/astra-world-v2-analytical/transit_accessibility/frame_0218.png'
Time: 00:02.46 (Saving: 00:00.06)

ANALYTICAL_FRAME transit_accessibility 218 2.500s
Fra:219 Mem:105.03M (Peak 107.18M) | Time:00:00.42 | Rendering 1 / 12 samples
Fra:219 Mem:105.03M (Peak 107.18M) | Time:00:02.27 | Rendering 12 / 12 samples
Saved: '/tmp/astra-world-v2-analytical/transit_accessibility/frame_0219.png'
Time: 00:02.38 (Saving: 00:00.06)

ANALYTICAL_FRAME transit_accessibility 219 2.411s
Fra:220 Mem:105.03M (Peak 107.18M) | Time:00:00.43 | Rendering 1 / 12 samples
Fra:220 Mem:105.03M (Peak 107.18M) | Time:00:02.27 | Rendering 12 / 12 samples
Saved: '/tmp/astra-world-v2-analytical/transit_accessibility/frame_0220.png'
Time: 00:02.37 (Saving: 00:00.05)

ANALYTICAL_FRAME transit_accessibility 220 2.390s
Fra:221 Mem:105.03M (Peak 107.18M) | Time:00:00.42 | Rendering 1 / 12 samples
Fra:221 Mem:105.03M (Peak 107.18M) | Time:00:02.31 | Rendering 12 / 12 samples
Saved: '/tmp/astra-world-v2-analytical/transit_accessibility/frame_0221.png'
Time: 00:02.41 (Saving: 00:00.05)

ANALYTICAL_FRAME transit_accessibility 221 2.435s
Fra:222 Mem:105.03M (Peak 107.18M) | Time:00:00.47 | Rendering 1 / 12 samples
Fra:222 Mem:105.03M (Peak 107.18M) | Time:00:02.41 | Rendering 12 / 12 samples
Saved: '/tmp/astra-world-v2-analytical/transit_accessibility/frame_0222.png'
Time: 00:02.52 (Saving: 00:00.05)

ANALYTICAL_FRAME transit_accessibility 222 2.544s
Fra:223 Mem:105.03M (Peak 107.18M) | Time:00:00.41 | Rendering 1 / 12 samples
Fra:223 Mem:105.03M (Peak 107.18M) | Time:00:02.34 | Rendering 12 / 12 samples
Saved: '/tmp/astra-world-v2-analytical/transit_accessibility/frame_0223.png'
Time: 00:02.44 (Saving: 00:00.05)

ANALYTICAL_FRAME transit_accessibility 223 2.467s
Fra:224 Mem:105.03M (Peak 107.18M) | Time:00:00.41 | Rendering 1 / 12 samples
Fra:224 Mem:105.03M (Peak 107.18M) | Time:00:02.23 | Rendering 12 / 12 samples
Saved: '/tmp/astra-world-v2-analytical/transit_accessibility/frame_0224.png'
Time: 00:02.33 (Saving: 00:00.05)

ANALYTICAL_FRAME transit_accessibility 224 2.350s
FRAME_VALIDATION_PASS: 224 decoded, nonblank 960x540 frames
ANIMATIONS_SUCCESS

Blender quit
